x-axis,1,2,3
second,Volt,Volt,Volt
-6.50000E-03,,,
-6.47500E-03,+22.80905E-03,+3.21608043E+00,-420.52771E-03
-6.45000E-03,+24.16583E-03,+3.20979902E+00,-470.77897E-03
-6.42500E-03,+24.36683E-03,+3.01507540E+00,-276.05535E-03
-6.40000E-03,+25.37186E-03,+3.21608043E+00,-276.05535E-03
-6.37500E-03,+26.60302E-03,+3.21608043E+00,-276.05535E-03
-6.35000E-03,+28.21106E-03,+3.21608043E+00,-276.05535E-03
-6.32500E-03,+30.62312E-03,+3.05904525E+00,-320.02520E-03
-6.30000E-03,+33.83920E-03,+3.10929651E+00,-276.05535E-03
-6.27500E-03,+37.63317E-03,+3.15954776E+00,-276.05535E-03
-6.25000E-03,+41.85427E-03,+3.01507540E+00,-276.05535E-03
-6.22500E-03,+45.89950E-03,+3.21608043E+00,-433.09053E-03
-6.20000E-03,+50.72362E-03,+3.01507540E+00,-276.05535E-03
-6.17500E-03,+53.93970E-03,+3.15954776E+00,-276.05535E-03
-6.15000E-03,+54.74372E-03,+3.01507540E+00,-276.05535E-03
-6.12500E-03,+53.76382E-03,+3.17211058E+00,-433.09053E-03
-6.10000E-03,+49.91960E-03,+3.10929651E+00,-276.05535E-03
-6.07500E-03,+44.29146E-03,+3.01507540E+00,-276.05535E-03
-6.05000E-03,+37.85930E-03,+3.01507540E+00,-282.33676E-03
-6.02500E-03,+32.23116E-03,+3.01507540E+00,-276.05535E-03
-6.00000E-03,+26.60302E-03,+3.01507540E+00,-382.83927E-03
-5.97500E-03,+21.77889E-03,+3.01507540E+00,-420.52771E-03
-5.95000E-03,+18.53769E-03,+3.01507540E+00,-276.05535E-03
-5.92500E-03,+15.34673E-03,+2.97110555E+00,-276.05535E-03
-5.90000E-03,+12.13065E-03,+2.90829148E+00,-276.05535E-03
-5.87500E-03,+10.74874E-03,+3.01507540E+00,-276.05535E-03
-5.85000E-03,+8.91457E-03,+2.82035178E+00,-282.33676E-03
-5.82500E-03,+7.48241E-03,+3.01507540E+00,-276.05535E-03
-5.80000E-03,+6.50251E-03,+3.01507540E+00,-276.05535E-03
-5.77500E-03,+5.69849E-03,+2.87060304E+00,-420.52771E-03
-5.75000E-03,+4.11558E-03,+3.01507540E+00,-470.77897E-03
-5.72500E-03,+4.09045E-03,+2.85804022E+00,-276.05535E-03
-5.70000E-03,+3.28643E-03,+2.92085429E+00,-276.05535E-03
-5.67500E-03,+3.28643E-03,+3.01507540E+00,-276.05535E-03
-5.65000E-03,+3.28643E-03,+3.00879399E+00,-276.05535E-03
-5.62500E-03,+2.48241E-03,+3.01507540E+00,-276.05535E-03
-5.60000E-03,+1.67839E-03,+2.90829148E+00,-477.06038E-03
-5.57500E-03,+2.25628E-03,+2.95854274E+00,-276.05535E-03
-5.55000E-03,+1.67839E-03,+2.81407037E+00,-470.77897E-03
-5.52500E-03,+1.67839E-03,+2.97110555E+00,-433.09053E-03
-5.50000E-03,+1.67839E-03,+2.81407037E+00,-276.05535E-03
-5.47500E-03,+1.67839E-03,+3.01507540E+00,-276.05535E-03
-5.45000E-03,+1.67839E-03,+3.00879399E+00,-276.05535E-03
-5.42500E-03,+1.67839E-03,+2.81407037E+00,-276.05535E-03
-5.40000E-03,+874.37E-06,+2.81407037E+00,-276.05535E-03
-5.37500E-03,+1.67839E-03,+2.66959801E+00,-477.06038E-03
-5.35000E-03,+1.65327E-03,+2.80778897E+00,-276.05535E-03
-5.32500E-03,+1.67839E-03,+2.81407037E+00,-276.05535E-03
-5.30000E-03,+1.67839E-03,+2.81407037E+00,-370.27646E-03
-5.27500E-03,+1.67839E-03,+2.81407037E+00,-276.05535E-03
-5.25000E-03,+1.70352E-03,+2.61306535E+00,-282.33676E-03
-5.22500E-03,+2.48241E-03,+2.81407037E+00,-477.06038E-03
-5.20000E-03,+2.48241E-03,+2.71984927E+00,-276.05535E-03
-5.17500E-03,+2.70854E-03,+2.81407037E+00,-332.58801E-03
-5.15000E-03,+3.28643E-03,+2.81407037E+00,-470.77897E-03
-5.12500E-03,+4.09045E-03,+2.65703520E+00,-433.09053E-03
-5.10000E-03,+4.09045E-03,+2.81407037E+00,-276.05535E-03
-5.07500E-03,+4.31658E-03,+2.75753771E+00,-420.52771E-03
-5.05000E-03,+5.69849E-03,+2.81407037E+00,-276.05535E-03
-5.02500E-03,+5.69849E-03,+2.81407037E+00,-433.09053E-03
-5.00000E-03,+6.07538E-03,+2.71984927E+00,-276.05535E-03
-4.97500E-03,+6.27638E-03,+2.66959801E+00,-276.05535E-03
-4.95000E-03,+6.50251E-03,+2.80778897E+00,-470.77897E-03
-4.92500E-03,+7.13065E-03,+2.77010052E+00,-276.05535E-03
-4.90000E-03,+6.92965E-03,+2.61306535E+00,-370.27646E-03
-4.87500E-03,+7.30653E-03,+2.61306535E+00,-276.05535E-03
-4.85000E-03,+8.13568E-03,+2.61306535E+00,-276.05535E-03
-4.82500E-03,+9.54271E-03,+2.81407037E+00,-276.05535E-03
-4.80000E-03,+11.32663E-03,+2.70728645E+00,-276.05535E-03
-4.77500E-03,+13.16080E-03,+2.61306535E+00,-276.05535E-03
-4.75000E-03,+15.32161E-03,+2.61934675E+00,-276.05535E-03
-4.72500E-03,+14.71859E-03,+2.61306535E+00,-276.05535E-03
-4.70000E-03,+14.91960E-03,+2.61306535E+00,-382.83927E-03
-4.67500E-03,+15.34673E-03,+2.61306535E+00,-332.58801E-03
-4.65000E-03,+16.95477E-03,+2.61306535E+00,-276.05535E-03
-4.62500E-03,+17.75879E-03,+2.61306535E+00,-276.05535E-03
-4.60000E-03,+16.95477E-03,+2.61306535E+00,-382.83927E-03
-4.57500E-03,+14.54271E-03,+2.61306535E+00,-276.05535E-03
-4.55000E-03,+11.32663E-03,+2.61306535E+00,-276.05535E-03
-4.52500E-03,+7.93467E-03,+2.61306535E+00,-276.05535E-03
-4.50000E-03,+6.12563E-03,+2.61306535E+00,-276.05535E-03
-4.47500E-03,+4.89447E-03,+2.61306535E+00,-332.58801E-03
-4.45000E-03,+3.28643E-03,+2.61306535E+00,-477.06038E-03
-4.42500E-03,+2.48241E-03,+2.56909550E+00,-320.02520E-03
-4.40000E-03,+2.48241E-03,+2.61306535E+00,-276.05535E-03
-4.37500E-03,+2.25628E-03,+2.46859298E+00,-276.05535E-03
-4.35000E-03,+1.67839E-03,+2.60678394E+00,-282.33676E-03
-4.32500E-03,+2.30653E-03,+2.45603017E+00,-276.05535E-03
-4.30000E-03,+874.37E-06,+2.61306535E+00,-276.05535E-03
-4.27500E-03,+1.45226E-03,+2.55653268E+00,-332.58801E-03
-4.25000E-03,+1.65327E-03,+2.60678394E+00,-477.06038E-03
-4.22500E-03,+874.37E-06,+2.41206032E+00,-276.05535E-03
-4.20000E-03,+874.37E-06,+2.50628143E+00,-382.83927E-03
-4.17500E-03,+874.37E-06,+2.46859298E+00,-477.06038E-03
-4.15000E-03,+874.37E-06,+2.41206032E+00,-276.05535E-03
-4.12500E-03,+874.37E-06,+2.41206032E+00,-276.05535E-03
-4.10000E-03,+1.30151E-03,+2.41206032E+00,-276.05535E-03
-4.07500E-03,+1.45226E-03,+2.41206032E+00,-477.06038E-03
-4.05000E-03,+874.37E-06,+2.41206032E+00,-276.05535E-03
-4.02500E-03,+1.05025E-03,+2.41206032E+00,-276.05535E-03
-4.00000E-03,+1.25126E-03,+2.41206032E+00,-276.05535E-03
-3.97500E-03,+1.45226E-03,+2.41206032E+00,-276.05535E-03
-3.95000E-03,+1.65327E-03,+2.41206032E+00,-276.05535E-03
-3.92500E-03,+1.67839E-03,+2.41206032E+00,-433.09053E-03
-3.90000E-03,+1.67839E-03,+2.41206032E+00,-276.05535E-03
-3.87500E-03,+1.90452E-03,+2.41206032E+00,-332.58801E-03
-3.85000E-03,+2.45729E-03,+2.21733670E+00,-470.77897E-03
-3.82500E-03,+2.30653E-03,+2.41206032E+00,-320.02520E-03
-3.80000E-03,+2.48241E-03,+2.41206032E+00,-370.27646E-03
-3.77500E-03,+3.06030E-03,+2.41206032E+00,-276.05535E-03
-3.75000E-03,+3.28643E-03,+2.21105529E+00,-276.05535E-03
-3.72500E-03,+3.46231E-03,+2.36809047E+00,-276.05535E-03
-3.70000E-03,+3.28643E-03,+2.21105529E+00,-276.05535E-03
-3.67500E-03,+3.86432E-03,+2.41206032E+00,-276.05535E-03
-3.65000E-03,+4.09045E-03,+2.41206032E+00,-470.77897E-03
-3.62500E-03,+4.09045E-03,+2.25502514E+00,-276.05535E-03
-3.60000E-03,+4.89447E-03,+2.31783921E+00,-276.05535E-03
-3.57500E-03,+4.89447E-03,+2.26758796E+00,-276.05535E-03
-3.55000E-03,+4.89447E-03,+2.21733670E+00,-282.33676E-03
-3.52500E-03,+5.52261E-03,+2.36809047E+00,-276.05535E-03
-3.50000E-03,+4.89447E-03,+2.31783921E+00,-276.05535E-03
-3.47500E-03,+5.69849E-03,+2.26758796E+00,-276.05535E-03
-3.45000E-03,+6.47739E-03,+2.21733670E+00,-276.05535E-03
-3.42500E-03,+6.50251E-03,+2.21105529E+00,-276.05535E-03
-3.40000E-03,+7.30653E-03,+2.30527640E+00,-276.05535E-03
-3.37500E-03,+7.30653E-03,+2.21105529E+00,-420.52771E-03
-3.35000E-03,+8.11055E-03,+2.21105529E+00,-470.77897E-03
-3.32500E-03,+8.73869E-03,+2.21105529E+00,-433.09053E-03
-3.30000E-03,+9.34171E-03,+2.21105529E+00,-276.05535E-03
-3.27500E-03,+9.71859E-03,+2.21105529E+00,-276.05535E-03
-3.25000E-03,+10.52261E-03,+2.21105529E+00,-470.77897E-03
-3.22500E-03,+10.52261E-03,+2.05402012E+00,-320.02520E-03
-3.20000E-03,+10.94975E-03,+2.21105529E+00,-276.05535E-03
-3.17500E-03,+11.10050E-03,+2.21105529E+00,-276.05535E-03
-3.15000E-03,+10.52261E-03,+2.21105529E+00,-276.05535E-03
-3.12500E-03,+10.52261E-03,+2.21105529E+00,-477.06038E-03
-3.10000E-03,+10.89950E-03,+2.21105529E+00,-276.05535E-03
-3.07500E-03,+10.52261E-03,+2.15452263E+00,-276.05535E-03
-3.05000E-03,+10.52261E-03,+2.21105529E+00,-470.77897E-03
-3.02500E-03,+10.69849E-03,+2.21105529E+00,-320.02520E-03
-3.00000E-03,+11.32663E-03,+2.21105529E+00,-276.05535E-03
-2.97500E-03,+11.90452E-03,+2.15452263E+00,-276.05535E-03
-2.95000E-03,+12.13065E-03,+2.01005027E+00,-477.06038E-03
-2.92500E-03,+12.30653E-03,+2.01005027E+00,-276.05535E-03
-2.90000E-03,+12.93467E-03,+2.11683419E+00,-276.05535E-03
-2.87500E-03,+13.51256E-03,+2.06658293E+00,-276.05535E-03
-2.85000E-03,+12.93467E-03,+2.20477389E+00,-477.06038E-03
-2.82500E-03,+12.13065E-03,+2.01005027E+00,-320.02520E-03
-2.80000E-03,+10.52261E-03,+2.01005027E+00,-276.05535E-03
-2.77500E-03,+8.91457E-03,+2.01005027E+00,-332.58801E-03
-2.75000E-03,+7.30653E-03,+2.01005027E+00,-276.05535E-03
-2.72500E-03,+6.32663E-03,+2.01005027E+00,-433.09053E-03
-2.70000E-03,+4.89447E-03,+2.11683419E+00,-276.05535E-03
-2.67500E-03,+4.09045E-03,+2.01005027E+00,-276.05535E-03
-2.65000E-03,+4.06533E-03,+2.01005027E+00,-276.05535E-03
-2.62500E-03,+2.48241E-03,+2.16708544E+00,-276.05535E-03
-2.60000E-03,+2.48241E-03,+2.01005027E+00,-276.05535E-03
-2.57500E-03,+2.25628E-03,+2.01005027E+00,-276.05535E-03
-2.55000E-03,+899.50E-06,+2.01005027E+00,-282.33676E-03
-2.52500E-03,+1.05025E-03,+2.01005027E+00,-320.02520E-03
-2.50000E-03,+497.49E-06,+2.01005027E+00,-276.05535E-03
-2.47500E-03,+296.48E-06,+2.01005027E+00,-477.06038E-03
-2.45000E-03,+874.37E-06,+2.01005027E+00,-276.05535E-03
-2.42500E-03,+698.49E-06,+2.01005027E+00,-276.05535E-03
-2.40000E-03,+447.24E-06,+2.01005027E+00,-276.05535E-03
-2.37500E-03,+648.24E-06,+2.01005027E+00,-332.58801E-03
-2.35000E-03,+70.35E-06,+2.01005027E+00,-282.33676E-03
-2.32500E-03,+70.35E-06,+1.96608042E+00,-276.05535E-03
-2.30000E-03,+70.35E-06,+1.91582916E+00,-276.05535E-03
-2.27500E-03,+70.35E-06,+2.01005027E+00,-332.58801E-03
-2.25000E-03,+70.35E-06,+1.81532665E+00,-470.77897E-03
-2.22500E-03,+70.35E-06,+1.96608042E+00,-320.02520E-03
-2.20000E-03,+70.35E-06,+2.01005027E+00,-276.05535E-03
-2.17500E-03,+70.35E-06,+1.80904524E+00,-420.52771E-03
-2.15000E-03,+70.35E-06,+2.01005027E+00,-276.05535E-03
-2.12500E-03,+70.35E-06,+1.80904524E+00,-276.05535E-03
-2.10000E-03,+70.35E-06,+1.91582916E+00,-370.27646E-03
-2.07500E-03,-507.54E-06,+1.80904524E+00,-276.05535E-03
-2.05000E-03,+95.48E-06,+1.80904524E+00,-470.77897E-03
-2.02500E-03,+70.35E-06,+1.85301509E+00,-276.05535E-03
-2.00000E-03,+70.35E-06,+1.90326635E+00,-276.05535E-03
-1.97500E-03,+296.48E-06,+1.95351760E+00,-276.05535E-03
-1.95000E-03,+95.48E-06,+1.80904524E+00,-276.05535E-03
-1.92500E-03,+70.35E-06,+1.80904524E+00,-276.05535E-03
-1.90000E-03,+874.37E-06,+1.80904524E+00,-276.05535E-03
-1.87500E-03,+874.37E-06,+1.80904524E+00,-276.05535E-03
-1.85000E-03,+874.37E-06,+1.80904524E+00,-276.05535E-03
-1.82500E-03,+874.37E-06,+1.80904524E+00,-276.05535E-03
-1.80000E-03,+874.37E-06,+1.80904524E+00,-276.05535E-03
-1.77500E-03,+1.45226E-03,+1.80904524E+00,-276.05535E-03
-1.75000E-03,+1.67839E-03,+1.80904524E+00,-276.05535E-03
-1.72500E-03,+874.37E-06,+1.80904524E+00,-276.05535E-03
-1.70000E-03,+1.67839E-03,+1.70226132E+00,-276.05535E-03
-1.67500E-03,+1.45226E-03,+1.75251258E+00,-276.05535E-03
-1.65000E-03,+1.67839E-03,+1.80904524E+00,-276.05535E-03
-1.62500E-03,+1.85427E-03,+1.80904524E+00,-320.02520E-03
-1.60000E-03,+2.48241E-03,+1.80904524E+00,-276.05535E-03
-1.57500E-03,+3.06030E-03,+1.80904524E+00,-276.05535E-03
-1.55000E-03,+3.28643E-03,+1.80276383E+00,-276.05535E-03
-1.52500E-03,+3.91457E-03,+1.60804021E+00,-320.02520E-03
-1.50000E-03,+4.89447E-03,+1.60804021E+00,-276.05535E-03
-1.47500E-03,+5.47236E-03,+1.60804021E+00,-332.58801E-03
-1.45000E-03,+6.50251E-03,+1.80276383E+00,-470.77897E-03
-1.42500E-03,+7.48241E-03,+1.60804021E+00,-276.05535E-03
-1.40000E-03,+9.71859E-03,+1.60804021E+00,-276.05535E-03
-1.37500E-03,+10.29648E-03,+1.60804021E+00,-276.05535E-03
-1.35000E-03,+12.13065E-03,+1.61432162E+00,-470.77897E-03
-1.32500E-03,+14.54271E-03,+1.60804021E+00,-276.05535E-03
-1.30000E-03,+17.75879E-03,+1.70226132E+00,-276.05535E-03
-1.27500E-03,+20.17085E-03,+1.60804021E+00,-477.06038E-03
-1.25000E-03,+20.17085E-03,+1.60804021E+00,-276.05535E-03
-1.22500E-03,+18.56281E-03,+1.60804021E+00,-433.09053E-03
-1.20000E-03,+16.95477E-03,+1.60804021E+00,-276.05535E-03
-1.17500E-03,+16.15075E-03,+1.60804021E+00,-276.05535E-03
-1.15000E-03,+16.92965E-03,+1.60804021E+00,-276.05535E-03
-1.12500E-03,+16.15075E-03,+1.60804021E+00,-276.05535E-03
-1.10000E-03,+16.15075E-03,+1.51381911E+00,-276.05535E-03
-1.07500E-03,+14.54271E-03,+1.46356785E+00,-276.05535E-03
-1.05000E-03,+11.32663E-03,+1.40703519E+00,-282.33676E-03
-1.02500E-03,+9.54271E-03,+1.60804021E+00,-276.05535E-03
-1.00000E-03,+7.30653E-03,+1.60804021E+00,-370.27646E-03
-975.00E-06,+5.69849E-03,+1.55150755E+00,-276.05535E-03
-950.00E-06,+4.89447E-03,+1.60804021E+00,-282.33676E-03
-925.00E-06,+4.09045E-03,+1.45100504E+00,-320.02520E-03
-900.00E-06,+3.28643E-03,+1.51381911E+00,-276.05535E-03
-875.00E-06,+2.70854E-03,+1.40703519E+00,-276.05535E-03
-850.00E-06,+2.48241E-03,+1.41331659E+00,-282.33676E-03
-825.00E-06,+1.67839E-03,+1.60804021E+00,-276.05535E-03
-800.00E-06,+2.10553E-03,+1.40703519E+00,-370.27646E-03
-775.00E-06,+1.67839E-03,+1.40703519E+00,-276.05535E-03
-750.00E-06,+2.45729E-03,+1.41331659E+00,-276.05535E-03
-725.00E-06,+1.67839E-03,+1.40703519E+00,-320.02520E-03
-700.00E-06,+1.67839E-03,+1.40703519E+00,-370.27646E-03
-675.00E-06,+1.67839E-03,+1.40703519E+00,-332.58801E-03
-650.00E-06,+1.67839E-03,+1.40703519E+00,-477.06038E-03
-625.00E-06,+1.67839E-03,+1.40703519E+00,-433.09053E-03
-600.00E-06,+1.67839E-03,+1.40703519E+00,-370.27646E-03
-575.00E-06,+1.67839E-03,+1.49497489E+00,-276.05535E-03
-550.00E-06,+1.67839E-03,+1.40703519E+00,-276.05535E-03
-525.00E-06,+1.67839E-03,+1.25000001E+00,-320.02520E-03
-500.00E-06,+1.67839E-03,+1.40703519E+00,-370.27646E-03
-475.00E-06,+1.90452E-03,+1.40703519E+00,-276.05535E-03
-450.00E-06,+2.48241E-03,+1.40703519E+00,-276.05535E-03
-425.00E-06,+2.30653E-03,+1.40703519E+00,-276.05535E-03
-400.00E-06,+2.48241E-03,+1.40703519E+00,-382.83927E-03
-375.00E-06,+2.48241E-03,+1.40703519E+00,-420.52771E-03
-350.00E-06,+2.50754E-03,+1.40075378E+00,-282.33676E-03
-325.00E-06,+2.48241E-03,+1.36306534E+00,-276.05535E-03
-300.00E-06,+3.28643E-03,+1.30025127E+00,-382.83927E-03
-275.00E-06,+3.28643E-03,+1.20603016E+00,-477.06038E-03
-250.00E-06,+3.28643E-03,+1.40075378E+00,-470.77897E-03
-225.00E-06,+3.28643E-03,+1.36306534E+00,-276.05535E-03
-200.00E-06,+4.09045E-03,+1.31281408E+00,-276.05535E-03
-175.00E-06,+4.09045E-03,+1.20603016E+00,-332.58801E-03
-150.00E-06,+4.09045E-03,+1.20603016E+00,-276.05535E-03
-125.00E-06,+4.09045E-03,+1.25000001E+00,-276.05535E-03
-100.00E-06,+4.89447E-03,+1.20603016E+00,-276.05535E-03
-75.00E-06,+5.12060E-03,+1.20603016E+00,-420.52771E-03
-50.00E-06,+5.69849E-03,+1.40075378E+00,-470.77897E-03
-25.00E-06,+6.32663E-03,+1.20603016E+00,-276.05535E-03
-0.0E+00,+6.50251E-03,+1.20603016E+00,+1.60836677E+00
+25.00E-06,+6.72864E-03,+1.26256282E+00,+3.74404518E+00
+50.00E-06,+6.50251E-03,+1.01130654E+00,+3.74404518E+00
+75.00E-06,+7.13065E-03,+1.20603016E+00,+3.94505021E+00
+100.00E-06,+6.92965E-03,+1.20603016E+00,+3.74404518E+00
+125.00E-06,+6.50251E-03,+1.20603016E+00,+3.74404518E+00
+150.00E-06,+6.50251E-03,+1.20603016E+00,+3.74404518E+00
+175.00E-06,+5.69849E-03,+1.20603016E+00,+3.74404518E+00
+200.00E-06,+5.27136E-03,+1.20603016E+00,+3.74404518E+00
+225.00E-06,+4.89447E-03,+1.20603016E+00,+3.74404518E+00
+250.00E-06,+4.86935E-03,+1.20603016E+00,+3.74404518E+00
+275.00E-06,+4.09045E-03,+1.20603016E+00,+3.74404518E+00
+300.00E-06,+3.28643E-03,+1.30025127E+00,+3.74404518E+00
+325.00E-06,+3.28643E-03,+1.20603016E+00,+3.74404518E+00
+350.00E-06,+3.26131E-03,+1.40703519E+00,+3.74404518E+00
+375.00E-06,+2.65829E-03,+1.25000001E+00,+3.74404518E+00
+400.00E-06,+2.48241E-03,+1.40703519E+00,+3.74404518E+00
+425.00E-06,+2.48241E-03,+1.35050252E+00,+3.74404518E+00
+450.00E-06,+1.70352E-03,+1.21231157E+00,+3.74404518E+00
+475.00E-06,+1.85427E-03,+1.25000001E+00,+3.63097986E+00
+500.00E-06,+1.67839E-03,+1.40703519E+00,+3.74404518E+00
+525.00E-06,+1.67839E-03,+1.40703519E+00,+3.74404518E+00
+550.00E-06,+1.67839E-03,+1.40703519E+00,+3.74404518E+00
+575.00E-06,+1.67839E-03,+1.36306534E+00,+3.74404518E+00
+600.00E-06,+1.67839E-03,+1.30025127E+00,+3.74404518E+00
+625.00E-06,+1.45226E-03,+1.40703519E+00,+3.74404518E+00
+650.00E-06,+1.67839E-03,+1.40703519E+00,+3.74404518E+00
+675.00E-06,+1.67839E-03,+1.20603016E+00,+3.74404518E+00
+700.00E-06,+1.67839E-03,+1.30025127E+00,+3.74404518E+00
+725.00E-06,+1.90452E-03,+1.26256282E+00,+3.74404518E+00
+750.00E-06,+1.67839E-03,+1.40703519E+00,+3.74404518E+00
+775.00E-06,+2.30653E-03,+1.40703519E+00,+3.74404518E+00
+800.00E-06,+2.10553E-03,+1.40703519E+00,+3.74404518E+00
+825.00E-06,+2.48241E-03,+1.40703519E+00,+3.74404518E+00
+850.00E-06,+2.48241E-03,+1.40703519E+00,+3.74404518E+00
+875.00E-06,+3.28643E-03,+1.40703519E+00,+3.74404518E+00
+900.00E-06,+3.28643E-03,+1.40703519E+00,+3.74404518E+00
+925.00E-06,+3.51256E-03,+1.40703519E+00,+3.74404518E+00
+950.00E-06,+4.09045E-03,+1.41331659E+00,+3.74404518E+00
+975.00E-06,+4.71859E-03,+1.45100504E+00,+3.74404518E+00
+1.00000E-03,+5.27136E-03,+1.50125629E+00,+3.63726126E+00
+1.02500E-03,+5.69849E-03,+1.40703519E+00,+3.74404518E+00
+1.05000E-03,+7.28141E-03,+1.40703519E+00,+3.54932156E+00
+1.07500E-03,+7.48241E-03,+1.45100504E+00,+3.74404518E+00
+1.10000E-03,+8.91457E-03,+1.40703519E+00,+3.63726126E+00
+1.12500E-03,+9.71859E-03,+1.46356785E+00,+3.68751252E+00
+1.15000E-03,+10.52261E-03,+1.60175881E+00,+3.74404518E+00
+1.17500E-03,+12.13065E-03,+1.40703519E+00,+3.74404518E+00
+1.20000E-03,+13.73869E-03,+1.60804021E+00,+3.74404518E+00
+1.22500E-03,+14.54271E-03,+1.60804021E+00,+3.74404518E+00
+1.25000E-03,+15.34673E-03,+1.41331659E+00,+3.74404518E+00
+1.27500E-03,+16.15075E-03,+1.45100504E+00,+3.74404518E+00
+1.30000E-03,+16.57789E-03,+1.60804021E+00,+3.74404518E+00
+1.32500E-03,+16.95477E-03,+1.60804021E+00,+3.74404518E+00
+1.35000E-03,+16.92965E-03,+1.60804021E+00,+3.74404518E+00
+1.37500E-03,+16.32663E-03,+1.60804021E+00,+3.74404518E+00
+1.40000E-03,+16.15075E-03,+1.60804021E+00,+3.74404518E+00
+1.42500E-03,+16.15075E-03,+1.66457288E+00,+3.74404518E+00
+1.45000E-03,+16.15075E-03,+1.41331659E+00,+3.74404518E+00
+1.47500E-03,+16.15075E-03,+1.60804021E+00,+3.74404518E+00
+1.50000E-03,+16.15075E-03,+1.60804021E+00,+3.74404518E+00
+1.52500E-03,+17.53266E-03,+1.60804021E+00,+3.74404518E+00
+1.55000E-03,+17.75879E-03,+1.60804021E+00,+3.73776378E+00
+1.57500E-03,+18.56281E-03,+1.60804021E+00,+3.74404518E+00
+1.60000E-03,+19.79397E-03,+1.60804021E+00,+3.74404518E+00
+1.62500E-03,+20.17085E-03,+1.60804021E+00,+3.74404518E+00
+1.65000E-03,+20.94975E-03,+1.80904524E+00,+3.74404518E+00
+1.67500E-03,+20.17085E-03,+1.49497489E+00,+3.74404518E+00
+1.70000E-03,+20.17085E-03,+1.71482413E+00,+3.74404518E+00
+1.72500E-03,+19.59296E-03,+1.60804021E+00,+3.74404518E+00
+1.75000E-03,+17.78392E-03,+1.60804021E+00,+3.74404518E+00
+1.77500E-03,+16.95477E-03,+1.76507539E+00,+3.74404518E+00
+1.80000E-03,+16.15075E-03,+1.80904524E+00,+3.63726126E+00
+1.82500E-03,+14.54271E-03,+1.80904524E+00,+3.74404518E+00
+1.85000E-03,+13.73869E-03,+1.60804021E+00,+3.74404518E+00
+1.87500E-03,+12.93467E-03,+1.80904524E+00,+3.74404518E+00
+1.90000E-03,+11.75377E-03,+1.71482413E+00,+3.74404518E+00
+1.92500E-03,+11.10050E-03,+1.80904524E+00,+3.74404518E+00
+1.95000E-03,+10.52261E-03,+1.61432162E+00,+3.74404518E+00
+1.97500E-03,+9.71859E-03,+1.80904524E+00,+3.74404518E+00
+2.00000E-03,+9.34171E-03,+1.80904524E+00,+3.74404518E+00
+2.02500E-03,+8.91457E-03,+1.75251258E+00,+3.74404518E+00
+2.05000E-03,+8.91457E-03,+1.80904524E+00,+3.74404518E+00
+2.07500E-03,+8.11055E-03,+1.65201006E+00,+3.74404518E+00
+2.10000E-03,+7.30653E-03,+1.80904524E+00,+3.74404518E+00
+2.12500E-03,+5.92462E-03,+1.80904524E+00,+3.74404518E+00
+2.15000E-03,+5.69849E-03,+1.80904524E+00,+3.74404518E+00
+2.17500E-03,+5.69849E-03,+1.96608042E+00,+3.74404518E+00
+2.20000E-03,+4.89447E-03,+1.80904524E+00,+3.74404518E+00
+2.22500E-03,+4.31658E-03,+1.80904524E+00,+3.74404518E+00
+2.25000E-03,+4.09045E-03,+1.80904524E+00,+3.74404518E+00
+2.27500E-03,+4.71859E-03,+1.80904524E+00,+3.74404518E+00
+2.30000E-03,+3.71357E-03,+1.80904524E+00,+3.74404518E+00
+2.32500E-03,+3.28643E-03,+1.80904524E+00,+3.74404518E+00
+2.35000E-03,+3.28643E-03,+2.00376886E+00,+3.74404518E+00
+2.37500E-03,+3.28643E-03,+2.01005027E+00,+3.74404518E+00
+2.40000E-03,+2.90955E-03,+1.90326635E+00,+3.74404518E+00
+2.42500E-03,+2.48241E-03,+1.95351760E+00,+3.74404518E+00
+2.45000E-03,+2.48241E-03,+1.81532665E+00,+3.54932156E+00
+2.47500E-03,+1.85427E-03,+1.80904524E+00,+3.74404518E+00
+2.50000E-03,+2.05528E-03,+1.80904524E+00,+3.74404518E+00
+2.52500E-03,+2.25628E-03,+2.01005027E+00,+3.74404518E+00
+2.55000E-03,+2.45729E-03,+2.01005027E+00,+3.74404518E+00
+2.57500E-03,+1.67839E-03,+1.96608042E+00,+3.74404518E+00
+2.60000E-03,+1.67839E-03,+1.91582916E+00,+3.74404518E+00
+2.62500E-03,+874.37E-06,+1.86557790E+00,+3.74404518E+00
+2.65000E-03,+1.65327E-03,+2.01005027E+00,+3.74404518E+00
+2.67500E-03,+1.05025E-03,+1.96608042E+00,+3.74404518E+00
+2.70000E-03,+874.37E-06,+1.80904524E+00,+3.74404518E+00
+2.72500E-03,+874.37E-06,+2.01005027E+00,+3.74404518E+00
+2.75000E-03,+874.37E-06,+2.00376886E+00,+3.74404518E+00
+2.77500E-03,+874.37E-06,+2.01005027E+00,+3.74404518E+00
+2.80000E-03,+874.37E-06,+2.01005027E+00,+3.74404518E+00
+2.82500E-03,+874.37E-06,+2.01005027E+00,+3.74404518E+00
+2.85000E-03,+95.48E-06,+2.01005027E+00,+3.74404518E+00
+2.87500E-03,+70.35E-06,+2.01005027E+00,+3.74404518E+00
+2.90000E-03,+70.35E-06,+2.01005027E+00,+3.74404518E+00
+2.92500E-03,+70.35E-06,+2.01005027E+00,+3.74404518E+00
+2.95000E-03,+70.35E-06,+2.01005027E+00,+3.74404518E+00
+2.97500E-03,+70.35E-06,+2.01005027E+00,+3.74404518E+00
+3.00000E-03,+70.35E-06,+2.01005027E+00,+3.74404518E+00
+3.02500E-03,+70.35E-06,+2.21105529E+00,+3.88851755E+00
+3.05000E-03,+70.35E-06,+2.01005027E+00,+3.74404518E+00
+3.07500E-03,+70.35E-06,+2.16708544E+00,+3.74404518E+00
+3.10000E-03,+70.35E-06,+2.01005027E+00,+3.74404518E+00
+3.12500E-03,+70.35E-06,+2.15452263E+00,+3.74404518E+00
+3.15000E-03,+70.35E-06,+2.01005027E+00,+3.74404518E+00
+3.17500E-03,+70.35E-06,+2.01005027E+00,+3.74404518E+00
+3.20000E-03,+70.35E-06,+2.01005027E+00,+3.74404518E+00
+3.22500E-03,+70.35E-06,+2.15452263E+00,+3.68751252E+00
+3.25000E-03,+70.35E-06,+2.01005027E+00,+3.74404518E+00
+3.27500E-03,-105.53E-06,+2.01005027E+00,+3.74404518E+00
+3.30000E-03,-356.78E-06,+2.11683419E+00,+3.74404518E+00
+3.32500E-03,+70.35E-06,+2.15452263E+00,+3.74404518E+00
+3.35000E-03,+70.35E-06,+2.21105529E+00,+3.74404518E+00
+3.37500E-03,+70.35E-06,+2.21105529E+00,+3.74404518E+00
+3.40000E-03,+70.35E-06,+2.10427137E+00,+3.74404518E+00
+3.42500E-03,+70.35E-06,+2.15452263E+00,+3.80057785E+00
+3.45000E-03,+70.35E-06,+2.21105529E+00,+3.74404518E+00
+3.47500E-03,+70.35E-06,+2.21105529E+00,+3.74404518E+00
+3.50000E-03,+874.37E-06,+2.01005027E+00,+3.74404518E+00
+3.52500E-03,+874.37E-06,+2.06658293E+00,+3.74404518E+00
+3.55000E-03,+874.37E-06,+2.20477389E+00,+3.74404518E+00
+3.57500E-03,+1.05025E-03,+2.21105529E+00,+3.74404518E+00
+3.60000E-03,+1.25126E-03,+2.31783921E+00,+3.74404518E+00
+3.62500E-03,+1.67839E-03,+2.21105529E+00,+3.74404518E+00
+3.65000E-03,+2.48241E-03,+2.21105529E+00,+3.74404518E+00
+3.67500E-03,+2.65829E-03,+2.21105529E+00,+3.74404518E+00
+3.70000E-03,+4.09045E-03,+2.21105529E+00,+3.74404518E+00
+3.72500E-03,+5.69849E-03,+2.26758796E+00,+3.74404518E+00
+3.75000E-03,+7.28141E-03,+2.21105529E+00,+3.74404518E+00
+3.77500E-03,+9.09045E-03,+2.21105529E+00,+3.74404518E+00
+3.80000E-03,+10.94975E-03,+2.31783921E+00,+3.74404518E+00
+3.82500E-03,+12.93467E-03,+2.26758796E+00,+3.74404518E+00
+3.85000E-03,+12.93467E-03,+2.21105529E+00,+3.74404518E+00
+3.87500E-03,+12.93467E-03,+2.25502514E+00,+3.74404518E+00
+3.90000E-03,+11.32663E-03,+2.31783921E+00,+3.74404518E+00
+3.92500E-03,+10.74874E-03,+2.41206032E+00,+3.74404518E+00
+3.95000E-03,+11.30151E-03,+2.21733670E+00,+3.74404518E+00
+3.97500E-03,+10.69849E-03,+2.36809047E+00,+3.74404518E+00
+4.00000E-03,+10.94975E-03,+2.31783921E+00,+3.74404518E+00
+4.02500E-03,+11.32663E-03,+2.41206032E+00,+3.74404518E+00
+4.05000E-03,+10.52261E-03,+2.21733670E+00,+3.74404518E+00
+4.07500E-03,+8.91457E-03,+2.41206032E+00,+3.58701001E+00
+4.10000E-03,+7.73367E-03,+2.41206032E+00,+3.74404518E+00
+4.12500E-03,+6.50251E-03,+2.41206032E+00,+3.74404518E+00
+4.15000E-03,+5.69849E-03,+2.41206032E+00,+3.74404518E+00
+4.17500E-03,+5.07035E-03,+2.41206032E+00,+3.74404518E+00
+4.20000E-03,+5.32161E-03,+2.41206032E+00,+3.74404518E+00
+4.22500E-03,+4.09045E-03,+2.41206032E+00,+3.74404518E+00
+4.25000E-03,+4.09045E-03,+2.41206032E+00,+3.74404518E+00
+4.27500E-03,+3.91457E-03,+2.41206032E+00,+3.74404518E+00
+4.30000E-03,+3.28643E-03,+2.41206032E+00,+3.74404518E+00
+4.32500E-03,+3.28643E-03,+2.41206032E+00,+3.74404518E+00
+4.35000E-03,+2.48241E-03,+2.41206032E+00,+3.74404518E+00
+4.37500E-03,+2.30653E-03,+2.41206032E+00,+3.74404518E+00
+4.40000E-03,+2.05528E-03,+2.41206032E+00,+3.74404518E+00
+4.42500E-03,+2.25628E-03,+2.41206032E+00,+3.74404518E+00
+4.45000E-03,+1.67839E-03,+2.41206032E+00,+3.74404518E+00
+4.47500E-03,+1.67839E-03,+2.61306535E+00,+3.58701001E+00
+4.50000E-03,+1.67839E-03,+2.51884424E+00,+3.74404518E+00
+4.52500E-03,+1.67839E-03,+2.41206032E+00,+3.74404518E+00
+4.55000E-03,+1.65327E-03,+2.41834173E+00,+3.74404518E+00
+4.57500E-03,+1.05025E-03,+2.45603017E+00,+3.74404518E+00
+4.60000E-03,+1.25126E-03,+2.61306535E+00,+3.74404518E+00
+4.62500E-03,+1.10050E-03,+2.41206032E+00,+3.74404518E+00
+4.65000E-03,+1.67839E-03,+2.61306535E+00,+3.74404518E+00
+4.67500E-03,+874.37E-06,+2.61306535E+00,+3.74404518E+00
+4.70000E-03,+874.37E-06,+2.61306535E+00,+3.74404518E+00
+4.72500E-03,+874.37E-06,+2.46859298E+00,+3.74404518E+00
+4.75000E-03,+1.67839E-03,+2.41834173E+00,+3.74404518E+00
+4.77500E-03,+1.05025E-03,+2.61306535E+00,+3.74404518E+00
+4.80000E-03,+874.37E-06,+2.61306535E+00,+3.74404518E+00
+4.82500E-03,+1.10050E-03,+2.55653268E+00,+3.74404518E+00
+4.85000E-03,+874.37E-06,+2.61306535E+00,+3.74404518E+00
+4.87500E-03,+1.05025E-03,+2.61306535E+00,+3.74404518E+00
+4.90000E-03,+1.25126E-03,+2.61306535E+00,+3.74404518E+00
+4.92500E-03,+1.67839E-03,+2.61306535E+00,+3.74404518E+00
+4.95000E-03,+874.37E-06,+2.80778897E+00,+3.54932156E+00
+4.97500E-03,+1.50251E-03,+2.61306535E+00,+3.58701001E+00
+5.00000E-03,+1.25126E-03,+2.61306535E+00,+3.74404518E+00
+5.02500E-03,+1.10050E-03,+2.75753771E+00,+3.74404518E+00
+5.05000E-03,+2.45729E-03,+2.61306535E+00,+3.74404518E+00
+5.07500E-03,+1.67839E-03,+2.61306535E+00,+3.74404518E+00
+5.10000E-03,+2.10553E-03,+2.61306535E+00,+3.74404518E+00
+5.12500E-03,+2.48241E-03,+2.61306535E+00,+3.74404518E+00
+5.15000E-03,+2.48241E-03,+2.81407037E+00,+3.74404518E+00
+5.17500E-03,+2.48241E-03,+2.65703520E+00,+3.74404518E+00
+5.20000E-03,+2.85930E-03,+2.70728645E+00,+3.74404518E+00
+5.22500E-03,+3.28643E-03,+2.75753771E+00,+3.74404518E+00
+5.25000E-03,+4.09045E-03,+2.81407037E+00,+3.74404518E+00
+5.27500E-03,+4.09045E-03,+2.65703520E+00,+3.74404518E+00
+5.30000E-03,+4.89447E-03,+2.81407037E+00,+3.74404518E+00
+5.32500E-03,+5.69849E-03,+2.81407037E+00,+3.74404518E+00
+5.35000E-03,+6.50251E-03,+2.81407037E+00,+3.74404518E+00
+5.37500E-03,+7.30653E-03,+2.81407037E+00,+3.74404518E+00
+5.40000E-03,+8.53769E-03,+2.81407037E+00,+3.74404518E+00
+5.42500E-03,+9.71859E-03,+2.75753771E+00,+3.74404518E+00
+5.45000E-03,+11.32663E-03,+2.61934675E+00,+3.74404518E+00
+5.47500E-03,+12.93467E-03,+2.81407037E+00,+3.74404518E+00
+5.50000E-03,+14.54271E-03,+2.81407037E+00,+3.74404518E+00
+5.52500E-03,+16.15075E-03,+2.66959801E+00,+3.74404518E+00
+5.55000E-03,+17.75879E-03,+2.81407037E+00,+3.74404518E+00
+5.57500E-03,+18.56281E-03,+2.81407037E+00,+3.74404518E+00
+5.60000E-03,+17.75879E-03,+2.70728645E+00,+3.64982408E+00
+5.62500E-03,+17.75879E-03,+2.95854274E+00,+3.74404518E+00
+5.65000E-03,+16.95477E-03,+2.81407037E+00,+3.74404518E+00
+5.67500E-03,+16.15075E-03,+2.81407037E+00,+3.74404518E+00
+5.70000E-03,+15.34673E-03,+2.90829148E+00,+3.74404518E+00
+5.72500E-03,+15.12060E-03,+2.81407037E+00,+3.74404518E+00
+5.75000E-03,+15.34673E-03,+2.81407037E+00,+3.74404518E+00
+5.77500E-03,+15.34673E-03,+2.85804022E+00,+3.74404518E+00
+5.80000E-03,+15.34673E-03,+2.81407037E+00,+3.74404518E+00
+5.82500E-03,+14.54271E-03,+2.87060304E+00,+3.74404518E+00
+5.85000E-03,+14.54271E-03,+2.82035178E+00,+3.74404518E+00
+5.87500E-03,+12.93467E-03,+2.81407037E+00,+3.74404518E+00
+5.90000E-03,+11.32663E-03,+2.90829148E+00,+3.63726126E+00
+5.92500E-03,+10.52261E-03,+2.95854274E+00,+3.74404518E+00
+5.95000E-03,+9.71859E-03,+3.01507540E+00,+3.74404518E+00
+5.97500E-03,+8.73869E-03,+3.01507540E+00,+3.74404518E+00
+6.00000E-03,+8.11055E-03,+3.01507540E+00,+3.64982408E+00
+6.02500E-03,+8.11055E-03,+2.81407037E+00,+3.74404518E+00
+6.05000E-03,+8.08543E-03,+3.01507540E+00,+3.74404518E+00
+6.07500E-03,+7.13065E-03,+3.01507540E+00,+3.74404518E+00
+6.10000E-03,+7.30653E-03,+3.01507540E+00,+3.74404518E+00
+6.12500E-03,+6.50251E-03,+3.01507540E+00,+3.74404518E+00
+6.15000E-03,+6.50251E-03,+3.01507540E+00,+3.74404518E+00
+6.17500E-03,+5.69849E-03,+3.01507540E+00,+3.74404518E+00
+6.20000E-03,+6.07538E-03,+3.01507540E+00,+3.64982408E+00
+6.22500E-03,+5.69849E-03,+3.01507540E+00,+3.74404518E+00
+6.25000E-03,+5.69849E-03,+3.20979902E+00,+3.74404518E+00
+6.27500E-03,+5.69849E-03,+3.01507540E+00,+3.74404518E+00
+6.30000E-03,+5.32161E-03,+3.01507540E+00,+3.74404518E+00
+6.32500E-03,+4.89447E-03,+3.07160806E+00,+3.74404518E+00
+6.35000E-03,+4.09045E-03,+3.01507540E+00,+3.74404518E+00
+6.37500E-03,+4.09045E-03,+3.17211058E+00,+3.74404518E+00
+6.40000E-03,+3.71357E-03,+3.01507540E+00,+3.74404518E+00
+6.42500E-03,+3.28643E-03,+3.01507540E+00,+3.74404518E+00
+6.45000E-03,+2.50754E-03,+3.01507540E+00,+3.74404518E+00
+6.47500E-03,+3.11055E-03,+3.01507540E+00,+3.74404518E+00
+6.50000E-03,+2.48241E-03,+3.10929651E+00,+3.74404518E+00
+6.52500E-03,+2.48241E-03,+3.01507540E+00,+3.74404518E+00
+6.55000E-03,+1.70352E-03,+3.01507540E+00,+3.74404518E+00
+6.57500E-03,+1.85427E-03,+3.05904525E+00,+3.74404518E+00
+6.60000E-03,+2.05528E-03,+3.21608043E+00,+3.74404518E+00
+6.62500E-03,+1.67839E-03,+3.15954776E+00,+3.74404518E+00
+6.65000E-03,+2.45729E-03,+3.21608043E+00,+3.74404518E+00
+6.67500E-03,+1.50251E-03,+3.05904525E+00,+3.74404518E+00
+6.70000E-03,+1.67839E-03,+3.12185932E+00,+3.74404518E+00
+6.72500E-03,+1.67839E-03,+3.21608043E+00,+3.74404518E+00
+6.75000E-03,+899.50E-06,+3.21608043E+00,+3.74404518E+00
+6.77500E-03,+1.67839E-03,+3.21608043E+00,+3.74404518E+00
+6.80000E-03,+1.67839E-03,+3.21608043E+00,+3.74404518E+00
+6.82500E-03,+1.67839E-03,+3.21608043E+00,+3.74404518E+00
+6.85000E-03,+1.65327E-03,+3.21608043E+00,+3.74404518E+00
+6.87500E-03,+1.67839E-03,+3.21608043E+00,+3.74404518E+00
+6.90000E-03,+1.67839E-03,+3.21608043E+00,+3.74404518E+00
+6.92500E-03,+1.67839E-03,+3.21608043E+00,+3.74404518E+00
+6.95000E-03,+1.67839E-03,+3.21608043E+00,+3.74404518E+00
+6.97500E-03,+1.67839E-03,+3.21608043E+00,+3.74404518E+00
+7.00000E-03,+2.48241E-03,+3.21608043E+00,+3.74404518E+00
+7.02500E-03,+2.48241E-03,+3.21608043E+00,+3.74404518E+00
+7.05000E-03,+2.50754E-03,+3.21608043E+00,+3.54932156E+00
+7.07500E-03,+3.28643E-03,+3.21608043E+00,+3.74404518E+00
+7.10000E-03,+3.66332E-03,+3.21608043E+00,+3.74404518E+00
+7.12500E-03,+4.09045E-03,+3.27261309E+00,+3.74404518E+00
+7.15000E-03,+4.11558E-03,+3.21608043E+00,+3.74404518E+00
+7.17500E-03,+4.89447E-03,+3.37311560E+00,+3.70007533E+00
+7.20000E-03,+6.07538E-03,+3.32286435E+00,+3.74404518E+00
+7.22500E-03,+7.30653E-03,+3.27261309E+00,+3.74404518E+00
+7.25000E-03,+8.91457E-03,+3.22236183E+00,+3.74404518E+00
+7.27500E-03,+10.52261E-03,+3.26005028E+00,+3.74404518E+00
+7.30000E-03,+12.93467E-03,+3.21608043E+00,+3.74404518E+00
+7.32500E-03,+15.34673E-03,+3.36055279E+00,+3.74404518E+00
+7.35000E-03,+18.53769E-03,+3.41708545E+00,+3.73776378E+00
+7.37500E-03,+22.58291E-03,+3.26005028E+00,+3.74404518E+00
+7.40000E-03,+28.21106E-03,+3.41708545E+00,+3.74404518E+00
+7.42500E-03,+34.06533E-03,+3.41708545E+00,+3.74404518E+00
+7.45000E-03,+41.87940E-03,+3.41708545E+00,+3.74404518E+00
+7.47500E-03,+49.11558E-03,+3.41708545E+00,+3.70007533E+00
+7.50000E-03,+53.93970E-03,+3.41708545E+00,+3.74404518E+00
+7.52500E-03,+55.32161E-03,+3.41708545E+00,+3.74404518E+00
+7.55000E-03,+52.33166E-03,+3.41708545E+00,+3.74404518E+00
+7.57500E-03,+47.50754E-03,+3.41708545E+00,+3.58701001E+00
+7.60000E-03,+41.07538E-03,+3.41708545E+00,+3.74404518E+00
+7.62500E-03,+35.44724E-03,+3.41708545E+00,+3.74404518E+00
+7.65000E-03,+31.42714E-03,+3.61809048E+00,+3.74404518E+00
+7.67500E-03,+28.21106E-03,+3.41708545E+00,+3.74404518E+00
+7.70000E-03,+25.79900E-03,+3.41708545E+00,+3.74404518E+00
+7.72500E-03,+24.19095E-03,+3.41708545E+00,+3.74404518E+00
+7.75000E-03,+23.38693E-03,+3.41708545E+00,+3.74404518E+00
+7.77500E-03,+22.40704E-03,+3.57412063E+00,+3.74404518E+00
+7.80000E-03,+20.59799E-03,+3.41708545E+00,+3.64982408E+00
+7.82500E-03,+19.14070E-03,+3.41708545E+00,+3.74404518E+00
+7.85000E-03,+16.95477E-03,+3.61180907E+00,+3.74404518E+00
+7.87500E-03,+15.97487E-03,+3.46105530E+00,+3.74404518E+00
+7.90000E-03,+14.54271E-03,+3.52386937E+00,+3.74404518E+00
+7.92500E-03,+13.51256E-03,+3.56155782E+00,+3.74404518E+00
+7.95000E-03,+12.93467E-03,+3.42336686E+00,+3.54932156E+00
+7.97500E-03,+12.13065E-03,+3.61809048E+00,+3.74404518E+00
+8.00000E-03,+11.70352E-03,+3.61809048E+00,+3.74404518E+00
+8.02500E-03,+11.32663E-03,+3.47361812E+00,+3.74404518E+00
+8.05000E-03,+10.52261E-03,+3.61809048E+00,+3.74404518E+00
+8.07500E-03,+9.71859E-03,+3.61809048E+00,+3.74404518E+00
+8.10000E-03,+9.29146E-03,+3.61809048E+00,+3.74404518E+00
+8.12500E-03,+8.91457E-03,+3.61809048E+00,+3.74404518E+00
+8.15000E-03,+8.11055E-03,+3.61809048E+00,+3.74404518E+00
+8.17500E-03,+8.11055E-03,+3.77512566E+00,+3.58701001E+00
+8.20000E-03,+7.30653E-03,+3.41708545E+00,+3.74404518E+00
+8.22500E-03,+7.30653E-03,+3.61809048E+00,+3.74404518E+00
+8.25000E-03,+7.28141E-03,+3.61809048E+00,+3.74404518E+00
+8.27500E-03,+6.50251E-03,+3.61809048E+00,+3.74404518E+00
+8.30000E-03,+6.50251E-03,+3.61809048E+00,+3.74404518E+00
+8.32500E-03,+6.27638E-03,+3.61809048E+00,+3.74404518E+00
+8.35000E-03,+5.69849E-03,+3.62437189E+00,+3.74404518E+00
+8.37500E-03,+5.87437E-03,+3.61809048E+00,+3.74404518E+00
+8.40000E-03,+5.32161E-03,+3.61809048E+00,+3.64982408E+00
+8.42500E-03,+5.69849E-03,+3.61809048E+00,+3.74404518E+00
+8.45000E-03,+5.69849E-03,+3.61809048E+00,+3.74404518E+00
+8.47500E-03,+5.69849E-03,+3.66206033E+00,+3.74404518E+00
+8.50000E-03,+5.69849E-03,+3.71231159E+00,+3.74404518E+00
+8.52500E-03,+5.12060E-03,+3.81909551E+00,+3.74404518E+00
+8.55000E-03,+4.91960E-03,+3.81909551E+00,+3.73776378E+00
+8.57500E-03,+5.69849E-03,+3.81909551E+00,+3.74404518E+00
+8.60000E-03,+5.69849E-03,+3.72487440E+00,+3.74404518E+00
+8.62500E-03,+5.69849E-03,+3.67462314E+00,+3.74404518E+00
+8.65000E-03,+5.69849E-03,+3.61809048E+00,+3.74404518E+00
+8.67500E-03,+6.50251E-03,+3.81909551E+00,+3.74404518E+00
+8.70000E-03,+6.50251E-03,+3.71231159E+00,+3.74404518E+00
+8.72500E-03,+6.50251E-03,+3.81909551E+00,+3.74404518E+00
+8.75000E-03,+6.50251E-03,+3.81909551E+00,+3.74404518E+00
+8.77500E-03,+7.30653E-03,+3.81909551E+00,+3.74404518E+00
+8.80000E-03,+7.73367E-03,+3.81909551E+00,+3.74404518E+00
+8.82500E-03,+7.53266E-03,+3.76256284E+00,+3.74404518E+00
+8.85000E-03,+8.88945E-03,+3.81909551E+00,+3.54304016E+00
+8.87500E-03,+8.91457E-03,+3.81909551E+00,+3.74404518E+00
+8.90000E-03,+10.52261E-03,+3.81909551E+00,+3.74404518E+00
+8.92500E-03,+11.10050E-03,+3.81909551E+00,+3.74404518E+00
+8.95000E-03,+12.13065E-03,+3.63065329E+00,+3.74404518E+00
+8.97500E-03,+12.93467E-03,+3.81909551E+00,+3.74404518E+00
+9.00000E-03,+14.54271E-03,+3.72487440E+00,+3.74404518E+00
+9.02500E-03,+16.95477E-03,+3.96356787E+00,+3.74404518E+00
+9.05000E-03,+18.58794E-03,+3.81909551E+00,+3.74404518E+00
+9.07500E-03,+21.95477E-03,+3.86306536E+00,+3.74404518E+00
+9.10000E-03,+25.37186E-03,+3.92587943E+00,+3.74404518E+00
+9.12500E-03,+29.01508E-03,+3.81909551E+00,+3.74404518E+00
+9.15000E-03,+34.64322E-03,+3.81909551E+00,+3.74404518E+00
+9.17500E-03,+40.44724E-03,+3.97613068E+00,+3.74404518E+00
+9.20000E-03,+47.50754E-03,+3.91331661E+00,+3.74404518E+00
+9.22500E-03,+54.74372E-03,+3.81909551E+00,+3.74404518E+00
+9.25000E-03,+61.97990E-03,+3.82537691E+00,+3.73776378E+00
+9.27500E-03,+67.60804E-03,+4.02010053E+00,+3.74404518E+00
+9.30000E-03,+70.02010E-03,+4.02010053E+00,+3.74404518E+00
+9.32500E-03,+68.18593E-03,+3.87562817E+00,+3.74404518E+00
+9.35000E-03,+62.80904E-03,+4.02010053E+00,+3.74404518E+00
+9.37500E-03,+56.17588E-03,+4.02010053E+00,+3.74404518E+00
+9.40000E-03,+48.68844E-03,+4.02010053E+00,+3.64982408E+00
+9.42500E-03,+41.87940E-03,+3.87562817E+00,+3.74404518E+00
+9.45000E-03,+37.08040E-03,+4.02010053E+00,+3.74404518E+00
+9.47500E-03,+33.03518E-03,+4.02010053E+00,+3.74404518E+00
+9.50000E-03,+31.05025E-03,+4.02010053E+00,+3.74404518E+00
+9.52500E-03,+29.81910E-03,+4.02010053E+00,+3.74404518E+00
+9.55000E-03,+28.21106E-03,+4.02638194E+00,+3.74404518E+00
+9.57500E-03,+25.79900E-03,+4.02010053E+00,+3.58701001E+00
+9.60000E-03,+23.81407E-03,+4.02010053E+00,+3.74404518E+00
+9.62500E-03,+20.74874E-03,+4.07663320E+00,+3.80057785E+00
+9.65000E-03,+17.78392E-03,+4.02010053E+00,+3.74404518E+00
+9.67500E-03,+16.95477E-03,+4.06407038E+00,+3.74404518E+00
+9.70000E-03,+15.34673E-03,+4.02010053E+00,+3.74404518E+00
+9.72500E-03,+14.54271E-03,+4.02010053E+00,+3.74404518E+00
+9.75000E-03,+13.73869E-03,+4.02638194E+00,+3.54932156E+00
+9.77500E-03,+12.13065E-03,+4.06407038E+00,+3.74404518E+00
+9.80000E-03,+10.89950E-03,+4.12688445E+00,+3.74404518E+00
+9.82500E-03,+9.71859E-03,+4.02010053E+00,+3.74404518E+00
+9.85000E-03,+8.13568E-03,+4.21482415E+00,+3.74404518E+00
+9.87500E-03,+7.93467E-03,+4.06407038E+00,+3.74404518E+00
+9.90000E-03,+6.50251E-03,+4.22110556E+00,+3.63726126E+00
+9.92500E-03,+6.50251E-03,+4.02010053E+00,+3.74404518E+00
+9.95000E-03,+5.69849E-03,+4.21482415E+00,+3.74404518E+00
+9.97500E-03,+5.69849E-03,+4.22110556E+00,+3.74404518E+00
+10.00000E-03,+4.89447E-03,+4.11432164E+00,+3.74404518E+00
+10.02500E-03,+4.31658E-03,+4.22110556E+00,+3.74404518E+00
+10.05000E-03,+4.09045E-03,+4.22110556E+00,+3.73776378E+00
+10.07500E-03,+4.09045E-03,+4.22110556E+00,+3.74404518E+00
+10.10000E-03,+4.09045E-03,+4.12688445E+00,+3.74404518E+00
+10.12500E-03,+4.09045E-03,+4.22110556E+00,+3.74404518E+00
+10.15000E-03,+3.28643E-03,+4.22110556E+00,+3.74404518E+00
+10.17500E-03,+3.46231E-03,+4.22110556E+00,+3.74404518E+00
+10.20000E-03,+3.71357E-03,+4.22110556E+00,+3.74404518E+00
+10.22500E-03,+3.28643E-03,+4.27763822E+00,+3.74404518E+00
+10.25000E-03,+3.28643E-03,+4.22110556E+00,+3.74404518E+00
+10.27500E-03,+2.65829E-03,+4.22110556E+00,+3.74404518E+00
+10.30000E-03,+2.48241E-03,+4.22110556E+00,+3.74404518E+00
+10.32500E-03,+2.48241E-03,+4.22110556E+00,+3.74404518E+00
+10.35000E-03,+2.48241E-03,+4.22110556E+00,+3.74404518E+00
+10.37500E-03,+1.67839E-03,+4.22110556E+00,+3.74404518E+00
+10.40000E-03,+1.67839E-03,+4.22110556E+00,+3.74404518E+00
+10.42500E-03,+1.67839E-03,+4.22110556E+00,+3.74404518E+00
+10.45000E-03,+1.67839E-03,+4.41582918E+00,+3.54304016E+00
+10.47500E-03,+1.67839E-03,+4.22110556E+00,+3.70007533E+00
+10.50000E-03,+1.25126E-03,+4.22110556E+00,+3.54304016E+00
+10.52500E-03,+1.45226E-03,+4.42211059E+00,+3.54304016E+00
+10.55000E-03,+1.65327E-03,+4.22110556E+00,+3.74404518E+00
+10.57500E-03,+874.37E-06,+4.22110556E+00,+3.74404518E+00
+10.60000E-03,+874.37E-06,+4.31532667E+00,+3.74404518E+00
+10.62500E-03,+874.37E-06,+4.27763822E+00,+3.74404518E+00
+10.65000E-03,+874.37E-06,+4.42211059E+00,+3.74404518E+00
+10.67500E-03,+1.50251E-03,+4.26507541E+00,+3.74404518E+00
+10.70000E-03,+1.67839E-03,+4.31532667E+00,+3.74404518E+00
+10.72500E-03,+874.37E-06,+4.42211059E+00,+3.74404518E+00
+10.75000E-03,+874.37E-06,+4.42211059E+00,+3.74404518E+00
+10.77500E-03,+874.37E-06,+4.26507541E+00,+3.74404518E+00
+10.80000E-03,+874.37E-06,+4.42211059E+00,+3.74404518E+00
+10.82500E-03,+1.67839E-03,+4.42211059E+00,+3.74404518E+00
+10.85000E-03,+1.67839E-03,+4.42211059E+00,+3.74404518E+00
+10.87500E-03,+1.05025E-03,+4.42211059E+00,+3.74404518E+00
+10.90000E-03,+1.30151E-03,+4.42211059E+00,+3.64982408E+00
+10.92500E-03,+1.67839E-03,+4.42211059E+00,+3.74404518E+00
+10.95000E-03,+1.67839E-03,+4.42211059E+00,+3.74404518E+00
+10.97500E-03,+2.30653E-03,+4.42211059E+00,+3.74404518E+00
+11.00000E-03,+2.48241E-03,+4.42211059E+00,+3.74404518E+00
+11.02500E-03,+2.48241E-03,+4.42211059E+00,+3.74404518E+00
+11.05000E-03,+3.28643E-03,+4.42211059E+00,+3.74404518E+00
+11.07500E-03,+3.28643E-03,+4.42211059E+00,+3.74404518E+00
+11.10000E-03,+3.28643E-03,+4.52889451E+00,+3.74404518E+00
+11.12500E-03,+4.09045E-03,+4.56658295E+00,+3.74404518E+00
+11.15000E-03,+4.89447E-03,+4.62311561E+00,+3.74404518E+00
+11.17500E-03,+5.69849E-03,+4.57914576E+00,+3.74404518E+00
+11.20000E-03,+6.87940E-03,+4.62311561E+00,+3.74404518E+00
+11.22500E-03,+8.11055E-03,+4.47864325E+00,+3.74404518E+00
+11.25000E-03,+8.93970E-03,+4.62311561E+00,+3.74404518E+00
+11.27500E-03,+10.69849E-03,+4.46608044E+00,+3.74404518E+00
+11.30000E-03,+12.93467E-03,+4.62311561E+00,+3.74404518E+00
+11.32500E-03,+15.34673E-03,+4.62311561E+00,+3.59957282E+00
+11.35000E-03,+18.56281E-03,+4.62311561E+00,+3.74404518E+00
+11.37500E-03,+21.77889E-03,+4.62311561E+00,+3.74404518E+00
+11.40000E-03,+25.37186E-03,+4.52889451E+00,+3.74404518E+00
+11.42500E-03,+29.59296E-03,+4.62311561E+00,+3.74404518E+00
+11.45000E-03,+33.81407E-03,+4.62311561E+00,+3.74404518E+00
+11.47500E-03,+36.25126E-03,+4.62311561E+00,+3.74404518E+00
+11.50000E-03,+37.85930E-03,+4.62311561E+00,+3.74404518E+00
+11.52500E-03,+37.85930E-03,+4.67964828E+00,+3.74404518E+00
+11.55000E-03,+36.25126E-03,+4.62311561E+00,+3.74404518E+00
+11.57500E-03,+33.03518E-03,+4.62311561E+00,+3.74404518E+00
+11.60000E-03,+30.62312E-03,+4.62311561E+00,+3.74404518E+00
+11.62500E-03,+27.40704E-03,+4.62311561E+00,+3.74404518E+00
+11.65000E-03,+24.99497E-03,+4.62311561E+00,+3.74404518E+00
+11.67500E-03,+23.21106E-03,+4.62311561E+00,+3.74404518E+00
+11.70000E-03,+20.97487E-03,+4.72989953E+00,+3.74404518E+00
+11.72500E-03,+20.17085E-03,+4.62311561E+00,+3.74404518E+00
+11.75000E-03,+18.56281E-03,+4.62311561E+00,+3.74404518E+00
+11.77500E-03,+17.75879E-03,+4.62311561E+00,+3.74404518E+00
+11.80000E-03,+16.95477E-03,+4.72989953E+00,+3.74404518E+00
+11.82500E-03,+16.15075E-03,+4.62311561E+00,+3.74404518E+00
+11.85000E-03,+15.34673E-03,+4.62939702E+00,+3.74404518E+00
+11.87500E-03,+13.73869E-03,+4.78015079E+00,+3.74404518E+00
+11.90000E-03,+12.55779E-03,+4.82412064E+00,+3.74404518E+00
+11.92500E-03,+11.32663E-03,+4.82412064E+00,+3.74404518E+00
+11.95000E-03,+10.52261E-03,+4.82412064E+00,+3.74404518E+00
+11.97500E-03,+9.54271E-03,+4.78015079E+00,+3.74404518E+00
+12.00000E-03,+8.91457E-03,+4.82412064E+00,+3.74404518E+00
+12.02500E-03,+8.68844E-03,+4.82412064E+00,+3.74404518E+00
+12.05000E-03,+8.11055E-03,+4.81783923E+00,+3.74404518E+00
+12.07500E-03,+7.30653E-03,+4.82412064E+00,+3.78801503E+00
+12.10000E-03,+7.30653E-03,+4.72989953E+00,+3.74404518E+00
+12.12500E-03,+6.72864E-03,+4.82412064E+00,+3.74404518E+00
+12.15000E-03,+6.50251E-03,+4.62939702E+00,+3.74404518E+00
+12.17500E-03,+6.32663E-03,+4.82412064E+00,+3.74404518E+00
+12.20000E-03,+5.69849E-03,+4.91834175E+00,+3.74404518E+00
+12.22500E-03,+5.47236E-03,+4.96859300E+00,+3.74404518E+00
+12.25000E-03,+4.89447E-03,+4.82412064E+00,+3.74404518E+00
+12.27500E-03,+4.89447E-03,+4.82412064E+00,+3.74404518E+00
+12.30000E-03,+4.09045E-03,+4.82412064E+00,+3.64982408E+00
+12.32500E-03,+4.09045E-03,+4.82412064E+00,+3.74404518E+00
+12.35000E-03,+4.06533E-03,+4.82412064E+00,+3.54932156E+00
+12.37500E-03,+3.91457E-03,+4.82412064E+00,+3.74404518E+00
+12.40000E-03,+3.28643E-03,+4.93090456E+00,+3.74404518E+00
+12.42500E-03,+3.28643E-03,+4.88065330E+00,+3.74404518E+00
+12.45000E-03,+3.26131E-03,+4.82412064E+00,+3.74404518E+00
+12.47500E-03,+3.28643E-03,+4.86809049E+00,+3.74404518E+00
+12.50000E-03,+3.28643E-03,+4.91834175E+00,+3.74404518E+00
+12.52500E-03,+3.06030E-03,+4.82412064E+00,+3.74404518E+00
+12.55000E-03,+2.50754E-03,+4.83040205E+00,+3.74404518E+00
+12.57500E-03,+2.48241E-03,+5.02512567E+00,+3.74404518E+00
+12.60000E-03,+2.90955E-03,+4.82412064E+00,+3.74404518E+00
+12.62500E-03,+2.48241E-03,+4.96859300E+00,+3.74404518E+00
+12.65000E-03,+3.28643E-03,+5.01884426E+00,+3.74404518E+00
+12.67500E-03,+3.28643E-03,+5.02512567E+00,+3.74404518E+00
+12.70000E-03,+3.28643E-03,+4.93090456E+00,+3.74404518E+00
+12.72500E-03,+2.70854E-03,+5.02512567E+00,+3.74404518E+00
+12.75000E-03,+3.28643E-03,+5.02512567E+00,+3.74404518E+00
+12.77500E-03,+3.28643E-03,+5.02512567E+00,+3.74404518E+00
+12.80000E-03,+4.09045E-03,+5.02512567E+00,+3.74404518E+00
+12.82500E-03,+4.66834E-03,+4.96859300E+00,+3.74404518E+00
+12.85000E-03,+4.89447E-03,+5.01884426E+00,+3.74404518E+00
+12.87500E-03,+5.69849E-03,+5.02512567E+00,+3.74404518E+00
+12.90000E-03,+6.07538E-03,+5.02512567E+00,+3.74404518E+00
+12.92500E-03,+7.30653E-03,+5.02512567E+00,+3.74404518E+00
+12.95000E-03,+8.11055E-03,+5.02512567E+00,+3.74404518E+00
+12.97500E-03,+9.71859E-03,+5.18216084E+00,+3.58701001E+00
+13.00000E-03,+12.13065E-03,+5.02512567E+00,+3.74404518E+00
+13.02500E-03,+14.54271E-03,+5.02512567E+00,+3.74404518E+00
+13.05000E-03,+18.53769E-03,+5.02512567E+00,+3.74404518E+00
+13.07500E-03,+23.38693E-03,+5.02512567E+00,+3.58701001E+00
+13.10000E-03,+29.81910E-03,+5.02512567E+00,+3.74404518E+00
+13.12500E-03,+37.05528E-03,+5.02512567E+00,+3.74404518E+00
+13.15000E-03,+43.48744E-03,+5.02512567E+00,+3.74404518E+00
+13.17500E-03,+46.87940E-03,+5.02512567E+00,+3.58701001E+00
+13.20000E-03,+45.89950E-03,+5.22613069E+00,+3.74404518E+00
+13.22500E-03,+40.49749E-03,+5.16959803E+00,+3.74404518E+00
+13.25000E-03,+33.86432E-03,+5.02512567E+00,+3.74404518E+00
+13.27500E-03,+28.83920E-03,+5.02512567E+00,+3.74404518E+00
+13.30000E-03,+25.42211E-03,+5.13190959E+00,+3.74404518E+00
+13.32500E-03,+22.80905E-03,+5.08165833E+00,+3.74404518E+00
+13.35000E-03,+20.97487E-03,+5.22613069E+00,+3.74404518E+00
+13.37500E-03,+18.56281E-03,+5.22613069E+00,+3.74404518E+00
+13.40000E-03,+15.72362E-03,+5.22613069E+00,+3.64982408E+00
+13.42500E-03,+13.73869E-03,+5.16959803E+00,+3.74404518E+00
+13.45000E-03,+11.32663E-03,+5.22613069E+00,+3.54932156E+00
+13.47500E-03,+9.71859E-03,+5.22613069E+00,+3.74404518E+00
+13.50000E-03,+8.91457E-03,+5.22613069E+00,+3.64982408E+00
+13.52500E-03,+8.11055E-03,+5.22613069E+00,+3.74404518E+00
+13.55000E-03,+7.30653E-03,+5.22613069E+00,+3.74404518E+00
+13.57500E-03,+6.50251E-03,+5.22613069E+00,+3.74404518E+00
+13.60000E-03,+4.89447E-03,+5.22613069E+00,+3.74404518E+00
+13.62500E-03,+4.66834E-03,+5.28266336E+00,+3.74404518E+00
+13.65000E-03,+4.09045E-03,+5.21984929E+00,+3.74404518E+00
+13.67500E-03,+3.28643E-03,+5.22613069E+00,+3.74404518E+00
+13.70000E-03,+3.28643E-03,+5.22613069E+00,+3.74404518E+00
+13.72500E-03,+2.48241E-03,+5.22613069E+00,+3.59957282E+00
+13.75000E-03,+2.48241E-03,+5.23241210E+00,+3.74404518E+00
+13.77500E-03,+2.48241E-03,+5.38316587E+00,+3.74404518E+00
+13.80000E-03,+2.48241E-03,+5.22613069E+00,+3.83826629E+00
+13.82500E-03,+2.48241E-03,+5.22613069E+00,+3.74404518E+00
+13.85000E-03,+2.48241E-03,+5.22613069E+00,+3.74404518E+00
+13.87500E-03,+1.85427E-03,+5.22613069E+00,+3.74404518E+00
+13.90000E-03,+2.05528E-03,+5.32035180E+00,+3.74404518E+00
+13.92500E-03,+1.90452E-03,+5.42713572E+00,+3.74404518E+00
+13.95000E-03,+1.70352E-03,+5.42713572E+00,+3.74404518E+00
+13.97500E-03,+1.67839E-03,+5.42713572E+00,+3.74404518E+00
+14.00000E-03,+1.67839E-03,+5.42713572E+00,+3.74404518E+00
+14.02500E-03,+1.67839E-03,+5.37060306E+00,+3.74404518E+00
+14.05000E-03,+1.67839E-03,+5.42713572E+00,+3.74404518E+00
+14.07500E-03,+1.50251E-03,+5.42713572E+00,+3.74404518E+00
+14.10000E-03,+1.30151E-03,+5.42713572E+00,+3.63726126E+00
+14.12500E-03,+1.10050E-03,+5.42713572E+00,+3.74404518E+00
+14.15000E-03,+874.37E-06,+5.23241210E+00,+3.74404518E+00
+14.17500E-03,+874.37E-06,+5.42713572E+00,+3.74404518E+00
+14.20000E-03,+874.37E-06,+5.42713572E+00,+3.74404518E+00
+14.22500E-03,+874.37E-06,+5.42713572E+00,+3.59957282E+00
+14.25000E-03,+849.25E-06,+5.42713572E+00,+3.74404518E+00
+14.27500E-03,+698.49E-06,+5.42713572E+00,+3.74404518E+00
+14.30000E-03,+874.37E-06,+5.42713572E+00,+3.74404518E+00
+14.32500E-03,+296.48E-06,+5.42713572E+00,+3.74404518E+00
+14.35000E-03,+70.35E-06,+5.42713572E+00,+3.74404518E+00
+14.37500E-03,+874.37E-06,+5.42713572E+00,+3.70007533E+00
+14.40000E-03,+70.35E-06,+5.42713572E+00,+3.74404518E+00
+14.42500E-03,+874.37E-06,+5.42713572E+00,+3.74404518E+00
+14.45000E-03,+95.48E-06,+5.42713572E+00,+3.74404518E+00
+14.47500E-03,+70.35E-06,+5.42713572E+00,+3.58701001E+00
+14.50000E-03,+70.35E-06,+5.42713572E+00,+3.74404518E+00
+14.52500E-03,+648.24E-06,+5.42713572E+00,+3.74404518E+00
+14.55000E-03,+70.35E-06,+5.42713572E+00,+3.74404518E+00
+14.57500E-03,+246.23E-06,+5.62814075E+00,+3.74404518E+00
+14.60000E-03,+447.24E-06,+5.53391964E+00,+3.74404518E+00
+14.62500E-03,+70.35E-06,+5.42713572E+00,+3.74404518E+00
+14.65000E-03,+70.35E-06,+5.62814075E+00,+3.74404518E+00
+14.67500E-03,+698.49E-06,+5.62814075E+00,+3.74404518E+00
+14.70000E-03,+497.49E-06,+5.62814075E+00,+3.74404518E+00
+14.72500E-03,+70.35E-06,+5.62814075E+00,+3.59957282E+00
+14.75000E-03,+849.25E-06,+5.62185934E+00,+3.73776378E+00
+14.77500E-03,+874.37E-06,+5.62814075E+00,+3.74404518E+00
+14.80000E-03,+874.37E-06,+5.62814075E+00,+3.74404518E+00
+14.82500E-03,+874.37E-06,+5.48366838E+00,+3.74404518E+00
+14.85000E-03,+1.65327E-03,+5.43341713E+00,+3.74404518E+00
+14.87500E-03,+874.37E-06,+5.62814075E+00,+3.74404518E+00
+14.90000E-03,+1.25126E-03,+5.62814075E+00,+3.74404518E+00
+14.92500E-03,+1.67839E-03,+5.62814075E+00,+3.74404518E+00
+14.95000E-03,+1.67839E-03,+5.62814075E+00,+3.74404518E+00
+14.97500E-03,+1.67839E-03,+5.62814075E+00,+3.74404518E+00
+15.00000E-03,+1.67839E-03,+5.73492467E+00,+3.74404518E+00
+15.02500E-03,+1.90452E-03,+5.62814075E+00,+3.74404518E+00
+15.05000E-03,+2.48241E-03,+5.82914577E+00,+3.74404518E+00
+15.07500E-03,+2.65829E-03,+5.67211060E+00,+3.74404518E+00
+15.10000E-03,+3.28643E-03,+5.73492467E+00,+3.54304016E+00
+15.12500E-03,+4.09045E-03,+5.68467341E+00,+3.74404518E+00
+15.15000E-03,+4.86935E-03,+5.82914577E+00,+3.74404518E+00
+15.17500E-03,+5.07035E-03,+5.82914577E+00,+3.74404518E+00
+15.20000E-03,+6.07538E-03,+5.82914577E+00,+3.74404518E+00
+15.22500E-03,+7.30653E-03,+5.68467341E+00,+3.74404518E+00
+15.25000E-03,+8.11055E-03,+5.63442215E+00,+3.74404518E+00
+15.27500E-03,+9.71859E-03,+5.67211060E+00,+3.74404518E+00
+15.30000E-03,+11.75377E-03,+5.82914577E+00,+3.64982408E+00
+15.32500E-03,+13.16080E-03,+5.77261311E+00,+3.74404518E+00
+15.35000E-03,+15.34673E-03,+5.82286437E+00,+3.74404518E+00
+15.37500E-03,+17.75879E-03,+5.82914577E+00,+3.74404518E+00
+15.40000E-03,+19.74372E-03,+5.82914577E+00,+3.74404518E+00
+15.42500E-03,+21.55276E-03,+5.68467341E+00,+3.74404518E+00
+15.45000E-03,+21.77889E-03,+5.82914577E+00,+3.74404518E+00
+15.47500E-03,+21.77889E-03,+5.82914577E+00,+3.74404518E+00
+15.50000E-03,+20.17085E-03,+5.82914577E+00,+3.74404518E+00
+15.52500E-03,+19.14070E-03,+5.82914577E+00,+3.74404518E+00
+15.55000E-03,+16.95477E-03,+5.82914577E+00,+3.74404518E+00
+15.57500E-03,+15.34673E-03,+5.82914577E+00,+3.74404518E+00
+15.60000E-03,+14.16583E-03,+5.92336688E+00,+3.74404518E+00
+15.62500E-03,+12.93467E-03,+5.82914577E+00,+3.74404518E+00
+15.65000E-03,+12.13065E-03,+6.02386939E+00,+3.74404518E+00
+15.67500E-03,+11.32663E-03,+5.82914577E+00,+3.74404518E+00
+15.70000E-03,+10.52261E-03,+5.82914577E+00,+3.74404518E+00
+15.72500E-03,+9.71859E-03,+5.82914577E+00,+3.74404518E+00
+15.75000E-03,+8.13568E-03,+5.83542718E+00,+3.74404518E+00
+15.77500E-03,+8.11055E-03,+5.82914577E+00,+3.54304016E+00
+15.80000E-03,+6.92965E-03,+5.93592969E+00,+3.74404518E+00
+15.82500E-03,+5.92462E-03,+5.82914577E+00,+3.74404518E+00
+15.85000E-03,+5.67337E-03,+5.82914577E+00,+3.74404518E+00
+15.87500E-03,+4.89447E-03,+5.82914577E+00,+3.74404518E+00
+15.90000E-03,+4.51759E-03,+5.92336688E+00,+3.74404518E+00
+15.92500E-03,+4.66834E-03,+5.88567844E+00,+3.74404518E+00
+15.95000E-03,+4.06533E-03,+5.83542718E+00,+3.74404518E+00
+15.97500E-03,+3.28643E-03,+6.03015080E+00,+3.74404518E+00
+16.00000E-03,+3.28643E-03,+5.93592969E+00,+3.74404518E+00
+16.02500E-03,+3.28643E-03,+6.03015080E+00,+3.74404518E+00
+16.05000E-03,+2.48241E-03,+6.03015080E+00,+3.74404518E+00
+16.07500E-03,+2.30653E-03,+6.03015080E+00,+3.70007533E+00
+16.10000E-03,+2.05528E-03,+6.03015080E+00,+3.74404518E+00
+16.12500E-03,+1.90452E-03,+6.03015080E+00,+3.74404518E+00
+16.15000E-03,+1.67839E-03,+6.03015080E+00,+3.74404518E+00
+16.17500E-03,+1.67839E-03,+6.03015080E+00,+3.74404518E+00
+16.20000E-03,+1.67839E-03,+6.03015080E+00,+3.74404518E+00
+16.22500E-03,+1.67839E-03,+6.03015080E+00,+3.74404518E+00
+16.25000E-03,+1.67839E-03,+6.03643221E+00,+3.74404518E+00
+16.27500E-03,+1.05025E-03,+6.03015080E+00,+3.74404518E+00
+16.30000E-03,+1.30151E-03,+6.03015080E+00,+3.74404518E+00
+16.32500E-03,+874.37E-06,+6.08668346E+00,+3.74404518E+00
+16.35000E-03,+1.67839E-03,+6.22487442E+00,+3.54932156E+00
+16.37500E-03,+1.67839E-03,+6.03015080E+00,+3.74404518E+00
+16.40000E-03,+1.67839E-03,+6.23115583E+00,+3.74404518E+00
+16.42500E-03,+1.67839E-03,+6.17462316E+00,+3.74404518E+00
+16.45000E-03,+1.67839E-03,+6.03015080E+00,+3.54932156E+00
+16.47500E-03,+1.67839E-03,+6.07412065E+00,+3.74404518E+00
+16.50000E-03,+2.48241E-03,+6.12437191E+00,+3.74404518E+00
+16.52500E-03,+2.48241E-03,+6.03015080E+00,+3.74404518E+00
+16.55000E-03,+3.26131E-03,+6.03015080E+00,+3.74404518E+00
+16.57500E-03,+3.28643E-03,+6.07412065E+00,+3.78801503E+00
+16.60000E-03,+4.09045E-03,+6.12437191E+00,+3.74404518E+00
+16.62500E-03,+5.12060E-03,+6.23115583E+00,+3.74404518E+00
+16.65000E-03,+6.50251E-03,+6.23115583E+00,+3.74404518E+00
+16.67500E-03,+7.93467E-03,+6.07412065E+00,+3.74404518E+00
+16.70000E-03,+10.52261E-03,+6.23115583E+00,+3.74404518E+00
+16.72500E-03,+13.73869E-03,+6.23115583E+00,+3.74404518E+00
+16.75000E-03,+17.73367E-03,+6.23115583E+00,+3.74404518E+00
+16.77500E-03,+21.95477E-03,+6.23115583E+00,+3.70007533E+00
+16.80000E-03,+25.79900E-03,+6.23115583E+00,+3.74404518E+00
+16.82500E-03,+28.21106E-03,+6.23115583E+00,+3.68751252E+00
+16.85000E-03,+27.40704E-03,+6.23115583E+00,+3.74404518E+00
+16.87500E-03,+23.56281E-03,+6.23115583E+00,+3.58701001E+00
+16.90000E-03,+20.17085E-03,+6.12437191E+00,+3.74404518E+00
+16.92500E-03,+16.95477E-03,+6.23115583E+00,+3.59957282E+00
+16.95000E-03,+16.15075E-03,+6.23115583E+00,+3.74404518E+00
+16.97500E-03,+13.73869E-03,+6.23115583E+00,+3.74404518E+00
+17.00000E-03,+12.93467E-03,+6.33793975E+00,+3.74404518E+00
+17.02500E-03,+11.10050E-03,+6.37562819E+00,+3.74404518E+00
+17.05000E-03,+8.91457E-03,+6.23115583E+00,+3.74404518E+00
+17.07500E-03,+7.93467E-03,+6.43216085E+00,+3.74404518E+00
+17.10000E-03,+6.50251E-03,+6.33793975E+00,+3.74404518E+00
+17.12500E-03,+5.92462E-03,+6.23115583E+00,+3.74404518E+00
+17.15000E-03,+5.69849E-03,+6.23743723E+00,+3.74404518E+00
+17.17500E-03,+4.89447E-03,+6.27512568E+00,+3.74404518E+00
+17.20000E-03,+4.09045E-03,+6.23115583E+00,+3.74404518E+00
+17.22500E-03,+3.28643E-03,+6.28768849E+00,+3.74404518E+00
+17.25000E-03,+3.28643E-03,+6.23115583E+00,+3.74404518E+00
+17.27500E-03,+3.11055E-03,+6.43216085E+00,+3.74404518E+00
+17.30000E-03,+2.48241E-03,+6.43216085E+00,+3.74404518E+00
+17.32500E-03,+2.48241E-03,+6.23115583E+00,+3.74404518E+00
+17.35000E-03,+1.67839E-03,+6.42587945E+00,+3.93876880E+00
+17.37500E-03,+1.67839E-03,+6.43216085E+00,+3.74404518E+00
+17.40000E-03,+1.25126E-03,+6.52638196E+00,+3.74404518E+00
+17.42500E-03,+1.67839E-03,+6.37562819E+00,+3.74404518E+00
+17.45000E-03,+1.67839E-03,+6.43216085E+00,+3.74404518E+00
+17.47500E-03,+1.67839E-03,+6.23115583E+00,+3.74404518E+00
+17.50000E-03,+1.67839E-03,+6.43216085E+00,+3.74404518E+00
+17.52500E-03,+1.45226E-03,+6.43216085E+00,+3.74404518E+00
+17.55000E-03,+899.50E-06,+6.43216085E+00,+3.74404518E+00
+17.57500E-03,+1.67839E-03,+6.47613070E+00,+3.74404518E+00
+17.60000E-03,+1.30151E-03,+6.43216085E+00,+3.74404518E+00
+17.62500E-03,+874.37E-06,+6.43216085E+00,+3.74404518E+00
+17.65000E-03,+1.67839E-03,+6.43216085E+00,+3.74404518E+00
+17.67500E-03,+1.50251E-03,+6.47613070E+00,+3.70007533E+00
+17.70000E-03,+874.37E-06,+6.43216085E+00,+3.74404518E+00
+17.72500E-03,+874.37E-06,+6.57663322E+00,+3.74404518E+00
+17.75000E-03,+874.37E-06,+6.43216085E+00,+3.74404518E+00
+17.77500E-03,+1.05025E-03,+6.43216085E+00,+3.74404518E+00
+17.80000E-03,+874.37E-06,+6.53894477E+00,+3.74404518E+00
+17.82500E-03,+874.37E-06,+6.48869352E+00,+3.74404518E+00
+17.85000E-03,+899.50E-06,+6.43844226E+00,+3.74404518E+00
+17.87500E-03,+874.37E-06,+6.47613070E+00,+3.74404518E+00
+17.90000E-03,+447.24E-06,+6.63316588E+00,+3.74404518E+00
+17.92500E-03,+296.48E-06,+6.43216085E+00,+3.74404518E+00
+17.95000E-03,+70.35E-06,+6.63316588E+00,+3.74404518E+00
+17.97500E-03,+70.35E-06,+6.63316588E+00,+3.74404518E+00
+18.00000E-03,+70.35E-06,+6.53894477E+00,+3.74404518E+00
+18.02500E-03,+874.37E-06,+6.63316588E+00,+3.88851755E+00
+18.05000E-03,+70.35E-06,+6.63316588E+00,+3.74404518E+00
+18.07500E-03,+246.23E-06,+6.63316588E+00,+3.70007533E+00
+18.10000E-03,+70.35E-06,+6.63316588E+00,+3.74404518E+00
+18.12500E-03,+70.35E-06,+6.63316588E+00,+3.74404518E+00
+18.15000E-03,+70.35E-06,+6.43844226E+00,+3.74404518E+00
+18.17500E-03,+70.35E-06,+6.58919603E+00,+3.54304016E+00
+18.20000E-03,+70.35E-06,+6.63316588E+00,+3.74404518E+00
+18.22500E-03,+70.35E-06,+6.63316588E+00,+3.74404518E+00
+18.25000E-03,+95.48E-06,+6.63316588E+00,+3.74404518E+00
+18.27500E-03,+70.35E-06,+6.63316588E+00,+3.74404518E+00
+18.30000E-03,+70.35E-06,+6.63316588E+00,+3.74404518E+00
+18.32500E-03,+296.48E-06,+6.63316588E+00,+3.74404518E+00
+18.35000E-03,+95.48E-06,+6.63316588E+00,+3.74404518E+00
+18.37500E-03,+70.35E-06,+6.63316588E+00,+3.74404518E+00
+18.40000E-03,+874.37E-06,+6.72738699E+00,+3.74404518E+00
+18.42500E-03,+874.37E-06,+6.63316588E+00,+3.80057785E+00
+18.45000E-03,+874.37E-06,+6.63316588E+00,+3.93876880E+00
+18.47500E-03,+1.50251E-03,+6.79020106E+00,+3.74404518E+00
+18.50000E-03,+874.37E-06,+6.63316588E+00,+3.74404518E+00
+18.52500E-03,+1.67839E-03,+6.63316588E+00,+3.74404518E+00
+18.55000E-03,+1.67839E-03,+6.63316588E+00,+3.74404518E+00
+18.57500E-03,+1.67839E-03,+6.79020106E+00,+3.74404518E+00
+18.60000E-03,+2.48241E-03,+6.83417091E+00,+3.74404518E+00
+18.62500E-03,+2.48241E-03,+6.77763824E+00,+3.74404518E+00
+18.65000E-03,+2.50754E-03,+6.83417091E+00,+3.74404518E+00
+18.67500E-03,+3.91457E-03,+6.79020106E+00,+3.58701001E+00
+18.70000E-03,+4.09045E-03,+6.73994980E+00,+3.74404518E+00
+18.72500E-03,+4.89447E-03,+6.83417091E+00,+3.74404518E+00
+18.75000E-03,+5.69849E-03,+6.83417091E+00,+3.74404518E+00
+18.77500E-03,+6.67839E-03,+6.67713573E+00,+3.74404518E+00
+18.80000E-03,+8.48744E-03,+6.83417091E+00,+3.74404518E+00
+18.82500E-03,+10.29648E-03,+6.77763824E+00,+3.74404518E+00
+18.85000E-03,+11.32663E-03,+6.83417091E+00,+3.73776378E+00
+18.87500E-03,+12.13065E-03,+6.83417091E+00,+3.74404518E+00
+18.90000E-03,+13.36181E-03,+6.83417091E+00,+3.74404518E+00
+18.92500E-03,+13.51256E-03,+6.83417091E+00,+3.74404518E+00
+18.95000E-03,+12.93467E-03,+6.82788950E+00,+3.74404518E+00
+18.97500E-03,+12.93467E-03,+6.83417091E+00,+3.74404518E+00
+19.00000E-03,+12.93467E-03,+6.83417091E+00,+3.63726126E+00
+19.02500E-03,+12.93467E-03,+6.68969854E+00,+3.74404518E+00
+19.05000E-03,+13.73869E-03,+6.83417091E+00,+3.74404518E+00
+19.07500E-03,+13.91457E-03,+7.03517593E+00,+3.74404518E+00
+19.10000E-03,+15.34673E-03,+6.94095483E+00,+3.74404518E+00
+19.12500E-03,+16.15075E-03,+6.83417091E+00,+3.74404518E+00
+19.15000E-03,+16.15075E-03,+7.02889453E+00,+3.74404518E+00
+19.17500E-03,+15.34673E-03,+6.99120608E+00,+3.74404518E+00
+19.20000E-03,+13.73869E-03,+6.94095483E+00,+3.74404518E+00
+19.22500E-03,+12.13065E-03,+6.83417091E+00,+3.74404518E+00
+19.25000E-03,+10.52261E-03,+7.03517593E+00,+3.74404518E+00
+19.27500E-03,+9.09045E-03,+6.99120608E+00,+3.74404518E+00
+19.30000E-03,+8.53769E-03,+7.03517593E+00,+3.74404518E+00
+19.32500E-03,+7.88442E-03,+6.83417091E+00,+3.68751252E+00
+19.35000E-03,+7.30653E-03,+7.03517593E+00,+3.74404518E+00
+19.37500E-03,+6.67839E-03,+7.03517593E+00,+3.74404518E+00
+19.40000E-03,+6.07538E-03,+7.03517593E+00,+3.74404518E+00
+19.42500E-03,+5.69849E-03,+7.03517593E+00,+3.68751252E+00
+19.45000E-03,+4.89447E-03,+7.03517593E+00,+3.74404518E+00
+19.47500E-03,+3.91457E-03,+6.87814076E+00,+3.74404518E+00
+19.50000E-03,+3.71357E-03,+7.03517593E+00,+3.63726126E+00
+19.52500E-03,+3.28643E-03,+7.17964830E+00,+3.74404518E+00
+19.55000E-03,+3.28643E-03,+7.04145734E+00,+3.74404518E+00
+19.57500E-03,+2.48241E-03,+7.03517593E+00,+3.74404518E+00
+19.60000E-03,+2.48241E-03,+7.03517593E+00,+3.74404518E+00
+19.62500E-03,+2.48241E-03,+7.03517593E+00,+3.74404518E+00
+19.65000E-03,+2.45729E-03,+7.03517593E+00,+3.73776378E+00
+19.67500E-03,+1.67839E-03,+7.03517593E+00,+3.74404518E+00
+19.70000E-03,+1.67839E-03,+7.12939704E+00,+3.74404518E+00
+19.72500E-03,+1.67839E-03,+7.03517593E+00,+3.74404518E+00
+19.75000E-03,+874.37E-06,+7.03517593E+00,+3.74404518E+00
+19.77500E-03,+874.37E-06,+7.03517593E+00,+3.58701001E+00
+19.80000E-03,+1.67839E-03,+7.12939704E+00,+3.74404518E+00
+19.82500E-03,+1.67839E-03,+7.09170860E+00,+3.74404518E+00
+19.85000E-03,+1.67839E-03,+7.22989955E+00,+3.74404518E+00
+19.87500E-03,+1.67839E-03,+7.23618096E+00,+3.74404518E+00
+19.90000E-03,+1.67839E-03,+7.23618096E+00,+3.74404518E+00
+19.92500E-03,+1.67839E-03,+7.03517593E+00,+3.74404518E+00
+19.95000E-03,+1.67839E-03,+7.23618096E+00,+3.74404518E+00
+19.97500E-03,+3.11055E-03,+7.19221111E+00,+3.74404518E+00
+20.00000E-03,+3.28643E-03,+7.23618096E+00,+3.74404518E+00
+20.02500E-03,+3.51256E-03,+7.23618096E+00,+3.74404518E+00
+20.05000E-03,+4.09045E-03,+7.23618096E+00,+3.74404518E+00
+20.07500E-03,+5.69849E-03,+7.19221111E+00,+3.74404518E+00
+20.10000E-03,+6.50251E-03,+7.23618096E+00,+3.54304016E+00
+20.12500E-03,+8.91457E-03,+7.17964830E+00,+3.74404518E+00
+20.15000E-03,+11.30151E-03,+7.23618096E+00,+3.74404518E+00
+20.17500E-03,+13.56281E-03,+7.23618096E+00,+3.74404518E+00
+20.20000E-03,+16.15075E-03,+7.33040207E+00,+3.74404518E+00
+20.22500E-03,+16.15075E-03,+7.23618096E+00,+3.74404518E+00
+20.25000E-03,+16.92965E-03,+7.23618096E+00,+3.74404518E+00
+20.27500E-03,+16.15075E-03,+7.43718599E+00,+3.74404518E+00
+20.30000E-03,+16.15075E-03,+7.23618096E+00,+3.74404518E+00
+20.32500E-03,+16.37688E-03,+7.23618096E+00,+3.74404518E+00
+20.35000E-03,+17.75879E-03,+7.23618096E+00,+3.74404518E+00
+20.37500E-03,+19.36683E-03,+7.23618096E+00,+3.74404518E+00
+20.40000E-03,+20.17085E-03,+7.34296488E+00,+3.74404518E+00
+20.42500E-03,+19.59296E-03,+7.23618096E+00,+3.74404518E+00
+20.45000E-03,+17.73367E-03,+7.23618096E+00,+3.74404518E+00
+20.47500E-03,+14.54271E-03,+7.23618096E+00,+3.74404518E+00
+20.50000E-03,+12.55779E-03,+7.23618096E+00,+3.74404518E+00
+20.52500E-03,+11.32663E-03,+7.38065332E+00,+3.74404518E+00
+20.55000E-03,+10.49749E-03,+7.43090458E+00,+3.74404518E+00
+20.57500E-03,+9.54271E-03,+7.43718599E+00,+3.74404518E+00
+20.60000E-03,+8.48744E-03,+7.34296488E+00,+3.74404518E+00
+20.62500E-03,+7.08040E-03,+7.43718599E+00,+3.59957282E+00
+20.65000E-03,+6.47739E-03,+7.23618096E+00,+3.74404518E+00
+20.67500E-03,+4.89447E-03,+7.43718599E+00,+3.74404518E+00
+20.70000E-03,+4.09045E-03,+7.23618096E+00,+3.74404518E+00
+20.72500E-03,+4.31658E-03,+7.43718599E+00,+3.74404518E+00
+20.75000E-03,+4.06533E-03,+7.43718599E+00,+3.54932156E+00
+20.77500E-03,+3.28643E-03,+7.43718599E+00,+3.74404518E+00
+20.80000E-03,+2.85930E-03,+7.34296488E+00,+3.74404518E+00
+20.82500E-03,+2.48241E-03,+7.43718599E+00,+3.74404518E+00
+20.85000E-03,+2.48241E-03,+7.43718599E+00,+3.54932156E+00
+20.87500E-03,+1.67839E-03,+7.43718599E+00,+3.74404518E+00
+20.90000E-03,+1.67839E-03,+7.43718599E+00,+3.74404518E+00
+20.92500E-03,+1.67839E-03,+7.49371865E+00,+3.74404518E+00
+20.95000E-03,+1.65327E-03,+7.43718599E+00,+3.74404518E+00
+20.97500E-03,+1.50251E-03,+7.43718599E+00,+3.74404518E+00
+21.00000E-03,+874.37E-06,+7.43718599E+00,+3.64982408E+00
+21.02500E-03,+1.45226E-03,+7.43718599E+00,+3.74404518E+00
+21.05000E-03,+874.37E-06,+7.44346739E+00,+3.74404518E+00
+21.07500E-03,+874.37E-06,+7.43718599E+00,+3.74404518E+00
+21.10000E-03,+874.37E-06,+7.54396991E+00,+3.74404518E+00
+21.12500E-03,+874.37E-06,+7.43718599E+00,+3.74404518E+00
+21.15000E-03,+874.37E-06,+7.44346739E+00,+3.74404518E+00
+21.17500E-03,+874.37E-06,+7.63819101E+00,+3.58701001E+00
+21.20000E-03,+874.37E-06,+7.54396991E+00,+3.74404518E+00
+21.22500E-03,+874.37E-06,+7.49371865E+00,+3.74404518E+00
+21.25000E-03,+874.37E-06,+7.63819101E+00,+3.74404518E+00
+21.27500E-03,+874.37E-06,+7.48115584E+00,+3.74404518E+00
+21.30000E-03,+874.37E-06,+7.63819101E+00,+3.74404518E+00
+21.32500E-03,+296.48E-06,+7.43718599E+00,+3.74404518E+00
+21.35000E-03,+95.48E-06,+7.63190961E+00,+3.73776378E+00
+21.37500E-03,+698.49E-06,+7.63819101E+00,+3.74404518E+00
+21.40000E-03,+497.49E-06,+7.63819101E+00,+3.74404518E+00
+21.42500E-03,+70.35E-06,+7.63819101E+00,+3.74404518E+00
+21.45000E-03,+95.48E-06,+7.63819101E+00,+3.74404518E+00
+21.47500E-03,+70.35E-06,+7.63819101E+00,+3.74404518E+00
+21.50000E-03,+70.35E-06,+7.63819101E+00,+3.74404518E+00
+21.52500E-03,+70.35E-06,+7.63819101E+00,+3.74404518E+00
+21.55000E-03,+95.48E-06,+7.63819101E+00,+3.74404518E+00
+21.57500E-03,+70.35E-06,+7.63819101E+00,+3.74404518E+00
+21.60000E-03,+70.35E-06,+7.63819101E+00,+3.74404518E+00
+21.62500E-03,+70.35E-06,+7.63819101E+00,+3.59957282E+00
+21.65000E-03,+70.35E-06,+7.63819101E+00,+3.74404518E+00
+21.67500E-03,+70.35E-06,+7.68216086E+00,+3.74404518E+00
+21.70000E-03,+447.24E-06,+7.73241212E+00,+3.74404518E+00
+21.72500E-03,+648.24E-06,+7.63819101E+00,+3.74404518E+00
+21.75000E-03,+70.35E-06,+7.83291463E+00,+3.74404518E+00
+21.77500E-03,+70.35E-06,+7.63819101E+00,+3.58701001E+00
+21.80000E-03,+70.35E-06,+7.74497493E+00,+3.74404518E+00
+21.82500E-03,+648.24E-06,+7.69472368E+00,+3.74404518E+00
+21.85000E-03,+70.35E-06,+7.64447242E+00,+3.74404518E+00
+21.87500E-03,+70.35E-06,+7.83919604E+00,+3.74404518E+00
+21.90000E-03,+70.35E-06,+7.73241212E+00,+3.74404518E+00
+21.92500E-03,+70.35E-06,+7.78266338E+00,+3.74404518E+00
+21.95000E-03,+70.35E-06,+7.83291463E+00,+3.74404518E+00
+21.97500E-03,+70.35E-06,+7.83919604E+00,+3.74404518E+00
+22.00000E-03,+70.35E-06,+7.73241212E+00,+3.74404518E+00
+22.02500E-03,+70.35E-06,+7.83919604E+00,+3.74404518E+00
+22.05000E-03,+849.25E-06,+7.64447242E+00,+3.74404518E+00
+22.07500E-03,+698.49E-06,+7.83919604E+00,+3.74404518E+00
+22.10000E-03,+874.37E-06,+7.74497493E+00,+3.74404518E+00
+22.12500E-03,+874.37E-06,+7.83919604E+00,+3.74404518E+00
+22.15000E-03,+874.37E-06,+7.83291463E+00,+3.74404518E+00
+22.17500E-03,+874.37E-06,+7.83919604E+00,+3.74404518E+00
+22.20000E-03,+874.37E-06,+7.73241212E+00,+3.74404518E+00
+22.22500E-03,+1.67839E-03,+7.83919604E+00,+3.74404518E+00
+22.25000E-03,+1.67839E-03,+7.83919604E+00,+3.73776378E+00
+22.27500E-03,+2.48241E-03,+7.88316589E+00,+3.74404518E+00
+22.30000E-03,+2.48241E-03,+7.83919604E+00,+3.74404518E+00
+22.32500E-03,+3.28643E-03,+7.83919604E+00,+3.74404518E+00
+22.35000E-03,+3.28643E-03,+7.83919604E+00,+3.74404518E+00
+22.37500E-03,+4.89447E-03,+7.83919604E+00,+3.74404518E+00
+22.40000E-03,+6.07538E-03,+7.93341715E+00,+3.74404518E+00
+22.42500E-03,+7.30653E-03,+7.98366840E+00,+3.74404518E+00
+22.45000E-03,+8.11055E-03,+7.83919604E+00,+3.74404518E+00
+22.47500E-03,+10.52261E-03,+7.99623122E+00,+3.74404518E+00
+22.50000E-03,+11.75377E-03,+8.04020107E+00,+3.74404518E+00
+22.52500E-03,+12.93467E-03,+7.83919604E+00,+3.74404518E+00
+22.55000E-03,+12.93467E-03,+8.04020107E+00,+3.74404518E+00
+22.57500E-03,+12.93467E-03,+7.99623122E+00,+3.74404518E+00
+22.60000E-03,+12.13065E-03,+8.04020107E+00,+3.74404518E+00
+22.62500E-03,+11.32663E-03,+8.04020107E+00,+3.59957282E+00
+22.65000E-03,+11.30151E-03,+7.84547745E+00,+3.74404518E+00
+22.67500E-03,+10.52261E-03,+8.04020107E+00,+3.74404518E+00
+22.70000E-03,+10.57286E-03,+7.93341715E+00,+3.74404518E+00
+22.72500E-03,+11.10050E-03,+8.04020107E+00,+3.74404518E+00
+22.75000E-03,+10.52261E-03,+8.04020107E+00,+3.74404518E+00
+22.77500E-03,+10.52261E-03,+7.99623122E+00,+3.74404518E+00
+22.80000E-03,+8.91457E-03,+8.04020107E+00,+3.74404518E+00
+22.82500E-03,+7.88442E-03,+8.04020107E+00,+3.74404518E+00
+22.85000E-03,+7.30653E-03,+8.04020107E+00,+3.74404518E+00
+22.87500E-03,+5.69849E-03,+8.04020107E+00,+3.74404518E+00
+22.90000E-03,+5.27136E-03,+8.04020107E+00,+3.74404518E+00
+22.92500E-03,+4.89447E-03,+8.04020107E+00,+3.74404518E+00
+22.95000E-03,+4.09045E-03,+8.04020107E+00,+3.74404518E+00
+22.97500E-03,+4.09045E-03,+8.04020107E+00,+3.70007533E+00
+23.00000E-03,+3.28643E-03,+8.04020107E+00,+3.74404518E+00
+23.02500E-03,+3.28643E-03,+8.04020107E+00,+3.74404518E+00
+23.05000E-03,+2.50754E-03,+8.04020107E+00,+3.93876880E+00
+23.07500E-03,+2.48241E-03,+8.04020107E+00,+3.74404518E+00
+23.10000E-03,+1.67839E-03,+7.93341715E+00,+3.74404518E+00
+23.12500E-03,+2.25628E-03,+8.09673373E+00,+3.74404518E+00
+23.15000E-03,+1.67839E-03,+8.23492469E+00,+3.74404518E+00
+23.17500E-03,+1.67839E-03,+8.04020107E+00,+3.74404518E+00
+23.20000E-03,+1.25126E-03,+8.14698499E+00,+3.74404518E+00
+23.22500E-03,+1.67839E-03,+8.18467343E+00,+3.74404518E+00
+23.25000E-03,+1.65327E-03,+8.24120609E+00,+3.74404518E+00
+23.27500E-03,+874.37E-06,+8.24120609E+00,+3.74404518E+00
+23.30000E-03,+874.37E-06,+8.24120609E+00,+3.74404518E+00
+23.32500E-03,+874.37E-06,+8.24120609E+00,+3.74404518E+00
+23.35000E-03,+874.37E-06,+8.24120609E+00,+3.54932156E+00
+23.37500E-03,+1.50251E-03,+8.24120609E+00,+3.74404518E+00
+23.40000E-03,+1.30151E-03,+8.24120609E+00,+3.74404518E+00
+23.42500E-03,+1.67839E-03,+8.18467343E+00,+3.74404518E+00
+23.45000E-03,+1.67839E-03,+8.24120609E+00,+3.74404518E+00
+23.47500E-03,+1.67839E-03,+8.08417092E+00,+3.58701001E+00
+23.50000E-03,+2.10553E-03,+8.34799001E+00,+3.74404518E+00
+23.52500E-03,+2.48241E-03,+8.24120609E+00,+3.74404518E+00
+23.55000E-03,+3.26131E-03,+8.43592971E+00,+3.74404518E+00
+23.57500E-03,+3.28643E-03,+8.24120609E+00,+3.74404518E+00
+23.60000E-03,+3.71357E-03,+8.24120609E+00,+3.74404518E+00
+23.62500E-03,+5.12060E-03,+8.24120609E+00,+3.74404518E+00
+23.65000E-03,+6.50251E-03,+8.24120609E+00,+3.74404518E+00
+23.67500E-03,+8.28643E-03,+8.24120609E+00,+3.74404518E+00
+23.70000E-03,+10.52261E-03,+8.24120609E+00,+3.74404518E+00
+23.72500E-03,+13.16080E-03,+8.38567846E+00,+3.74404518E+00
+23.75000E-03,+16.15075E-03,+8.24120609E+00,+3.74404518E+00
+23.77500E-03,+17.75879E-03,+8.24120609E+00,+3.74404518E+00
+23.80000E-03,+18.13568E-03,+8.24120609E+00,+3.74404518E+00
+23.82500E-03,+16.95477E-03,+8.38567846E+00,+3.74404518E+00
+23.85000E-03,+15.37186E-03,+8.43592971E+00,+3.74404518E+00
+23.87500E-03,+14.54271E-03,+8.24120609E+00,+3.74404518E+00
+23.90000E-03,+14.54271E-03,+8.34799001E+00,+3.63726126E+00
+23.92500E-03,+15.34673E-03,+8.24120609E+00,+3.74404518E+00
+23.95000E-03,+14.56784E-03,+8.44221112E+00,+3.74404518E+00
+23.97500E-03,+13.73869E-03,+8.39824127E+00,+3.74404518E+00
+24.00000E-03,+12.13065E-03,+8.44221112E+00,+3.74404518E+00
+24.02500E-03,+10.29648E-03,+8.44221112E+00,+3.88851755E+00
+24.05000E-03,+8.91457E-03,+8.44221112E+00,+3.74404518E+00
+24.07500E-03,+8.11055E-03,+8.44221112E+00,+3.74404518E+00
+24.10000E-03,+7.30653E-03,+8.44221112E+00,+3.74404518E+00
+24.12500E-03,+6.72864E-03,+8.44221112E+00,+3.74404518E+00
+24.15000E-03,+6.50251E-03,+8.44221112E+00,+3.74404518E+00
+24.17500E-03,+5.52261E-03,+8.44221112E+00,+3.74404518E+00
+24.20000E-03,+4.89447E-03,+8.44221112E+00,+3.63726126E+00
+24.22500E-03,+4.89447E-03,+8.44221112E+00,+3.74404518E+00
+24.25000E-03,+4.09045E-03,+8.44221112E+00,+3.74404518E+00
+24.27500E-03,+4.09045E-03,+8.44221112E+00,+3.74404518E+00
+24.30000E-03,+4.09045E-03,+8.44221112E+00,+3.74404518E+00
+24.32500E-03,+4.09045E-03,+8.44221112E+00,+3.74404518E+00
+24.35000E-03,+4.09045E-03,+8.63693474E+00,+3.54932156E+00
+24.37500E-03,+4.09045E-03,+8.44221112E+00,+3.74404518E+00
+24.40000E-03,+4.09045E-03,+8.44221112E+00,+3.74404518E+00
+24.42500E-03,+4.09045E-03,+8.58668348E+00,+3.74404518E+00
+24.45000E-03,+4.09045E-03,+8.44221112E+00,+3.74404518E+00
+24.47500E-03,+4.71859E-03,+8.64321615E+00,+3.74404518E+00
+24.50000E-03,+4.89447E-03,+8.44221112E+00,+3.74404518E+00
+24.52500E-03,+4.09045E-03,+8.64321615E+00,+3.68751252E+00
+24.55000E-03,+4.11558E-03,+8.44221112E+00,+3.54932156E+00
+24.57500E-03,+4.09045E-03,+8.44221112E+00,+3.74404518E+00
+24.60000E-03,+4.09045E-03,+8.53643223E+00,+3.74404518E+00
+24.62500E-03,+3.51256E-03,+8.49874378E+00,+3.74404518E+00
+24.65000E-03,+3.28643E-03,+8.64321615E+00,+3.74404518E+00
+24.67500E-03,+3.28643E-03,+8.64321615E+00,+3.58701001E+00
+24.70000E-03,+2.85930E-03,+8.53643223E+00,+3.74404518E+00
+24.72500E-03,+3.06030E-03,+8.64321615E+00,+3.74404518E+00
+24.75000E-03,+3.28643E-03,+8.64321615E+00,+3.74404518E+00
+24.77500E-03,+2.48241E-03,+8.64321615E+00,+3.70007533E+00
+24.80000E-03,+2.48241E-03,+8.54899504E+00,+3.74404518E+00
+24.82500E-03,+2.48241E-03,+8.64321615E+00,+3.74404518E+00
+24.85000E-03,+2.48241E-03,+8.64321615E+00,+3.74404518E+00
+24.87500E-03,+2.30653E-03,+8.64321615E+00,+3.74404518E+00
+24.90000E-03,+2.48241E-03,+8.73743725E+00,+3.74404518E+00
+24.92500E-03,+1.67839E-03,+8.64321615E+00,+3.74404518E+00
+24.95000E-03,+1.70352E-03,+8.64321615E+00,+3.74404518E+00
+24.97500E-03,+2.30653E-03,+8.64321615E+00,+3.74404518E+00
+25.00000E-03,+1.67839E-03,+8.64321615E+00,+3.74404518E+00
+25.02500E-03,+1.90452E-03,+8.64321615E+00,+3.74404518E+00
+25.05000E-03,+1.70352E-03,+8.64321615E+00,+3.74404518E+00
+25.07500E-03,+1.67839E-03,+8.64321615E+00,+3.74404518E+00
+25.10000E-03,+2.05528E-03,+8.64321615E+00,+3.85082910E+00
+25.12500E-03,+1.67839E-03,+8.69974881E+00,+3.74404518E+00
+25.15000E-03,+2.45729E-03,+8.64321615E+00,+3.74404518E+00
+25.17500E-03,+2.48241E-03,+8.64321615E+00,+3.74404518E+00
+25.20000E-03,+2.48241E-03,+8.64321615E+00,+3.74404518E+00
+25.22500E-03,+2.48241E-03,+8.84422117E+00,+3.74404518E+00
+25.25000E-03,+3.26131E-03,+8.64321615E+00,+3.73776378E+00
+25.27500E-03,+3.28643E-03,+8.68718600E+00,+3.74404518E+00
+25.30000E-03,+3.28643E-03,+8.73743725E+00,+3.74404518E+00
+25.32500E-03,+3.28643E-03,+8.84422117E+00,+3.74404518E+00
+25.35000E-03,+4.06533E-03,+8.84422117E+00,+3.74404518E+00
+25.37500E-03,+4.09045E-03,+8.64321615E+00,+3.74404518E+00
+25.40000E-03,+4.89447E-03,+8.84422117E+00,+3.74404518E+00
+25.42500E-03,+4.89447E-03,+8.84422117E+00,+3.74404518E+00
+25.45000E-03,+5.69849E-03,+8.83793977E+00,+3.73776378E+00
+25.47500E-03,+6.32663E-03,+8.80025133E+00,+3.74404518E+00
+25.50000E-03,+6.50251E-03,+8.84422117E+00,+3.63726126E+00
+25.52500E-03,+7.88442E-03,+8.69974881E+00,+3.74404518E+00
+25.55000E-03,+8.91457E-03,+8.84422117E+00,+3.74404518E+00
+25.57500E-03,+10.52261E-03,+8.95728650E+00,+3.74404518E+00
+25.60000E-03,+11.32663E-03,+8.84422117E+00,+3.74404518E+00
+25.62500E-03,+13.51256E-03,+8.90075384E+00,+3.74404518E+00
+25.65000E-03,+15.34673E-03,+8.84422117E+00,+3.74404518E+00
+25.67500E-03,+17.93467E-03,+8.84422117E+00,+3.70007533E+00
+25.70000E-03,+22.15578E-03,+8.84422117E+00,+3.74404518E+00
+25.72500E-03,+25.22111E-03,+8.84422117E+00,+3.74404518E+00
+25.75000E-03,+30.62312E-03,+8.84422117E+00,+3.74404518E+00
+25.77500E-03,+36.25126E-03,+8.84422117E+00,+3.74404518E+00
+25.80000E-03,+42.68342E-03,+8.93844228E+00,+3.74404518E+00
+25.82500E-03,+48.31156E-03,+8.84422117E+00,+3.68751252E+00
+25.85000E-03,+53.13568E-03,+9.04522620E+00,+3.74404518E+00
+25.87500E-03,+54.74372E-03,+9.04522620E+00,+3.74404518E+00
+25.90000E-03,+53.56281E-03,+8.93844228E+00,+3.74404518E+00
+25.92500E-03,+49.11558E-03,+8.90075384E+00,+3.74404518E+00
+25.95000E-03,+43.48744E-03,+9.04522620E+00,+3.74404518E+00
+25.97500E-03,+37.68342E-03,+9.00125635E+00,+3.74404518E+00
+26.00000E-03,+33.03518E-03,+9.04522620E+00,+3.64982408E+00
+26.02500E-03,+29.01508E-03,+9.04522620E+00,+3.74404518E+00
+26.05000E-03,+25.82412E-03,+9.03894479E+00,+3.74404518E+00
+26.07500E-03,+24.81910E-03,+9.04522620E+00,+3.74404518E+00
+26.10000E-03,+23.38693E-03,+9.04522620E+00,+3.63726126E+00
+26.12500E-03,+22.00503E-03,+8.90075384E+00,+3.74404518E+00
+26.15000E-03,+20.17085E-03,+9.04522620E+00,+3.74404518E+00
+26.17500E-03,+18.56281E-03,+9.04522620E+00,+3.74404518E+00
+26.20000E-03,+16.95477E-03,+8.95100510E+00,+3.63726126E+00
+26.22500E-03,+15.34673E-03,+9.04522620E+00,+3.59957282E+00
+26.25000E-03,+13.73869E-03,+9.04522620E+00,+3.74404518E+00
+26.27500E-03,+12.75879E-03,+9.04522620E+00,+3.74404518E+00
+26.30000E-03,+12.13065E-03,+9.04522620E+00,+3.74404518E+00
+26.32500E-03,+11.32663E-03,+9.04522620E+00,+3.74404518E+00
+26.35000E-03,+11.30151E-03,+9.24623123E+00,+3.74404518E+00
+26.37500E-03,+9.89447E-03,+9.04522620E+00,+3.74404518E+00
+26.40000E-03,+8.91457E-03,+9.04522620E+00,+3.74404518E+00
+26.42500E-03,+8.11055E-03,+9.18969856E+00,+3.74404518E+00
+26.45000E-03,+8.11055E-03,+9.04522620E+00,+3.74404518E+00
+26.47500E-03,+6.67839E-03,+9.08919605E+00,+3.74404518E+00
+26.50000E-03,+6.92965E-03,+9.04522620E+00,+3.63726126E+00
+26.52500E-03,+6.50251E-03,+9.10175887E+00,+3.74404518E+00
+26.55000E-03,+6.47739E-03,+9.24623123E+00,+3.74404518E+00
+26.57500E-03,+5.87437E-03,+9.20226138E+00,+3.74404518E+00
+26.60000E-03,+5.69849E-03,+9.15201012E+00,+3.74404518E+00
+26.62500E-03,+4.89447E-03,+9.24623123E+00,+3.74404518E+00
+26.65000E-03,+4.91960E-03,+9.24623123E+00,+3.74404518E+00
+26.67500E-03,+5.69849E-03,+9.04522620E+00,+3.74404518E+00
+26.70000E-03,+5.69849E-03,+9.24623123E+00,+3.74404518E+00
+26.72500E-03,+6.27638E-03,+9.24623123E+00,+3.68751252E+00
+26.75000E-03,+5.72362E-03,+9.24623123E+00,+3.74404518E+00
+26.77500E-03,+6.67839E-03,+9.24623123E+00,+3.74404518E+00
+26.80000E-03,+7.30653E-03,+9.24623123E+00,+3.74404518E+00
+26.82500E-03,+8.33668E-03,+9.24623123E+00,+3.74404518E+00
+26.85000E-03,+8.91457E-03,+9.24623123E+00,+3.74404518E+00
+26.87500E-03,+11.15075E-03,+9.24623123E+00,+3.78801503E+00
+26.90000E-03,+12.93467E-03,+9.24623123E+00,+3.74404518E+00
+26.92500E-03,+15.57286E-03,+9.10175887E+00,+3.74404518E+00
+26.95000E-03,+19.34171E-03,+9.24623123E+00,+3.74404518E+00
+26.97500E-03,+23.21106E-03,+9.40326641E+00,+3.70007533E+00
+27.00000E-03,+28.21106E-03,+9.34045233E+00,+3.74404518E+00
+27.02500E-03,+36.25126E-03,+9.30276389E+00,+3.74404518E+00
+27.05000E-03,+45.09548E-03,+9.44095485E+00,+3.74404518E+00
+27.07500E-03,+56.35176E-03,+9.40326641E+00,+3.74404518E+00
+27.10000E-03,+65.62312E-03,+9.24623123E+00,+3.74404518E+00
+27.12500E-03,+70.02010E-03,+9.30276389E+00,+3.74404518E+00
+27.15000E-03,+66.80402E-03,+9.24623123E+00,+3.74404518E+00
+27.17500E-03,+58.58794E-03,+9.40326641E+00,+3.74404518E+00
+27.20000E-03,+49.11558E-03,+9.24623123E+00,+3.74404518E+00
+27.22500E-03,+40.49749E-03,+9.44723625E+00,+3.74404518E+00
+27.25000E-03,+35.42211E-03,+9.25251264E+00,+3.74404518E+00
+27.27500E-03,+31.42714E-03,+9.24623123E+00,+3.74404518E+00
+27.30000E-03,+29.01508E-03,+9.34045233E+00,+3.83826629E+00
+27.32500E-03,+27.40704E-03,+9.44723625E+00,+3.74404518E+00
+27.35000E-03,+24.99497E-03,+9.25251264E+00,+3.74404518E+00
+27.37500E-03,+22.40704E-03,+9.44723625E+00,+3.74404518E+00
+27.40000E-03,+19.36683E-03,+9.35301515E+00,+3.74404518E+00
+27.42500E-03,+17.18090E-03,+9.24623123E+00,+3.74404518E+00
+27.45000E-03,+15.34673E-03,+9.44095485E+00,+3.54932156E+00
+27.47500E-03,+14.54271E-03,+9.44723625E+00,+3.74404518E+00
+27.50000E-03,+13.73869E-03,+9.44723625E+00,+3.74404518E+00
+27.52500E-03,+12.70854E-03,+9.44723625E+00,+3.74404518E+00
+27.55000E-03,+11.32663E-03,+9.44723625E+00,+3.74404518E+00
+27.57500E-03,+9.71859E-03,+9.44723625E+00,+3.74404518E+00
+27.60000E-03,+8.53769E-03,+9.44723625E+00,+3.74404518E+00
+27.62500E-03,+7.88442E-03,+9.44723625E+00,+3.74404518E+00
+27.65000E-03,+7.30653E-03,+9.44723625E+00,+3.54932156E+00
+27.67500E-03,+6.50251E-03,+9.44723625E+00,+3.74404518E+00
+27.70000E-03,+5.69849E-03,+9.44723625E+00,+3.74404518E+00
+27.72500E-03,+4.89447E-03,+9.44723625E+00,+3.74404518E+00
+27.75000E-03,+4.89447E-03,+9.44723625E+00,+3.74404518E+00
+27.77500E-03,+4.09045E-03,+9.60427143E+00,+3.74404518E+00
+27.80000E-03,+4.09045E-03,+9.44723625E+00,+3.74404518E+00
+27.82500E-03,+4.09045E-03,+9.44723625E+00,+3.59957282E+00
+27.85000E-03,+3.28643E-03,+9.44723625E+00,+3.74404518E+00
+27.87500E-03,+3.28643E-03,+9.64824128E+00,+3.74404518E+00
+27.90000E-03,+2.48241E-03,+9.44723625E+00,+3.74404518E+00
+27.92500E-03,+2.70854E-03,+9.44723625E+00,+3.68751252E+00
+27.95000E-03,+3.26131E-03,+9.44723625E+00,+3.74404518E+00
+27.97500E-03,+3.11055E-03,+9.60427143E+00,+3.74404518E+00
+28.00000E-03,+2.48241E-03,+9.44723625E+00,+3.74404518E+00
+28.02500E-03,+2.48241E-03,+9.64824128E+00,+3.74404518E+00
+28.05000E-03,+3.28643E-03,+9.64824128E+00,+3.74404518E+00
+28.07500E-03,+2.48241E-03,+9.60427143E+00,+3.74404518E+00
+28.10000E-03,+2.48241E-03,+9.64824128E+00,+3.74404518E+00
+28.12500E-03,+3.06030E-03,+9.50376892E+00,+3.74404518E+00
+28.15000E-03,+3.26131E-03,+9.64195987E+00,+3.74404518E+00
+28.17500E-03,+2.48241E-03,+9.64824128E+00,+3.74404518E+00
+28.20000E-03,+2.48241E-03,+9.64824128E+00,+3.74404518E+00
+28.22500E-03,+3.06030E-03,+9.64824128E+00,+3.74404518E+00
+28.25000E-03,+3.26131E-03,+9.45351766E+00,+3.93248740E+00
+28.27500E-03,+2.48241E-03,+9.49120610E+00,+3.74404518E+00
+28.30000E-03,+2.48241E-03,+9.64824128E+00,+3.74404518E+00
+28.32500E-03,+2.48241E-03,+9.64824128E+00,+3.74404518E+00
+28.35000E-03,+2.48241E-03,+9.64824128E+00,+3.74404518E+00
+28.37500E-03,+2.48241E-03,+9.64824128E+00,+3.74404518E+00
+28.40000E-03,+1.67839E-03,+9.64824128E+00,+3.74404518E+00
+28.42500E-03,+2.25628E-03,+9.64824128E+00,+3.74404518E+00
+28.45000E-03,+1.67839E-03,+9.64824128E+00,+3.74404518E+00
+28.47500E-03,+1.67839E-03,+9.64824128E+00,+3.74404518E+00
+28.50000E-03,+1.67839E-03,+9.64824128E+00,+3.74404518E+00
+28.52500E-03,+1.67839E-03,+9.79271364E+00,+3.74404518E+00
+28.55000E-03,+1.67839E-03,+9.65452269E+00,+3.74404518E+00
+28.57500E-03,+1.67839E-03,+9.64824128E+00,+3.74404518E+00
+28.60000E-03,+1.25126E-03,+9.84924631E+00,+3.74404518E+00
+28.62500E-03,+1.10050E-03,+9.79271364E+00,+3.74404518E+00
+28.65000E-03,+899.50E-06,+9.84296490E+00,+3.74404518E+00
+28.67500E-03,+1.05025E-03,+9.64824128E+00,+3.74404518E+00
+28.70000E-03,+1.30151E-03,+9.74246239E+00,+3.74404518E+00
+28.72500E-03,+1.45226E-03,+9.79271364E+00,+3.74404518E+00
+28.75000E-03,+1.67839E-03,+9.65452269E+00,+3.73776378E+00
+28.77500E-03,+1.67839E-03,+9.69221113E+00,+3.74404518E+00
+28.80000E-03,+1.30151E-03,+9.84924631E+00,+3.74404518E+00
+28.82500E-03,+1.67839E-03,+9.70477395E+00,+3.74404518E+00
+28.85000E-03,+1.67839E-03,+9.84296490E+00,+3.74404518E+00
+28.87500E-03,+1.50251E-03,+9.84924631E+00,+3.74404518E+00
+28.90000E-03,+1.67839E-03,+9.84924631E+00,+3.64982408E+00
+28.92500E-03,+1.67839E-03,+9.84924631E+00,+3.74404518E+00
+28.95000E-03,+2.45729E-03,+9.84924631E+00,+3.74404518E+00
+28.97500E-03,+2.30653E-03,+9.84924631E+00,+3.74404518E+00
+29.00000E-03,+2.48241E-03,+9.84924631E+00,+3.74404518E+00
+29.02500E-03,+2.48241E-03,+9.84924631E+00,+3.74404518E+00
+29.05000E-03,+3.28643E-03,+9.84924631E+00,+3.74404518E+00
+29.07500E-03,+2.65829E-03,+9.84924631E+00,+3.74404518E+00
+29.10000E-03,+3.28643E-03,+9.95603023E+00,+3.74404518E+00
+29.12500E-03,+4.09045E-03,+9.84924631E+00,+3.54304016E+00
+29.15000E-03,+4.09045E-03,+9.84924631E+00,+3.74404518E+00
+29.17500E-03,+4.89447E-03,+10.00628149E+00,+3.74404518E+00
+29.20000E-03,+5.32161E-03,+9.94346741E+00,+3.74404518E+00
+29.22500E-03,+6.72864E-03,+9.84924631E+00,+3.68751252E+00
+29.25000E-03,+6.52764E-03,+9.84924631E+00,+3.54932156E+00
+29.27500E-03,+8.11055E-03,+9.89321616E+00,+3.74404518E+00
+29.30000E-03,+10.09548E-03,+9.84924631E+00,+3.74404518E+00
+29.32500E-03,+12.13065E-03,+9.90577897E+00,+3.74404518E+00
+29.35000E-03,+14.54271E-03,+9.85552772E+00,+3.74404518E+00
+29.37500E-03,+17.75879E-03,+10.05025133E+00,+3.74404518E+00
+29.40000E-03,+21.77889E-03,+10.05025133E+00,+3.74404518E+00
+29.42500E-03,+26.60302E-03,+9.90577897E+00,+3.74404518E+00
+29.45000E-03,+31.40201E-03,+9.85552772E+00,+3.73776378E+00
+29.47500E-03,+35.44724E-03,+9.89321616E+00,+3.74404518E+00
+29.50000E-03,+37.85930E-03,+10.05025133E+00,+3.63726126E+00
+29.52500E-03,+37.05528E-03,+10.05025133E+00,+3.74404518E+00
+29.55000E-03,+34.64322E-03,+9.85552772E+00,+3.74404518E+00
+29.57500E-03,+30.62312E-03,+10.05025133E+00,+3.74404518E+00
+29.60000E-03,+26.60302E-03,+10.05025133E+00,+3.74404518E+00
+29.62500E-03,+23.38693E-03,+10.05025133E+00,+3.74404518E+00
+29.65000E-03,+20.97487E-03,+9.85552772E+00,+3.74404518E+00
+29.67500E-03,+19.19095E-03,+10.05025133E+00,+3.58701001E+00
+29.70000E-03,+17.75879E-03,+10.05025133E+00,+3.64982408E+00
+29.72500E-03,+16.15075E-03,+10.05025133E+00,+3.74404518E+00
+29.75000E-03,+14.54271E-03,+10.05025133E+00,+3.74404518E+00
+29.77500E-03,+12.75879E-03,+10.05025133E+00,+3.74404518E+00
+29.80000E-03,+10.89950E-03,+10.05025133E+00,+3.74404518E+00
+29.82500E-03,+9.71859E-03,+10.05025133E+00,+3.68751252E+00
+29.85000E-03,+8.88945E-03,+10.05025133E+00,+3.74404518E+00
+29.87500E-03,+7.30653E-03,+10.09422118E+00,+3.74404518E+00
+29.90000E-03,+7.30653E-03,+10.05025133E+00,+3.74404518E+00
+29.92500E-03,+6.50251E-03,+10.05025133E+00,+3.74404518E+00
+29.95000E-03,+6.50251E-03,+10.05653274E+00,+3.74404518E+00
+29.97500E-03,+5.87437E-03,+10.20728651E+00,+3.74404518E+00
+30.00000E-03,+5.32161E-03,+10.05025133E+00,+3.74404518E+00
+30.02500E-03,+4.09045E-03,+10.19472370E+00,+3.74404518E+00
+30.05000E-03,+4.09045E-03,+10.25125636E+00,+3.74404518E+00
+30.07500E-03,+3.91457E-03,+10.09422118E+00,+3.74404518E+00
+30.10000E-03,+3.28643E-03,+10.15703526E+00,+3.74404518E+00
+30.12500E-03,+3.28643E-03,+10.10678400E+00,+3.74404518E+00
+30.15000E-03,+2.50754E-03,+10.25125636E+00,+3.73776378E+00
+30.17500E-03,+3.11055E-03,+10.25125636E+00,+3.70007533E+00
+30.20000E-03,+2.90955E-03,+10.14447244E+00,+3.74404518E+00
+30.22500E-03,+3.28643E-03,+10.10678400E+00,+3.74404518E+00
+30.25000E-03,+3.26131E-03,+10.25125636E+00,+3.74404518E+00
+30.27500E-03,+3.11055E-03,+10.09422118E+00,+3.74404518E+00
+30.30000E-03,+3.28643E-03,+10.05025133E+00,+3.74404518E+00
+30.32500E-03,+3.28643E-03,+10.25125636E+00,+3.74404518E+00
+30.35000E-03,+3.28643E-03,+10.06281415E+00,+3.74404518E+00
+30.37500E-03,+4.09045E-03,+10.09422118E+00,+3.74404518E+00
+30.40000E-03,+4.09045E-03,+10.25125636E+00,+3.74404518E+00
+30.42500E-03,+4.31658E-03,+10.25125636E+00,+3.74404518E+00
+30.45000E-03,+5.67337E-03,+10.25125636E+00,+3.74404518E+00
+30.47500E-03,+5.69849E-03,+10.25125636E+00,+3.74404518E+00
+30.50000E-03,+7.30653E-03,+10.25125636E+00,+3.74404518E+00
+30.52500E-03,+8.33668E-03,+10.25125636E+00,+3.74404518E+00
+30.55000E-03,+10.52261E-03,+10.25753777E+00,+3.74404518E+00
+30.57500E-03,+12.93467E-03,+10.25125636E+00,+3.74404518E+00
+30.60000E-03,+16.15075E-03,+10.25125636E+00,+3.74404518E+00
+30.62500E-03,+20.97487E-03,+10.25125636E+00,+3.74404518E+00
+30.65000E-03,+26.60302E-03,+10.25125636E+00,+3.74404518E+00
+30.67500E-03,+33.21106E-03,+10.40829154E+00,+3.74404518E+00
+30.70000E-03,+41.07538E-03,+10.35804028E+00,+3.85082910E+00
+30.72500E-03,+46.70352E-03,+10.30778903E+00,+3.74404518E+00
+30.75000E-03,+47.50754E-03,+10.44597998E+00,+3.74404518E+00
+30.77500E-03,+42.68342E-03,+10.45226139E+00,+3.74404518E+00
+30.80000E-03,+37.05528E-03,+10.34547747E+00,+3.74404518E+00
+30.82500E-03,+31.42714E-03,+10.45226139E+00,+3.59957282E+00
+30.85000E-03,+26.60302E-03,+10.25125636E+00,+3.74404518E+00
+30.87500E-03,+24.19095E-03,+10.45226139E+00,+3.74404518E+00
+30.90000E-03,+22.15578E-03,+10.45226139E+00,+3.74404518E+00
+30.92500E-03,+20.17085E-03,+10.30778903E+00,+3.74404518E+00
+30.95000E-03,+17.75879E-03,+10.45226139E+00,+3.73776378E+00
+30.97500E-03,+15.34673E-03,+10.45226139E+00,+3.74404518E+00
+31.00000E-03,+12.93467E-03,+10.45226139E+00,+3.74404518E+00
+31.02500E-03,+11.32663E-03,+10.59673375E+00,+3.74404518E+00
+31.05000E-03,+9.74372E-03,+10.45226139E+00,+3.54932156E+00
+31.07500E-03,+9.09045E-03,+10.45226139E+00,+3.74404518E+00
+31.10000E-03,+8.11055E-03,+10.45226139E+00,+3.74404518E+00
+31.12500E-03,+7.53266E-03,+10.45226139E+00,+3.74404518E+00
+31.15000E-03,+6.50251E-03,+10.45226139E+00,+3.74404518E+00
+31.17500E-03,+5.69849E-03,+10.45226139E+00,+3.74404518E+00
+31.20000E-03,+4.89447E-03,+10.45226139E+00,+3.74404518E+00
+31.22500E-03,+4.09045E-03,+10.45226139E+00,+3.74404518E+00
+31.25000E-03,+4.09045E-03,+10.45854280E+00,+3.54932156E+00
+31.27500E-03,+3.91457E-03,+10.60929657E+00,+3.74404518E+00
+31.30000E-03,+3.28643E-03,+10.65326642E+00,+3.74404518E+00
+31.32500E-03,+2.48241E-03,+10.50879405E+00,+3.74404518E+00
+31.35000E-03,+2.48241E-03,+10.64698501E+00,+3.74404518E+00
+31.37500E-03,+2.48241E-03,+10.65326642E+00,+3.74404518E+00
+31.40000E-03,+2.48241E-03,+10.45226139E+00,+3.74404518E+00
+31.42500E-03,+1.67839E-03,+10.65326642E+00,+3.59957282E+00
+31.45000E-03,+1.67839E-03,+10.45226139E+00,+3.74404518E+00
+31.47500E-03,+1.67839E-03,+10.65326642E+00,+3.74404518E+00
+31.50000E-03,+874.37E-06,+10.65326642E+00,+3.74404518E+00
+31.52500E-03,+1.10050E-03,+10.65326642E+00,+3.74404518E+00
+31.55000E-03,+1.67839E-03,+10.45854280E+00,+3.74404518E+00
+31.57500E-03,+1.05025E-03,+10.65326642E+00,+3.74404518E+00
+31.60000E-03,+874.37E-06,+10.64070360E+00,+3.74404518E+00
+31.62500E-03,+874.37E-06,+10.65326642E+00,+3.74404518E+00
+31.65000E-03,+874.37E-06,+10.65326642E+00,+3.74404518E+00
+31.67500E-03,+1.05025E-03,+10.65326642E+00,+3.70007533E+00
+31.70000E-03,+874.37E-06,+10.65326642E+00,+3.74404518E+00
+31.72500E-03,+874.37E-06,+10.65326642E+00,+3.68751252E+00
+31.75000E-03,+874.37E-06,+10.45854280E+00,+3.74404518E+00
+31.77500E-03,+1.05025E-03,+10.65326642E+00,+3.74404518E+00
+31.80000E-03,+1.67839E-03,+10.65326642E+00,+3.74404518E+00
+31.82500E-03,+1.45226E-03,+10.65326642E+00,+3.68751252E+00
+31.85000E-03,+899.50E-06,+10.65326642E+00,+3.74404518E+00
+31.87500E-03,+1.67839E-03,+10.81030159E+00,+3.74404518E+00
+31.90000E-03,+1.67839E-03,+10.74748752E+00,+3.63726126E+00
+31.92500E-03,+1.67839E-03,+10.65326642E+00,+3.74404518E+00
+31.95000E-03,+1.67839E-03,+10.85427144E+00,+3.74404518E+00
+31.97500E-03,+1.67839E-03,+10.85427144E+00,+3.74404518E+00
+32.00000E-03,+1.67839E-03,+10.65326642E+00,+3.74404518E+00
+32.02500E-03,+874.37E-06,+10.65326642E+00,+3.74404518E+00
+32.05000E-03,+874.37E-06,+10.84799003E+00,+3.74404518E+00
+32.07500E-03,+874.37E-06,+10.81030159E+00,+3.74404518E+00
+32.10000E-03,+874.37E-06,+10.85427144E+00,+3.74404518E+00
+32.12500E-03,+874.37E-06,+10.85427144E+00,+3.74404518E+00
+32.15000E-03,+874.37E-06,+10.65954782E+00,+3.74404518E+00
+32.17500E-03,+246.23E-06,+10.85427144E+00,+3.74404518E+00
+32.20000E-03,+447.24E-06,+10.85427144E+00,+3.74404518E+00
+32.22500E-03,+874.37E-06,+10.79773878E+00,+3.74404518E+00
+32.25000E-03,+874.37E-06,+10.85427144E+00,+3.74404518E+00
+32.27500E-03,+874.37E-06,+10.85427144E+00,+3.74404518E+00
+32.30000E-03,+447.24E-06,+10.76005034E+00,+3.74404518E+00
+32.32500E-03,+648.24E-06,+10.99874380E+00,+3.74404518E+00
+32.35000E-03,+874.37E-06,+10.85427144E+00,+3.74404518E+00
+32.37500E-03,+874.37E-06,+10.85427144E+00,+3.74404518E+00
+32.40000E-03,+497.49E-06,+10.96105536E+00,+3.74404518E+00
+32.42500E-03,+296.48E-06,+10.85427144E+00,+3.74404518E+00
+32.45000E-03,+849.25E-06,+10.85427144E+00,+3.74404518E+00
+32.47500E-03,+698.49E-06,+11.01130662E+00,+3.70007533E+00
+32.50000E-03,+447.24E-06,+10.96105536E+00,+3.74404518E+00
+32.52500E-03,+874.37E-06,+10.99874380E+00,+3.74404518E+00
+32.55000E-03,+874.37E-06,+10.85427144E+00,+3.74404518E+00
+32.57500E-03,+874.37E-06,+10.89824129E+00,+3.74404518E+00
+32.60000E-03,+874.37E-06,+10.94849255E+00,+3.74404518E+00
+32.62500E-03,+874.37E-06,+10.85427144E+00,+3.74404518E+00
+32.65000E-03,+874.37E-06,+10.86055285E+00,+3.74404518E+00
+32.67500E-03,+874.37E-06,+10.89824129E+00,+3.74404518E+00
+32.70000E-03,+1.67839E-03,+10.94849255E+00,+3.74404518E+00
+32.72500E-03,+1.45226E-03,+11.05527647E+00,+3.74404518E+00
+32.75000E-03,+1.67839E-03,+11.04899506E+00,+3.74404518E+00
+32.77500E-03,+1.67839E-03,+11.01130662E+00,+3.74404518E+00
+32.80000E-03,+2.10553E-03,+11.05527647E+00,+3.74404518E+00
+32.82500E-03,+2.48241E-03,+10.99874380E+00,+3.74404518E+00
+32.85000E-03,+3.26131E-03,+11.05527647E+00,+3.74404518E+00
+32.87500E-03,+3.91457E-03,+11.05527647E+00,+3.74404518E+00
+32.90000E-03,+4.09045E-03,+11.05527647E+00,+3.74404518E+00
+32.92500E-03,+4.89447E-03,+11.05527647E+00,+3.74404518E+00
+32.95000E-03,+5.72362E-03,+11.05527647E+00,+3.74404518E+00
+32.97500E-03,+7.48241E-03,+11.05527647E+00,+3.74404518E+00
+33.00000E-03,+9.71859E-03,+10.94849255E+00,+3.74404518E+00
+33.02500E-03,+11.32663E-03,+11.05527647E+00,+3.74404518E+00
+33.05000E-03,+14.54271E-03,+10.86055285E+00,+3.74404518E+00
+33.07500E-03,+17.13065E-03,+11.05527647E+00,+3.74404518E+00
+33.10000E-03,+20.17085E-03,+10.96105536E+00,+3.64982408E+00
+33.12500E-03,+21.77889E-03,+11.19974883E+00,+3.74404518E+00
+33.15000E-03,+21.77889E-03,+11.25000009E+00,+3.74404518E+00
+33.17500E-03,+19.54271E-03,+11.05527647E+00,+3.74404518E+00
+33.20000E-03,+17.33166E-03,+11.05527647E+00,+3.74404518E+00
+33.22500E-03,+15.34673E-03,+11.05527647E+00,+3.59957282E+00
+33.25000E-03,+13.73869E-03,+11.06155788E+00,+3.74404518E+00
+33.27500E-03,+12.13065E-03,+11.05527647E+00,+3.74404518E+00
+33.30000E-03,+11.32663E-03,+11.05527647E+00,+3.74404518E+00
+33.32500E-03,+10.29648E-03,+11.11180913E+00,+3.74404518E+00
+33.35000E-03,+8.91457E-03,+11.25628150E+00,+3.74404518E+00
+33.37500E-03,+7.30653E-03,+11.05527647E+00,+3.74404518E+00
+33.40000E-03,+6.87940E-03,+11.05527647E+00,+3.74404518E+00
+33.42500E-03,+5.92462E-03,+11.11180913E+00,+3.54304016E+00
+33.45000E-03,+4.89447E-03,+11.05527647E+00,+3.74404518E+00
+33.47500E-03,+4.89447E-03,+11.25628150E+00,+3.74404518E+00
+33.50000E-03,+4.09045E-03,+11.16206039E+00,+3.74404518E+00
+33.52500E-03,+3.86432E-03,+11.25628150E+00,+3.74404518E+00
+33.55000E-03,+3.28643E-03,+11.25000009E+00,+3.74404518E+00
+33.57500E-03,+2.65829E-03,+11.09924632E+00,+3.74404518E+00
+33.60000E-03,+2.48241E-03,+11.16206039E+00,+3.74404518E+00
+33.62500E-03,+2.48241E-03,+11.25628150E+00,+3.59957282E+00
+33.65000E-03,+1.67839E-03,+11.25000009E+00,+3.73776378E+00
+33.67500E-03,+1.67839E-03,+11.25628150E+00,+3.74404518E+00
+33.70000E-03,+1.67839E-03,+11.25628150E+00,+3.74404518E+00
+33.72500E-03,+1.67839E-03,+11.25628150E+00,+3.68751252E+00
+33.75000E-03,+1.67839E-03,+11.25628150E+00,+3.74404518E+00
+33.77500E-03,+1.67839E-03,+11.30025134E+00,+3.74404518E+00
+33.80000E-03,+1.25126E-03,+11.35050260E+00,+3.74404518E+00
+33.82500E-03,+1.45226E-03,+11.25628150E+00,+3.74404518E+00
+33.85000E-03,+1.67839E-03,+11.25000009E+00,+3.74404518E+00
+33.87500E-03,+1.50251E-03,+11.25628150E+00,+3.74404518E+00
+33.90000E-03,+1.25126E-03,+11.25628150E+00,+3.74404518E+00
+33.92500E-03,+1.67839E-03,+11.31281416E+00,+3.74404518E+00
+33.95000E-03,+1.67839E-03,+11.45728652E+00,+3.74404518E+00
+33.97500E-03,+1.67839E-03,+11.41331667E+00,+3.74404518E+00
+34.00000E-03,+2.05528E-03,+11.25628150E+00,+3.74404518E+00
+34.02500E-03,+2.83417E-03,+11.40075386E+00,+3.74404518E+00
+34.05000E-03,+2.50754E-03,+11.45100511E+00,+3.74404518E+00
+34.07500E-03,+3.28643E-03,+11.30025134E+00,+3.74404518E+00
+34.10000E-03,+4.09045E-03,+11.45728652E+00,+3.74404518E+00
+34.12500E-03,+4.89447E-03,+11.40075386E+00,+3.74404518E+00
+34.15000E-03,+5.69849E-03,+11.45728652E+00,+3.74404518E+00
+34.17500E-03,+7.30653E-03,+11.30025134E+00,+3.74404518E+00
+34.20000E-03,+8.91457E-03,+11.36306542E+00,+3.64982408E+00
+34.22500E-03,+11.55276E-03,+11.45728652E+00,+3.74404518E+00
+34.25000E-03,+14.54271E-03,+11.45728652E+00,+3.73776378E+00
+34.27500E-03,+18.73869E-03,+11.45728652E+00,+3.74404518E+00
+34.30000E-03,+23.38693E-03,+11.45728652E+00,+3.74404518E+00
+34.32500E-03,+26.60302E-03,+11.45728652E+00,+3.74404518E+00
+34.35000E-03,+28.21106E-03,+11.45728652E+00,+3.74404518E+00
+34.37500E-03,+26.60302E-03,+11.45728652E+00,+3.74404518E+00
+34.40000E-03,+24.19095E-03,+11.36306542E+00,+3.74404518E+00
+34.42500E-03,+20.97487E-03,+11.45728652E+00,+3.80057785E+00
+34.45000E-03,+18.56281E-03,+11.46356793E+00,+3.74404518E+00
+34.47500E-03,+16.15075E-03,+11.61432170E+00,+3.74404518E+00
+34.50000E-03,+14.96985E-03,+11.45728652E+00,+3.74404518E+00
+34.52500E-03,+13.73869E-03,+11.60175888E+00,+3.74404518E+00
+34.55000E-03,+12.13065E-03,+11.45728652E+00,+3.74404518E+00
+34.57500E-03,+10.34673E-03,+11.45728652E+00,+3.74404518E+00
+34.60000E-03,+9.71859E-03,+11.56407044E+00,+3.74404518E+00
+34.62500E-03,+8.11055E-03,+11.65829155E+00,+3.74404518E+00
+34.65000E-03,+7.28141E-03,+11.45728652E+00,+3.73776378E+00
+34.67500E-03,+6.32663E-03,+11.45728652E+00,+3.74404518E+00
+34.70000E-03,+5.69849E-03,+11.55150763E+00,+3.74404518E+00
+34.72500E-03,+5.12060E-03,+11.45728652E+00,+3.68751252E+00
+34.75000E-03,+4.86935E-03,+11.45728652E+00,+3.74404518E+00
+34.77500E-03,+4.09045E-03,+11.45728652E+00,+3.74404518E+00
+34.80000E-03,+3.28643E-03,+11.65829155E+00,+3.74404518E+00
+34.82500E-03,+3.28643E-03,+11.65829155E+00,+3.68751252E+00
+34.85000E-03,+3.26131E-03,+11.65829155E+00,+3.74404518E+00
+34.87500E-03,+2.48241E-03,+11.65829155E+00,+3.74404518E+00
+34.90000E-03,+1.67839E-03,+11.65829155E+00,+3.54304016E+00
+34.92500E-03,+1.67839E-03,+11.65829155E+00,+3.74404518E+00
+34.95000E-03,+1.67839E-03,+11.46356793E+00,+3.74404518E+00
+34.97500E-03,+1.67839E-03,+11.65829155E+00,+3.74404518E+00
+35.00000E-03,+1.25126E-03,+11.65829155E+00,+3.74404518E+00
+35.02500E-03,+874.37E-06,+11.65829155E+00,+3.74404518E+00
+35.05000E-03,+874.37E-06,+11.65201014E+00,+3.74404518E+00
+35.07500E-03,+874.37E-06,+11.81532673E+00,+3.74404518E+00
+35.10000E-03,+874.37E-06,+11.65829155E+00,+3.74404518E+00
+35.12500E-03,+874.37E-06,+11.65829155E+00,+3.74404518E+00
+35.15000E-03,+899.50E-06,+11.85301517E+00,+3.54932156E+00
+35.17500E-03,+874.37E-06,+11.65829155E+00,+3.74404518E+00
+35.20000E-03,+874.37E-06,+11.65829155E+00,+3.74404518E+00
+35.22500E-03,+296.48E-06,+11.65829155E+00,+3.74404518E+00
+35.25000E-03,+874.37E-06,+11.85301517E+00,+3.74404518E+00
+35.27500E-03,+874.37E-06,+11.65829155E+00,+3.74404518E+00
+35.30000E-03,+874.37E-06,+11.65829155E+00,+3.74404518E+00
+35.32500E-03,+874.37E-06,+11.80276391E+00,+3.74404518E+00
+35.35000E-03,+874.37E-06,+11.65829155E+00,+3.74404518E+00
+35.37500E-03,+874.37E-06,+11.85929658E+00,+3.74404518E+00
+35.40000E-03,+874.37E-06,+11.76507547E+00,+3.74404518E+00
+35.42500E-03,+874.37E-06,+11.85929658E+00,+3.74404518E+00
+35.45000E-03,+874.37E-06,+11.65829155E+00,+3.74404518E+00
+35.47500E-03,+1.05025E-03,+11.70226140E+00,+3.74404518E+00
+35.50000E-03,+1.30151E-03,+11.85929658E+00,+3.73148237E+00
+35.52500E-03,+874.37E-06,+11.85929658E+00,+3.74404518E+00
+35.55000E-03,+874.37E-06,+11.85929658E+00,+3.93876880E+00
+35.57500E-03,+874.37E-06,+11.85929658E+00,+3.74404518E+00
+35.60000E-03,+1.25126E-03,+11.75251265E+00,+3.74404518E+00
+35.62500E-03,+874.37E-06,+11.71482421E+00,+3.68751252E+00
+35.65000E-03,+874.37E-06,+11.85929658E+00,+3.74404518E+00
+35.67500E-03,+874.37E-06,+11.85929658E+00,+3.74404518E+00
+35.70000E-03,+1.25126E-03,+11.85929658E+00,+3.74404518E+00
+35.72500E-03,+874.37E-06,+11.85929658E+00,+3.74404518E+00
+35.75000E-03,+874.37E-06,+11.85929658E+00,+3.74404518E+00
+35.77500E-03,+874.37E-06,+11.85929658E+00,+3.74404518E+00
+35.80000E-03,+447.24E-06,+11.96608050E+00,+3.85082910E+00
+35.82500E-03,+648.24E-06,+11.85929658E+00,+3.74404518E+00
+35.85000E-03,+849.25E-06,+11.85929658E+00,+3.74404518E+00
+35.87500E-03,+246.23E-06,+11.85929658E+00,+3.74404518E+00
+35.90000E-03,+447.24E-06,+11.85929658E+00,+3.74404518E+00
+35.92500E-03,+874.37E-06,+11.85929658E+00,+3.74404518E+00
+35.95000E-03,+874.37E-06,+11.85929658E+00,+3.54932156E+00
+35.97500E-03,+874.37E-06,+11.85929658E+00,+3.74404518E+00
+36.00000E-03,+497.49E-06,+11.95351768E+00,+3.74404518E+00
+36.02500E-03,+874.37E-06,+12.06030160E+00,+3.74404518E+00
+36.05000E-03,+874.37E-06,+11.85929658E+00,+3.74404518E+00
+36.07500E-03,+874.37E-06,+11.85929658E+00,+3.74404518E+00
+36.10000E-03,+874.37E-06,+11.96608050E+00,+3.74404518E+00
+36.12500E-03,+874.37E-06,+11.85929658E+00,+3.74404518E+00
+36.15000E-03,+1.65327E-03,+11.85929658E+00,+3.74404518E+00
+36.17500E-03,+1.67839E-03,+12.01633175E+00,+3.74404518E+00
+36.20000E-03,+1.67839E-03,+12.06030160E+00,+3.74404518E+00
+36.22500E-03,+1.67839E-03,+12.06030160E+00,+3.74404518E+00
+36.25000E-03,+1.65327E-03,+11.85929658E+00,+3.74404518E+00
+36.27500E-03,+1.67839E-03,+11.90326642E+00,+3.74404518E+00
+36.30000E-03,+2.48241E-03,+12.06030160E+00,+3.74404518E+00
+36.32500E-03,+2.70854E-03,+11.91582924E+00,+3.59957282E+00
+36.35000E-03,+3.26131E-03,+12.06030160E+00,+3.74404518E+00
+36.37500E-03,+3.28643E-03,+12.06030160E+00,+3.74404518E+00
+36.40000E-03,+4.09045E-03,+11.96608050E+00,+3.74404518E+00
+36.42500E-03,+4.31658E-03,+12.00376894E+00,+3.74404518E+00
+36.45000E-03,+4.89447E-03,+11.86557798E+00,+3.74404518E+00
+36.47500E-03,+5.87437E-03,+12.06030160E+00,+3.74404518E+00
+36.50000E-03,+6.87940E-03,+12.06030160E+00,+3.74404518E+00
+36.52500E-03,+8.11055E-03,+12.06030160E+00,+3.74404518E+00
+36.55000E-03,+9.71859E-03,+12.06030160E+00,+3.74404518E+00
+36.57500E-03,+10.69849E-03,+12.06030160E+00,+3.74404518E+00
+36.60000E-03,+11.70352E-03,+12.06030160E+00,+3.74404518E+00
+36.62500E-03,+12.93467E-03,+11.91582924E+00,+3.74404518E+00
+36.65000E-03,+12.93467E-03,+11.86557798E+00,+3.74404518E+00
+36.67500E-03,+13.11055E-03,+12.06030160E+00,+3.74404518E+00
+36.70000E-03,+12.93467E-03,+12.06030160E+00,+3.74404518E+00
+36.72500E-03,+12.93467E-03,+12.11683427E+00,+3.74404518E+00
+36.75000E-03,+12.93467E-03,+12.06030160E+00,+3.74404518E+00
+36.77500E-03,+12.30653E-03,+12.06030160E+00,+3.74404518E+00
+36.80000E-03,+12.55779E-03,+12.06030160E+00,+3.74404518E+00
+36.82500E-03,+12.70854E-03,+12.06030160E+00,+3.74404518E+00
+36.85000E-03,+13.73869E-03,+12.06030160E+00,+3.74404518E+00
+36.87500E-03,+14.36683E-03,+12.06030160E+00,+3.74404518E+00
+36.90000E-03,+14.54271E-03,+12.06030160E+00,+3.83826629E+00
+36.92500E-03,+15.92462E-03,+12.20477396E+00,+3.74404518E+00
+36.95000E-03,+16.15075E-03,+11.87185939E+00,+3.74404518E+00
+36.97500E-03,+16.15075E-03,+12.10427145E+00,+3.74404518E+00
+37.00000E-03,+15.34673E-03,+12.06030160E+00,+3.74404518E+00
+37.02500E-03,+15.34673E-03,+12.06030160E+00,+3.74404518E+00
+37.05000E-03,+14.51759E-03,+12.06658301E+00,+3.73776378E+00
+37.07500E-03,+12.93467E-03,+12.06030160E+00,+3.74404518E+00
+37.10000E-03,+11.75377E-03,+12.06030160E+00,+3.74404518E+00
+37.12500E-03,+10.74874E-03,+12.06030160E+00,+3.74404518E+00
+37.15000E-03,+9.71859E-03,+12.06030160E+00,+3.74404518E+00
+37.17500E-03,+9.54271E-03,+12.06030160E+00,+3.74404518E+00
+37.20000E-03,+8.48744E-03,+12.06030160E+00,+3.74404518E+00
+37.22500E-03,+7.30653E-03,+12.20477396E+00,+3.74404518E+00
+37.25000E-03,+8.08543E-03,+12.06030160E+00,+3.73776378E+00
+37.27500E-03,+7.30653E-03,+12.26130663E+00,+3.74404518E+00
+37.30000E-03,+6.92965E-03,+12.06030160E+00,+3.74404518E+00
+37.32500E-03,+6.50251E-03,+12.20477396E+00,+3.74404518E+00
+37.35000E-03,+6.50251E-03,+12.06030160E+00,+3.74404518E+00
+37.37500E-03,+5.69849E-03,+12.26130663E+00,+3.74404518E+00
+37.40000E-03,+5.27136E-03,+12.26130663E+00,+3.74404518E+00
+37.42500E-03,+4.89447E-03,+12.11683427E+00,+3.74404518E+00
+37.45000E-03,+4.86935E-03,+12.06030160E+00,+3.74404518E+00
+37.47500E-03,+4.09045E-03,+12.26130663E+00,+3.74404518E+00
+37.50000E-03,+3.71357E-03,+12.26130663E+00,+3.74404518E+00
+37.52500E-03,+3.28643E-03,+12.26130663E+00,+3.68751252E+00
+37.55000E-03,+3.28643E-03,+12.06030160E+00,+3.54932156E+00
+37.57500E-03,+3.28643E-03,+12.21733678E+00,+3.58701001E+00
+37.60000E-03,+3.28643E-03,+12.16708552E+00,+3.74404518E+00
+37.62500E-03,+2.48241E-03,+12.26130663E+00,+3.59957282E+00
+37.65000E-03,+2.48241E-03,+12.26130663E+00,+3.74404518E+00
+37.67500E-03,+2.65829E-03,+12.21733678E+00,+3.74404518E+00
+37.70000E-03,+2.48241E-03,+12.15452271E+00,+3.63726126E+00
+37.72500E-03,+2.70854E-03,+12.26130663E+00,+3.68751252E+00
+37.75000E-03,+2.48241E-03,+12.06658301E+00,+3.73776378E+00
+37.77500E-03,+2.30653E-03,+12.26130663E+00,+3.74404518E+00
+37.80000E-03,+2.48241E-03,+12.26130663E+00,+3.74404518E+00
+37.82500E-03,+1.90452E-03,+12.26130663E+00,+3.74404518E+00
+37.85000E-03,+1.70352E-03,+12.26130663E+00,+3.74404518E+00
+37.87500E-03,+1.67839E-03,+12.26130663E+00,+3.74404518E+00
+37.90000E-03,+1.67839E-03,+12.26130663E+00,+3.74404518E+00
+37.92500E-03,+1.67839E-03,+12.26130663E+00,+3.74404518E+00
+37.95000E-03,+1.65327E-03,+12.26130663E+00,+3.74404518E+00
+37.97500E-03,+1.67839E-03,+12.26130663E+00,+3.74404518E+00
+38.00000E-03,+1.67839E-03,+12.26130663E+00,+3.74404518E+00
+38.02500E-03,+1.67839E-03,+12.20477396E+00,+3.74404518E+00
+38.05000E-03,+899.50E-06,+12.45603025E+00,+3.74404518E+00
+38.07500E-03,+1.67839E-03,+12.26130663E+00,+3.74404518E+00
+38.10000E-03,+1.67839E-03,+12.26130663E+00,+3.74404518E+00
+38.12500E-03,+1.45226E-03,+12.26130663E+00,+3.68751252E+00
+38.15000E-03,+899.50E-06,+12.26130663E+00,+3.74404518E+00
+38.17500E-03,+1.05025E-03,+12.41834181E+00,+3.74404518E+00
+38.20000E-03,+1.25126E-03,+12.26130663E+00,+3.74404518E+00
+38.22500E-03,+1.45226E-03,+12.11683427E+00,+3.59957282E+00
+38.25000E-03,+1.67839E-03,+12.26130663E+00,+3.74404518E+00
+38.27500E-03,+1.67839E-03,+12.26130663E+00,+3.74404518E+00
+38.30000E-03,+1.30151E-03,+12.36809055E+00,+3.74404518E+00
+38.32500E-03,+1.67839E-03,+12.26130663E+00,+3.74404518E+00
+38.35000E-03,+1.67839E-03,+12.26758804E+00,+3.74404518E+00
+38.37500E-03,+1.67839E-03,+12.26130663E+00,+3.74404518E+00
+38.40000E-03,+1.67839E-03,+12.26130663E+00,+3.74404518E+00
+38.42500E-03,+1.67839E-03,+12.26130663E+00,+3.88851755E+00
+38.45000E-03,+899.50E-06,+12.26130663E+00,+3.74404518E+00
+38.47500E-03,+2.30653E-03,+12.26130663E+00,+3.74404518E+00
+38.50000E-03,+1.67839E-03,+12.26130663E+00,+3.63726126E+00
+38.52500E-03,+2.25628E-03,+12.26130663E+00,+3.74404518E+00
+38.55000E-03,+2.48241E-03,+12.26130663E+00,+3.74404518E+00
+38.57500E-03,+2.48241E-03,+12.26130663E+00,+3.58701001E+00
+38.60000E-03,+2.48241E-03,+12.26130663E+00,+3.74404518E+00
+38.62500E-03,+2.70854E-03,+12.26130663E+00,+3.74404518E+00
+38.65000E-03,+2.48241E-03,+12.45603025E+00,+3.74404518E+00
+38.67500E-03,+3.28643E-03,+12.26130663E+00,+3.74404518E+00
+38.70000E-03,+2.90955E-03,+12.46231166E+00,+3.74404518E+00
+38.72500E-03,+3.28643E-03,+12.40577899E+00,+3.74404518E+00
+38.75000E-03,+3.28643E-03,+12.26130663E+00,+3.74404518E+00
+38.77500E-03,+4.09045E-03,+12.41834181E+00,+3.74404518E+00
+38.80000E-03,+3.66332E-03,+12.26130663E+00,+3.74404518E+00
+38.82500E-03,+4.09045E-03,+12.26130663E+00,+3.59957282E+00
+38.85000E-03,+4.09045E-03,+12.46231166E+00,+3.74404518E+00
+38.87500E-03,+4.89447E-03,+12.46231166E+00,+3.74404518E+00
+38.90000E-03,+5.27136E-03,+12.46231166E+00,+3.74404518E+00
+38.92500E-03,+5.69849E-03,+12.46231166E+00,+3.74404518E+00
+38.95000E-03,+5.69849E-03,+12.26130663E+00,+3.74404518E+00
+38.97500E-03,+6.32663E-03,+12.30527648E+00,+3.74404518E+00
+39.00000E-03,+7.30653E-03,+12.26130663E+00,+3.74404518E+00
+39.02500E-03,+8.11055E-03,+12.46231166E+00,+3.74404518E+00
+39.05000E-03,+8.91457E-03,+12.45603025E+00,+3.74404518E+00
+39.07500E-03,+8.91457E-03,+12.41834181E+00,+3.74404518E+00
+39.10000E-03,+10.52261E-03,+12.35552773E+00,+3.74404518E+00
+39.12500E-03,+10.74874E-03,+12.46231166E+00,+3.74404518E+00
+39.15000E-03,+12.13065E-03,+12.26758804E+00,+3.74404518E+00
+39.17500E-03,+12.93467E-03,+12.46231166E+00,+3.74404518E+00
+39.20000E-03,+13.73869E-03,+12.36809055E+00,+3.74404518E+00
+39.22500E-03,+14.54271E-03,+12.40577899E+00,+3.74404518E+00
+39.25000E-03,+15.37186E-03,+12.26758804E+00,+3.74404518E+00
+39.27500E-03,+16.15075E-03,+12.46231166E+00,+3.74404518E+00
+39.30000E-03,+16.15075E-03,+12.46231166E+00,+3.74404518E+00
+39.32500E-03,+16.72864E-03,+12.40577899E+00,+3.74404518E+00
+39.35000E-03,+16.95477E-03,+12.46231166E+00,+3.74404518E+00
+39.37500E-03,+16.32663E-03,+12.41834181E+00,+3.74404518E+00
+39.40000E-03,+16.57789E-03,+12.26130663E+00,+3.74404518E+00
+39.42500E-03,+16.15075E-03,+12.46231166E+00,+3.74404518E+00
+39.45000E-03,+16.15075E-03,+12.46231166E+00,+3.74404518E+00
+39.47500E-03,+15.97487E-03,+12.46231166E+00,+3.58701001E+00
+39.50000E-03,+16.15075E-03,+12.46231166E+00,+3.74404518E+00
+39.52500E-03,+16.15075E-03,+12.40577899E+00,+3.74404518E+00
+39.55000E-03,+16.15075E-03,+12.46231166E+00,+3.74404518E+00
+39.57500E-03,+16.77889E-03,+12.26130663E+00,+3.74404518E+00
+39.60000E-03,+16.95477E-03,+12.46231166E+00,+3.74404518E+00
+39.62500E-03,+17.75879E-03,+12.40577899E+00,+3.59957282E+00
+39.65000E-03,+18.56281E-03,+12.46231166E+00,+3.74404518E+00
+39.67500E-03,+18.56281E-03,+12.46231166E+00,+3.74404518E+00
+39.70000E-03,+20.17085E-03,+12.36809055E+00,+3.64982408E+00
+39.72500E-03,+20.17085E-03,+12.51884432E+00,+3.74404518E+00
+39.75000E-03,+20.17085E-03,+12.46231166E+00,+3.74404518E+00
+39.77500E-03,+20.17085E-03,+12.46231166E+00,+3.74404518E+00
+39.80000E-03,+19.74372E-03,+12.46231166E+00,+3.74404518E+00
+39.82500E-03,+19.36683E-03,+12.60678402E+00,+3.74404518E+00
+39.85000E-03,+18.56281E-03,+12.46231166E+00,+3.74404518E+00
+39.87500E-03,+17.13065E-03,+12.46231166E+00,+3.74404518E+00
+39.90000E-03,+16.52764E-03,+12.55653276E+00,+3.64982408E+00
+39.92500E-03,+15.34673E-03,+12.46231166E+00,+3.74404518E+00
+39.95000E-03,+14.54271E-03,+12.65703527E+00,+3.74404518E+00
+39.97500E-03,+13.73869E-03,+12.46231166E+00,+3.74404518E+00
+40.00000E-03,+12.50754E-03,+12.46231166E+00,+3.74404518E+00
+40.02500E-03,+12.13065E-03,+12.46231166E+00,+3.74404518E+00
+40.05000E-03,+11.32663E-03,+12.46231166E+00,+3.74404518E+00
+40.07500E-03,+10.52261E-03,+12.46231166E+00,+3.58701001E+00
+40.10000E-03,+10.09548E-03,+12.46231166E+00,+3.74404518E+00
+40.12500E-03,+9.71859E-03,+12.66331668E+00,+3.74404518E+00
+40.15000E-03,+8.93970E-03,+12.46859306E+00,+3.74404518E+00
+40.17500E-03,+8.91457E-03,+12.66331668E+00,+3.74404518E+00
+40.20000E-03,+8.91457E-03,+12.46231166E+00,+3.85082910E+00
+40.22500E-03,+8.68844E-03,+12.46231166E+00,+3.74404518E+00
+40.25000E-03,+7.30653E-03,+12.46231166E+00,+3.74404518E+00
+40.27500E-03,+7.30653E-03,+12.50628150E+00,+3.74404518E+00
+40.30000E-03,+7.30653E-03,+12.46231166E+00,+3.74404518E+00
+40.32500E-03,+6.50251E-03,+12.51884432E+00,+3.74404518E+00
+40.35000E-03,+5.69849E-03,+12.46859306E+00,+3.74404518E+00
+40.37500E-03,+5.69849E-03,+12.61934683E+00,+3.74404518E+00
+40.40000E-03,+4.89447E-03,+12.55653276E+00,+3.74404518E+00
+40.42500E-03,+4.89447E-03,+12.51884432E+00,+3.74404518E+00
+40.45000E-03,+4.89447E-03,+12.46231166E+00,+3.74404518E+00
+40.47500E-03,+4.71859E-03,+12.61934683E+00,+3.74404518E+00
+40.50000E-03,+4.51759E-03,+12.46231166E+00,+3.74404518E+00
+40.52500E-03,+4.09045E-03,+12.51884432E+00,+3.74404518E+00
+40.55000E-03,+4.09045E-03,+12.65703527E+00,+3.73776378E+00
+40.57500E-03,+3.91457E-03,+12.66331668E+00,+3.74404518E+00
+40.60000E-03,+4.09045E-03,+12.46231166E+00,+3.74404518E+00
+40.62500E-03,+3.86432E-03,+12.46231166E+00,+3.74404518E+00
+40.65000E-03,+3.28643E-03,+12.46231166E+00,+3.73776378E+00
+40.67500E-03,+3.28643E-03,+12.61934683E+00,+3.74404518E+00
+40.70000E-03,+3.28643E-03,+12.56909558E+00,+3.74404518E+00
+40.72500E-03,+3.06030E-03,+12.60678402E+00,+3.74404518E+00
+40.75000E-03,+3.26131E-03,+12.46231166E+00,+3.74404518E+00
+40.77500E-03,+2.48241E-03,+12.66331668E+00,+3.58701001E+00
+40.80000E-03,+2.48241E-03,+12.66331668E+00,+3.74404518E+00
+40.82500E-03,+1.90452E-03,+12.46231166E+00,+3.74404518E+00
+40.85000E-03,+3.26131E-03,+12.66331668E+00,+3.74404518E+00
+40.87500E-03,+2.48241E-03,+12.66331668E+00,+3.74404518E+00
+40.90000E-03,+2.10553E-03,+12.55653276E+00,+3.74404518E+00
+40.92500E-03,+2.25628E-03,+12.51884432E+00,+3.74404518E+00
+40.95000E-03,+1.67839E-03,+12.46859306E+00,+3.74404518E+00
+40.97500E-03,+2.30653E-03,+12.50628150E+00,+3.74404518E+00
+41.00000E-03,+2.05528E-03,+12.66331668E+00,+3.74404518E+00
+41.02500E-03,+1.67839E-03,+12.66331668E+00,+3.74404518E+00
+41.05000E-03,+1.67839E-03,+12.66331668E+00,+3.74404518E+00
+41.07500E-03,+1.50251E-03,+12.50628150E+00,+3.74404518E+00
+41.10000E-03,+1.30151E-03,+12.66331668E+00,+3.74404518E+00
+41.12500E-03,+1.10050E-03,+12.66331668E+00,+3.74404518E+00
+41.15000E-03,+1.65327E-03,+12.47487447E+00,-150.42721E-03
+41.17500E-03,+874.37E-06,+12.46231166E+00,-276.05535E-03
+41.20000E-03,+874.37E-06,+12.56909558E+00,-276.05535E-03
+41.22500E-03,+1.67839E-03,+12.66331668E+00,-477.06038E-03
+41.25000E-03,+1.65327E-03,+12.66331668E+00,-276.05535E-03
+41.27500E-03,+1.05025E-03,+12.66331668E+00,-276.05535E-03
+41.30000E-03,+1.30151E-03,+12.56909558E+00,-382.83927E-03
+41.32500E-03,+874.37E-06,+12.51884432E+00,-276.05535E-03
+41.35000E-03,+1.65327E-03,+12.66331668E+00,-276.05535E-03
+41.37500E-03,+1.05025E-03,+12.50628150E+00,-276.05535E-03
+41.40000E-03,+1.67839E-03,+12.66331668E+00,-276.05535E-03
+41.42500E-03,+1.67839E-03,+12.60678402E+00,-276.05535E-03
+41.45000E-03,+1.65327E-03,+12.66331668E+00,-282.33676E-03
+41.47500E-03,+1.05025E-03,+12.50628150E+00,-320.02520E-03
+41.50000E-03,+1.30151E-03,+12.66331668E+00,-370.27646E-03
+41.52500E-03,+1.67839E-03,+12.66331668E+00,-276.05535E-03
+41.55000E-03,+1.67839E-03,+12.66331668E+00,-282.33676E-03
+41.57500E-03,+1.67839E-03,+12.66331668E+00,-276.05535E-03
+41.60000E-03,+1.67839E-03,+12.56909558E+00,-477.06038E-03
+41.62500E-03,+1.67839E-03,+12.46231166E+00,-332.58801E-03
+41.65000E-03,+1.67839E-03,+12.66331668E+00,-282.33676E-03
+41.67500E-03,+1.67839E-03,+12.61934683E+00,-276.05535E-03
+41.70000E-03,+1.67839E-03,+12.55653276E+00,-276.05535E-03
+41.72500E-03,+1.67839E-03,+12.66331668E+00,-276.05535E-03
+41.75000E-03,+1.67839E-03,+12.66331668E+00,-276.05535E-03
+41.77500E-03,+1.67839E-03,+12.61934683E+00,-276.05535E-03
+41.80000E-03,+1.67839E-03,+12.66331668E+00,-382.83927E-03
+41.82500E-03,+2.48241E-03,+12.51884432E+00,-332.58801E-03
+41.85000E-03,+1.70352E-03,+12.46859306E+00,-276.05535E-03
+41.87500E-03,+1.85427E-03,+12.61934683E+00,-276.05535E-03
+41.90000E-03,+2.48241E-03,+12.66331668E+00,-276.05535E-03
+41.92500E-03,+1.90452E-03,+12.66331668E+00,-332.58801E-03
+41.95000E-03,+2.48241E-03,+12.66331668E+00,-276.05535E-03
+41.97500E-03,+2.48241E-03,+12.50628150E+00,-320.02520E-03
+42.00000E-03,+2.85930E-03,+12.66331668E+00,-276.05535E-03
+42.02500E-03,+2.48241E-03,+12.46231166E+00,-420.52771E-03
+42.05000E-03,+3.28643E-03,+12.65703527E+00,-276.05535E-03
+42.07500E-03,+3.11055E-03,+12.66331668E+00,-477.06038E-03
+42.10000E-03,+3.28643E-03,+12.55653276E+00,-276.05535E-03
+42.12500E-03,+3.28643E-03,+12.60678402E+00,-276.05535E-03
+42.15000E-03,+3.28643E-03,+12.46231166E+00,-276.05535E-03
+42.17500E-03,+3.28643E-03,+12.66331668E+00,-276.05535E-03
+42.20000E-03,+3.71357E-03,+12.56909558E+00,-370.27646E-03
+42.22500E-03,+4.09045E-03,+12.66331668E+00,-332.58801E-03
+42.25000E-03,+4.06533E-03,+12.46231166E+00,-276.05535E-03
+42.27500E-03,+4.09045E-03,+12.46231166E+00,-433.09053E-03
+42.30000E-03,+3.28643E-03,+12.55653276E+00,-370.27646E-03
+42.32500E-03,+3.86432E-03,+12.60678402E+00,-420.52771E-03
+42.35000E-03,+4.09045E-03,+12.65703527E+00,-282.33676E-03
+42.37500E-03,+4.09045E-03,+12.50628150E+00,-320.02520E-03
+42.40000E-03,+4.46734E-03,+12.46231166E+00,-276.05535E-03
+42.42500E-03,+4.09045E-03,+12.46231166E+00,-276.05535E-03
+42.45000E-03,+4.11558E-03,+12.46231166E+00,-276.05535E-03
+42.47500E-03,+4.89447E-03,+12.46231166E+00,-433.09053E-03
+42.50000E-03,+4.89447E-03,+12.56909558E+00,-382.83927E-03
+42.52500E-03,+4.89447E-03,+12.46231166E+00,-276.05535E-03
+42.55000E-03,+4.89447E-03,+12.46231166E+00,-276.05535E-03
+42.57500E-03,+5.52261E-03,+12.66331668E+00,-276.05535E-03
+42.60000E-03,+5.69849E-03,+12.46231166E+00,-276.05535E-03
+42.62500E-03,+6.27638E-03,+12.46231166E+00,-276.05535E-03
+42.65000E-03,+6.50251E-03,+12.46231166E+00,-276.05535E-03
+42.67500E-03,+6.67839E-03,+12.46231166E+00,-276.05535E-03
+42.70000E-03,+6.92965E-03,+12.46231166E+00,-276.05535E-03
+42.72500E-03,+7.30653E-03,+12.46231166E+00,-276.05535E-03
+42.75000E-03,+7.30653E-03,+12.46231166E+00,-276.05535E-03
+42.77500E-03,+7.93467E-03,+12.46231166E+00,-320.02520E-03
+42.80000E-03,+8.11055E-03,+12.55653276E+00,-276.05535E-03
+42.82500E-03,+8.11055E-03,+12.46231166E+00,-477.06038E-03
+42.85000E-03,+8.13568E-03,+12.46231166E+00,-276.05535E-03
+42.87500E-03,+8.91457E-03,+12.46231166E+00,-320.02520E-03
+42.90000E-03,+8.91457E-03,+12.46231166E+00,-276.05535E-03
+42.92500E-03,+9.49246E-03,+12.46231166E+00,-276.05535E-03
+42.95000E-03,+8.91457E-03,+12.46859306E+00,-282.33676E-03
+42.97500E-03,+9.71859E-03,+12.66331668E+00,-320.02520E-03
+43.00000E-03,+9.71859E-03,+12.46231166E+00,-276.05535E-03
+43.02500E-03,+10.52261E-03,+12.51884432E+00,-276.05535E-03
+43.05000E-03,+9.71859E-03,+12.46859306E+00,-276.05535E-03
+43.07500E-03,+10.52261E-03,+12.46231166E+00,-276.05535E-03
+43.10000E-03,+10.52261E-03,+12.46231166E+00,-276.05535E-03
+43.12500E-03,+11.10050E-03,+12.31783929E+00,-332.58801E-03
+43.15000E-03,+11.32663E-03,+12.46231166E+00,-276.05535E-03
+43.17500E-03,+11.32663E-03,+12.46231166E+00,-276.05535E-03
+43.20000E-03,+11.70352E-03,+12.55653276E+00,-276.05535E-03
+43.22500E-03,+12.13065E-03,+12.46231166E+00,-477.06038E-03
+43.25000E-03,+12.15578E-03,+12.46231166E+00,-282.33676E-03
+43.27500E-03,+12.93467E-03,+12.30527648E+00,-276.05535E-03
+43.30000E-03,+13.73869E-03,+12.46231166E+00,-276.05535E-03
+43.32500E-03,+14.54271E-03,+12.46231166E+00,-276.05535E-03
+43.35000E-03,+14.54271E-03,+12.46231166E+00,-470.77897E-03
+43.37500E-03,+15.52261E-03,+12.30527648E+00,-276.05535E-03
+43.40000E-03,+15.72362E-03,+12.46231166E+00,-276.05535E-03
+43.42500E-03,+16.95477E-03,+12.46231166E+00,-276.05535E-03
+43.45000E-03,+16.95477E-03,+12.45603025E+00,-276.05535E-03
+43.47500E-03,+17.75879E-03,+12.46231166E+00,-433.09053E-03
