#Frequency (Hz), S21re (), S21im (), S21dB (dB), S21Ph (rad), Power (dBm), Timestamp (s)
3.2000000000e+09, 3.6455062032e-01, -3.4057235718e-01, -6.0399833633e+00, -7.5140547341e-01, -5.0000000000e+01, 1.7513737522e+09
3.2015000000e+09, 2.4346511066e-01, -4.3455183506e-01, -6.0535475548e+00, -1.0601046688e+00, -5.0000000000e+01, 1.7513737522e+09
3.2030000000e+09, 1.0128640383e-01, -4.8699820042e-01, -6.0655434493e+00, -1.3657385773e+00, -5.0000000000e+01, 1.7513737522e+09
3.2045000000e+09, -5.3755830973e-02, -4.9370768666e-01, -6.0794182502e+00, -1.6792509870e+00, -5.0000000000e+01, 1.7513737522e+09
3.2060000000e+09, -1.9953057170e-01, -4.5808616281e-01, -6.0265906781e+00, -1.9815893228e+00, -5.0000000000e+01, 1.7513737522e+09
3.2075000000e+09, -3.3136868477e-01, -3.7757977843e-01, -5.9795935659e+00, -2.2911039855e+00, -5.0000000000e+01, 1.7513737522e+09
3.2090000000e+09, -4.3011531234e-01, -2.5939500332e-01, -5.9810865704e+00, -2.5989097160e+00, -5.0000000000e+01, 1.7513737522e+09
3.2105000000e+09, -4.9085924029e-01, -1.1421669275e-01, -5.9518637991e+00, -2.9129735202e+00, -5.0000000000e+01, 1.7513737522e+09
3.2120000000e+09, -5.0136560202e-01, 4.1571922600e-02, -5.9671524763e+00, -3.2243207875e+00, -5.0000000000e+01, 1.7513737522e+09
3.2135000000e+09, -4.6750447154e-01, 1.9264224172e-01, -5.9231774139e+00, -3.5324564518e+00, -5.0000000000e+01, 1.7513737522e+09
3.2150000000e+09, -3.8318490982e-01, 3.2761546969e-01, -5.9488840485e+00, -3.8489708224e+00, -5.0000000000e+01, 1.7513737522e+09
3.2165000000e+09, -2.6616010070e-01, 4.2974579334e-01, -5.9257060379e+00, -4.1578678794e+00, -5.0000000000e+01, 1.7513737522e+09
3.2180000000e+09, -1.1969859898e-01, 4.9210670590e-01, -5.9091810863e+00, -4.4737854753e+00, -5.0000000000e+01, 1.7513737522e+09
3.2195000000e+09, 3.8239900023e-02, 5.0030094385e-01, -5.9900753548e+00, -4.7886744502e+00, -5.0000000000e+01, 1.7513737522e+09
3.2210000000e+09, 1.8546387553e-01, 4.6446222067e-01, -6.0184810114e+00, -5.0922993972e+00, -5.0000000000e+01, 1.7513737522e+09
3.2225000000e+09, 3.1635320187e-01, 3.8703626394e-01, -6.0227472844e+00, -5.3976341339e+00, -5.0000000000e+01, 1.7513737522e+09
3.2240000000e+09, 4.1961300373e-01, 2.7078351378e-01, -6.0310566794e+00, -5.7101090422e+00, -5.0000000000e+01, 1.7513737522e+09
3.2255000000e+09, 4.7894787788e-01, 1.2867876887e-01, -6.0915441747e+00, -6.0207138247e+00, -5.0000000000e+01, 1.7513737522e+09
3.2270000000e+09, 4.9509656429e-01, -2.0353883505e-02, -6.0988678938e+00, -6.3242731067e+00, -5.0000000000e+01, 1.7513737522e+09
3.2285000000e+09, 4.6619862318e-01, -1.7054273188e-01, -6.0831350826e+00, -6.6338796946e+00, -5.0000000000e+01, 1.7513737522e+09
3.2300000000e+09, 3.9166098833e-01, -3.0457639694e-01, -6.0877349901e+00, -6.9441508117e+00, -5.0000000000e+01, 1.7513737522e+09
3.2315000000e+09, 2.8145581484e-01, -4.1164678335e-01, -6.0437581982e+00, -7.2542578693e+00, -5.0000000000e+01, 1.7513737522e+09
3.2330000000e+09, 1.4312301576e-01, -4.7918528318e-01, -6.0188156203e+00, -7.5637363737e+00, -5.0000000000e+01, 1.7513737522e+09
3.2345000000e+09, -1.3018418104e-02, -4.9923723936e-01, -6.0309083848e+00, -7.8800523424e+00, -5.0000000000e+01, 1.7513737522e+09
3.2360000000e+09, -1.6849400103e-01, -4.6882331371e-01, -6.0522354658e+00, -8.1990038776e+00, -5.0000000000e+01, 1.7513737522e+09
3.2375000000e+09, -3.0425730348e-01, -3.9890462160e-01, -5.9912126398e+00, -8.5055815239e+00, -5.0000000000e+01, 1.7513737522e+09
3.2390000000e+09, -4.1195699573e-01, -2.8253370523e-01, -6.0287051371e+00, -8.8236234590e+00, -5.0000000000e+01, 1.7513737522e+09
3.2405000000e+09, -4.7883069515e-01, -1.3726632297e-01, -6.0533669064e+00, -9.1455950798e+00, -5.0000000000e+01, 1.7513737522e+09
3.2420000000e+09, -4.8287725449e-01, 4.9627602100e-02, -6.2776325747e+00, -9.5271931557e+00, -5.0000000000e+01, 1.7513737522e+09
3.2435000000e+09, -4.8727896810e-01, 9.6991918981e-02, -6.0756999112e+00, -9.6212579981e+00, -5.0000000000e+01, 1.7513737522e+09
3.2450000000e+09, -4.1715049744e-01, 2.7260354161e-01, -6.0497565861e+00, -1.0003602467e+01, -5.0000000000e+01, 1.7513737522e+09
3.2465000000e+09, -3.0735021830e-01, 3.9242303371e-01, -6.0474352947e+00, -1.0331154419e+01, -5.0000000000e+01, 1.7513737522e+09
3.2480000000e+09, -1.7194558680e-01, 4.6479898691e-01, -6.0976565532e+00, -1.0641251214e+01, -5.0000000000e+01, 1.7513737522e+09
3.2495000000e+09, -1.8637992442e-02, 4.9789974093e-01, -6.0510807185e+00, -1.0958158533e+01, -5.0000000000e+01, 1.7513737522e+09
3.2510000000e+09, 1.3568012416e-01, 4.7858211398e-01, -6.0651265433e+00, -1.1271829633e+01, -5.0000000000e+01, 1.7513737522e+09
3.2525000000e+09, 2.7442786097e-01, 4.1499567032e-01, -6.0636854869e+00, -1.1579837585e+01, -5.0000000000e+01, 1.7513737522e+09
3.2540000000e+09, 3.8721325993e-01, 3.0941733718e-01, -6.0964222218e+00, -1.1892186226e+01, -5.0000000000e+01, 1.7513737522e+09
3.2555000000e+09, 4.6273133159e-01, 1.7754612863e-01, -6.0969576106e+00, -1.2200001763e+01, -5.0000000000e+01, 1.7513737522e+09
3.2570000000e+09, 4.9917119741e-01, 2.9229195789e-02, -6.0201442717e+00, -1.2507881947e+01, -5.0000000000e+01, 1.7513737522e+09
3.2585000000e+09, 4.7835195065e-01, -1.2433506548e-01, -6.1211244923e+00, -1.2820667314e+01, -5.0000000000e+01, 1.7513737522e+09
3.2600000000e+09, 4.2346385121e-01, -2.6434299350e-01, -6.0345396358e+00, -1.3124423089e+01, -5.0000000000e+01, 1.7513737522e+09
3.2615000000e+09, 3.1949943304e-01, -3.7789350748e-01, -6.1104067003e+00, -1.3435305869e+01, -5.0000000000e+01, 1.7513737522e+09
3.2630000000e+09, 1.8844124675e-01, -4.5791441202e-01, -6.1048712868e+00, -1.3746768571e+01, -5.0000000000e+01, 1.7513737522e+09
3.2645000000e+09, 4.6038694680e-02, -4.9425131083e-01, -6.0835238793e+00, -1.4044286600e+01, -5.0000000000e+01, 1.7513737522e+09
3.2660000000e+09, -1.1385363340e-01, -4.8460036516e-01, -6.0589841096e+00, -1.4367925216e+01, -5.0000000000e+01, 1.7513737522e+09
3.2675000000e+09, -2.5249886513e-01, -4.2910015583e-01, -6.0575392112e+00, -1.4669041639e+01, -5.0000000000e+01, 1.7513737522e+09
3.2690000000e+09, -3.7163323164e-01, -3.3090505004e-01, -6.0623285292e+00, -1.4980473189e+01, -5.0000000000e+01, 1.7513737522e+09
3.2705000000e+09, -4.5632639527e-01, -2.0054352283e-01, -6.0475840562e+00, -1.5293897279e+01, -5.0000000000e+01, 1.7513737522e+09
3.2720000000e+09, -4.9901393056e-01, -5.1041685045e-02, -5.9925457186e+00, -1.5606032665e+01, -5.0000000000e+01, 1.7513737522e+09
3.2735000000e+09, -4.8928621411e-01, 1.0299693793e-01, -6.0204371680e+00, -1.5915438581e+01, -5.0000000000e+01, 1.7513737522e+09
3.2750000000e+09, -4.3323615193e-01, 2.4892038107e-01, -6.0265987174e+00, -1.6229467191e+01, -5.0000000000e+01, 1.7513737522e+09
3.2765000000e+09, -3.3598449826e-01, 3.7193137407e-01, -5.9994832982e+00, -1.6544096313e+01, -5.0000000000e+01, 1.7513737522e+09
3.2780000000e+09, -2.0658518374e-01, 4.5380771160e-01, -6.0446589913e+00, -1.6851568024e+01, -5.0000000000e+01, 1.7513737522e+09
3.2795000000e+09, -5.5105902255e-02, 4.9591553211e-01, -6.0385494232e+00, -1.7168094055e+01, -5.0000000000e+01, 1.7513737522e+09
3.2810000000e+09, 9.2582650483e-02, 4.8950743675e-01, -6.0521733465e+00, -1.7465685880e+01, -5.0000000000e+01, 1.7513737522e+09
3.2825000000e+09, 2.3784933984e-01, 4.3235874176e-01, -6.1348963764e+00, -1.7781695196e+01, -5.0000000000e+01, 1.7513737522e+09
3.2840000000e+09, 3.5838559270e-01, 3.3822402358e-01, -6.1468742452e+00, -1.8093092102e+01, -5.0000000000e+01, 1.7513737522e+09
3.2855000000e+09, 4.4041177630e-01, 2.1570754051e-01, -6.1889886797e+00, -1.8394112816e+01, -5.0000000000e+01, 1.7513737522e+09
3.2870000000e+09, 4.8564261198e-01, 6.9038778544e-02, -6.1867712251e+00, -1.8708342487e+01, -5.0000000000e+01, 1.7513737522e+09
3.2885000000e+09, 4.8388072848e-01, -7.7924966812e-02, -6.1940374626e+00, -1.9009226700e+01, -5.0000000000e+01, 1.7513737522e+09
3.2900000000e+09, 4.3640843034e-01, -2.2065684199e-01, -6.2134457884e+00, -1.9317689437e+01, -5.0000000000e+01, 1.7513737522e+09
3.2915000000e+09, 3.5024315119e-01, -3.4318915010e-01, -6.1897692056e+00, -1.9624781848e+01, -5.0000000000e+01, 1.7513737522e+09
3.2930000000e+09, 2.3072680831e-01, -4.3554878235e-01, -6.1450525990e+00, -1.9933198114e+01, -5.0000000000e+01, 1.7513737522e+09
3.2945000000e+09, 9.0311720967e-02, -4.8681810498e-01, -6.1057151393e+00, -2.0236923245e+01, -5.0000000000e+01, 1.7513737522e+09
3.2960000000e+09, -6.2866985798e-02, -4.9108111858e-01, -6.1063379111e+00, -2.0547677225e+01, -5.0000000000e+01, 1.7513737522e+09
3.2975000000e+09, -2.1116036177e-01, -4.4952279329e-01, -6.0790225870e+00, -2.0859502936e+01, -5.0000000000e+01, 1.7513737522e+09
3.2990000000e+09, -3.3847489953e-01, -3.6301383376e-01, -6.0845748017e+00, -2.1170783446e+01, -5.0000000000e+01, 1.7513737522e+09
3.3005000000e+09, -4.3377169967e-01, -2.4551865458e-01, -6.0478320421e+00, -2.1476097576e+01, -5.0000000000e+01, 1.7513737522e+09
3.3020000000e+09, -4.8459982872e-01, -1.0106511414e-01, -6.1074325276e+00, -2.1785541942e+01, -5.0000000000e+01, 1.7513737522e+09
3.3035000000e+09, -4.9658906460e-01, 5.7260703296e-02, -6.0226939394e+00, -2.2105949594e+01, -5.0000000000e+01, 1.7513737522e+09
3.3050000000e+09, -4.5434150100e-01, 2.0212244987e-01, -6.0681156245e+00, -2.2409727376e+01, -5.0000000000e+01, 1.7513737522e+09
3.3065000000e+09, -3.7195426226e-01, 3.3162486553e-01, -6.0497951275e+00, -2.2719289050e+01, -5.0000000000e+01, 1.7513737522e+09
3.3080000000e+09, -2.4790199101e-01, 4.2970722914e-01, -6.0888185707e+00, -2.3038677101e+01, -5.0000000000e+01, 1.7513737522e+09
3.3095000000e+09, -1.1006486416e-01, 4.8318865895e-01, -6.0979718233e+00, -2.3337977828e+01, -5.0000000000e+01, 1.7513737522e+09
3.3110000000e+09, 4.7445114702e-02, 4.9451032281e-01, -6.0766980540e+00, -2.3657595753e+01, -5.0000000000e+01, 1.7513737522e+09
3.3125000000e+09, 1.9599027932e-01, 4.5549491048e-01, -6.0926301333e+00, -2.3968279112e+01, -5.0000000000e+01, 1.7513737522e+09
3.3140000000e+09, 3.2321262360e-01, 3.7444695830e-01, -6.1140698683e+00, -2.4274037216e+01, -5.0000000000e+01, 1.7513737522e+09
3.3155000000e+09, 4.2573401332e-01, 2.5661084056e-01, -6.0712976162e+00, -2.4590302701e+01, -5.0000000000e+01, 1.7513737522e+09
3.3170000000e+09, 4.8179101944e-01, 1.1601393670e-01, -6.0980378655e+00, -2.4896442586e+01, -5.0000000000e+01, 1.7513737522e+09
3.3185000000e+09, 4.9448156357e-01, -3.1982529908e-02, -6.0988677102e+00, -2.5197330175e+01, -5.0000000000e+01, 1.7513737522e+09
3.3200000000e+09, 4.5677042007e-01, -1.8344151974e-01, -6.1566449605e+00, -2.5514630904e+01, -5.0000000000e+01, 1.7513737522e+09
3.3215000000e+09, 3.7904354930e-01, -3.1233656406e-01, -6.1757202907e+00, -2.5821953317e+01, -5.0000000000e+01, 1.7513737522e+09
3.3230000000e+09, 2.6645815372e-01, -4.1605871916e-01, -6.1242367093e+00, -2.6133916530e+01, -5.0000000000e+01, 1.7513737522e+09
3.3245000000e+09, 1.2911351025e-01, -4.7787058353e-01, -6.1077968869e+00, -2.6439653208e+01, -5.0000000000e+01, 1.7513737522e+09
3.3260000000e+09, -2.1770311519e-02, -4.9167641997e-01, -6.1579063058e+00, -2.6747786375e+01, -5.0000000000e+01, 1.7513737522e+09
3.3275000000e+09, -1.6759204864e-01, -4.6275493503e-01, -6.1577346093e+00, -2.7051005378e+01, -5.0000000000e+01, 1.7513737522e+09
3.3290000000e+09, -3.0217969418e-01, -3.9203754067e-01, -6.1082327844e+00, -2.7360213760e+01, -5.0000000000e+01, 1.7513737522e+09
3.3305000000e+09, -4.0784594417e-01, -2.8107419610e-01, -6.1022983723e+00, -2.7670915066e+01, -5.0000000000e+01, 1.7513737522e+09
3.3320000000e+09, -4.7364801168e-01, -1.4149281383e-01, -6.1196516431e+00, -2.7984042742e+01, -5.0000000000e+01, 1.7513737522e+09
3.3335000000e+09, -4.9593475461e-01, 1.4274208807e-02, -6.0879127848e+00, -2.8303108371e+01, -5.0000000000e+01, 1.7513737522e+09
3.3350000000e+09, -4.6807482839e-01, 1.6632673144e-01, -6.0772765567e+00, -2.8615759935e+01, -5.0000000000e+01, 1.7513737522e+09
3.3365000000e+09, -3.9336895943e-01, 3.0039212108e-01, -6.1087900546e+00, -2.8926507348e+01, -5.0000000000e+01, 1.7513737522e+09
3.3380000000e+09, -2.8507804871e-01, 4.0604063869e-01, -6.0882046076e+00, -2.9233001326e+01, -5.0000000000e+01, 1.7513737522e+09
3.3395000000e+09, -1.4284473658e-01, 4.7146084905e-01, -6.1496610150e+00, -2.9550938747e+01, -5.0000000000e+01, 1.7513737522e+09
3.3410000000e+09, 7.6069575734e-03, 4.9222671986e-01, -6.1556591900e+00, -2.9860583153e+01, -5.0000000000e+01, 1.7513737522e+09
3.3425000000e+09, 1.5549792349e-01, 4.6417346597e-01, -6.2044683145e+00, -3.0168379649e+01, -5.0000000000e+01, 1.7513737522e+09
3.3440000000e+09, 2.8776386380e-01, 3.9575365186e-01, -6.2082325874e+00, -3.0473832329e+01, -5.0000000000e+01, 1.7513737522e+09
3.3455000000e+09, 3.9466890693e-01, 2.8480914235e-01, -6.2547198392e+00, -3.0790823785e+01, -5.0000000000e+01, 1.7513737522e+09
3.3470000000e+09, 4.5798763633e-01, 1.5655453503e-01, -6.3029815796e+00, -3.1086547357e+01, -5.0000000000e+01, 1.7513737522e+09
3.3485000000e+09, 4.8034769297e-01, 1.0221896693e-02, -6.3669195715e+00, -3.1394649544e+01, -5.0000000000e+01, 1.7513737522e+09
3.3500000000e+09, 4.6073043346e-01, -1.3581874967e-01, -6.3691614033e+00, -3.1702596737e+01, -5.0000000000e+01, 1.7513737522e+09
3.3515000000e+09, 4.0010815859e-01, -2.6550284028e-01, -6.3718157318e+00, -3.2001787554e+01, -5.0000000000e+01, 1.7513737522e+09
3.3530000000e+09, 3.0312484503e-01, -3.7493905425e-01, -6.3364435696e+00, -3.2306842022e+01, -5.0000000000e+01, 1.7513737522e+09
3.3545000000e+09, 1.7590367794e-01, -4.4934237003e-01, -6.3292250918e+00, -3.2613592226e+01, -5.0000000000e+01, 1.7513737522e+09
3.3560000000e+09, 3.2345887274e-02, -4.8645597696e-01, -6.2399699376e+00, -3.2920327661e+01, -5.0000000000e+01, 1.7513737522e+09
3.3575000000e+09, -1.1621756852e-01, -4.7257584333e-01, -6.2555512305e+00, -3.3227861281e+01, -5.0000000000e+01, 1.7513737522e+09
3.3590000000e+09, -2.5696060061e-01, -4.1691356897e-01, -6.2006810985e+00, -3.3539070670e+01, -5.0000000000e+01, 1.7513737522e+09
3.3605000000e+09, -3.7321051955e-01, -3.1801956892e-01, -6.1902482235e+00, -3.3851796542e+01, -5.0000000000e+01, 1.7513737522e+09
3.3620000000e+09, -4.5315688849e-01, -1.8801137805e-01, -6.1852491317e+00, -3.4164240768e+01, -5.0000000000e+01, 1.7513737522e+09
3.3635000000e+09, -4.9298813939e-01, -4.0524773300e-02, -6.1140230413e+00, -3.4475501266e+01, -5.0000000000e+01, 1.7513737522e+09
3.3650000000e+09, -4.8093345761e-01, 1.0853213817e-01, -6.1425753359e+00, -3.4779471028e+01, -5.0000000000e+01, 1.7513737522e+09
3.3665000000e+09, -4.2486664653e-01, 2.5063043833e-01, -6.1380919151e+00, -3.5090481918e+01, -5.0000000000e+01, 1.7513737522e+09
3.3680000000e+09, -3.2683384418e-01, 3.7016248703e-01, -6.1289393093e+00, -3.5405002268e+01, -5.0000000000e+01, 1.7513737522e+09
3.3695000000e+09, -2.0275183022e-01, 4.5311751962e-01, -6.0831736507e+00, -3.5707576111e+01, -5.0000000000e+01, 1.7513737522e+09
3.3710000000e+09, -5.0671458244e-02, 4.9195373058e-01, -6.1156828163e+00, -3.6025677007e+01, -5.0000000000e+01, 1.7513737522e+09
3.3725000000e+09, 1.0378924757e-01, 4.8109883070e-01, -6.1577513165e+00, -3.6340792887e+01, -5.0000000000e+01, 1.7513737522e+09
3.3740000000e+09, 2.4527722597e-01, 4.2721107602e-01, -6.1498351425e+00, -3.6649500178e+01, -5.0000000000e+01, 1.7513737522e+09
3.3755000000e+09, 3.6332362890e-01, 3.3248826861e-01, -6.1519423025e+00, -3.6958000359e+01, -5.0000000000e+01, 1.7513737522e+09
3.3770000000e+09, 4.4492053986e-01, 2.0237262547e-01, -6.2176755074e+00, -3.7272231017e+01, -5.0000000000e+01, 1.7513737522e+09
3.3785000000e+09, 4.8910045624e-01, 5.7496193796e-02, -6.1524336391e+00, -3.7582093922e+01, -5.0000000000e+01, 1.7513737522e+09
3.3800000000e+09, 4.7885173559e-01, -9.2958435416e-02, -6.2353207660e+00, -3.7890854736e+01, -5.0000000000e+01, 1.7513737522e+09
3.3815000000e+09, 4.3121415377e-01, -2.3789964616e-01, -6.1521324601e+00, -3.8203257161e+01, -5.0000000000e+01, 1.7513737522e+09
3.3830000000e+09, 3.3601188660e-01, -3.5368138552e-01, -6.2343306031e+00, -3.8510123762e+01, -5.0000000000e+01, 1.7513737522e+09
3.3845000000e+09, 2.1480584145e-01, -4.4041967392e-01, -6.1958787354e+00, -3.8816124740e+01, -5.0000000000e+01, 1.7513737522e+09
3.3860000000e+09, 6.9401808083e-02, -4.8389393091e-01, -6.2165671213e+00, -3.9127456034e+01, -5.0000000000e+01, 1.7513737522e+09
3.3875000000e+09, -8.1462316215e-02, -4.8524761200e-01, -6.1600278183e+00, -3.9436235045e+01, -5.0000000000e+01, 1.7513737522e+09
3.3890000000e+09, -2.2373461723e-01, -4.3644994497e-01, -6.1880234182e+00, -3.9743603720e+01, -5.0000000000e+01, 1.7513737522e+09
3.3905000000e+09, -3.4823709726e-01, -3.4680953622e-01, -6.1700027531e+00, -4.0057360237e+01, -5.0000000000e+01, 1.7513737522e+09
3.3920000000e+09, -4.3818557262e-01, -2.2503803670e-01, -6.1502200600e+00, -4.0366261591e+01, -5.0000000000e+01, 1.7513737522e+09
3.3935000000e+09, -4.8598393798e-01, -8.0510377884e-02, -6.1499767443e+00, -4.0676530875e+01, -5.0000000000e+01, 1.7513737522e+09
3.3950000000e+09, -4.8447370529e-01, 7.4145406485e-02, -6.1940473598e+00, -4.0992569343e+01, -5.0000000000e+01, 1.7513737522e+09
3.3965000000e+09, -4.4059801102e-01, 2.2370523214e-01, -6.1230656166e+00, -4.1310517695e+01, -5.0000000000e+01, 1.7513737522e+09
3.3980000000e+09, -3.5164362192e-01, 3.4554418922e-01, -6.1429718518e+00, -4.1617354261e+01, -5.0000000000e+01, 1.7513737522e+09
3.3995000000e+09, -2.2721390426e-01, 4.3259713054e-01, -6.2202672378e+00, -4.1927871880e+01, -5.0000000000e+01, 1.7513737522e+09
3.4010000000e+09, -8.1855230033e-02, 4.7881713510e-01, -6.2715033464e+00, -4.2242184572e+01, -5.0000000000e+01, 1.7513737522e+09
3.4025000000e+09, 6.6787488759e-02, 4.7879964113e-01, -6.3132332710e+00, -4.2550095974e+01, -5.0000000000e+01, 1.7513737522e+09
3.4040000000e+09, 2.1005047858e-01, 4.3419426680e-01, -6.3330466237e+00, -4.2862080927e+01, -5.0000000000e+01, 1.7513737522e+09
3.4055000000e+09, 3.2935747504e-01, 3.5117757320e-01, -6.3488275700e+00, -4.3164846816e+01, -5.0000000000e+01, 1.7513737522e+09
3.4070000000e+09, 4.1869994998e-01, 2.2945749760e-01, -6.4214060619e+00, -4.3480972515e+01, -5.0000000000e+01, 1.7513737522e+09
3.4085000000e+09, 4.6590554714e-01, 9.4687297940e-02, -6.4582687645e+00, -4.3781795051e+01, -5.0000000000e+01, 1.7513737522e+09
3.4100000000e+09, 4.7273758054e-01, -4.6610474587e-02, -6.4655820235e+00, -4.4080576433e+01, -5.0000000000e+01, 1.7513737522e+09
3.4115000000e+09, 4.3517246842e-01, -1.8292991817e-01, -6.5200990565e+00, -4.4380232721e+01, -5.0000000000e+01, 1.7513737522e+09
3.4130000000e+09, 3.6154067516e-01, -3.0836018920e-01, -6.4628055140e+00, -4.4688475845e+01, -5.0000000000e+01, 1.7513737522e+09
3.4145000000e+09, 2.5309035182e-01, -4.0154126287e-01, -6.4725786914e+00, -4.4990693972e+01, -5.0000000000e+01, 1.7513737522e+09
3.4160000000e+09, 1.2143161148e-01, -4.6174961329e-01, -6.4214451112e+00, -4.5295934728e+01, -5.0000000000e+01, 1.7513737522e+09
3.4175000000e+09, -2.6151111349e-02, -4.8036465049e-01, -6.3557269195e+00, -4.5607479915e+01, -5.0000000000e+01, 1.7513737522e+09
3.4190000000e+09, -1.6676595807e-01, -4.5250394940e-01, -6.3344498317e+00, -4.5906188889e+01, -5.0000000000e+01, 1.7513737522e+09
3.4205000000e+09, -2.9744836688e-01, -3.8343667984e-01, -6.2801052990e+00, -4.6212867648e+01, -5.0000000000e+01, 1.7513737522e+09
3.4220000000e+09, -4.0457227826e-01, -2.7251142263e-01, -6.2353034554e+00, -4.6531116939e+01, -5.0000000000e+01, 1.7513737522e+09
3.4235000000e+09, -4.6832388639e-01, -1.3600036502e-01, -6.2374548603e+00, -4.6841265207e+01, -5.0000000000e+01, 1.7513737522e+09
3.4250000000e+09, -4.9123358726e-01, 1.6679948196e-02, -6.1692345877e+00, -4.7157831991e+01, -5.0000000000e+01, 1.7513737522e+09
3.4265000000e+09, -4.6134850383e-01, 1.6477227211e-01, -6.1980261315e+00, -4.7466923259e+01, -5.0000000000e+01, 1.7513737522e+09
3.4280000000e+09, -3.9058852196e-01, 2.9925823212e-01, -6.1597851335e+00, -4.7777661299e+01, -5.0000000000e+01, 1.7513737522e+09
3.4295000000e+09, -2.8281843662e-01, 4.0224871039e-01, -6.1656113827e+00, -4.8081887036e+01, -5.0000000000e+01, 1.7513737522e+09
3.4310000000e+09, -1.4633323252e-01, 4.7172653675e-01, -6.1271815480e+00, -4.8393890927e+01, -5.0000000000e+01, 1.7513737522e+09
3.4325000000e+09, 7.4808979407e-03, 4.9265259504e-01, -6.1481832139e+00, -4.8709869899e+01, -5.0000000000e+01, 1.7513737522e+09
3.4340000000e+09, 1.5797287226e-01, 4.6010577679e-01, -6.2588843678e+00, -4.9025415790e+01, -5.0000000000e+01, 1.7513737522e+09
3.4355000000e+09, 2.9430750012e-01, 3.9175763726e-01, -6.1962420817e+00, -4.9338986066e+01, -5.0000000000e+01, 1.7513737522e+09
3.4370000000e+09, 4.0190526843e-01, 2.8364858031e-01, -6.1621269913e+00, -4.9650901309e+01, -5.0000000000e+01, 1.7513737522e+09
3.4385000000e+09, 4.6516916156e-01, 1.4876045287e-01, -6.2248972727e+00, -4.9955962204e+01, -5.0000000000e+01, 1.7513737522e+09
3.4400000000e+09, 4.8852291703e-01, -3.4968930413e-04, -6.2222989415e+00, -5.0266198267e+01, -5.0000000000e+01, 1.7513737522e+09
3.4415000000e+09, 4.6673384309e-01, -1.4987002313e-01, -6.1924351081e+00, -5.0576186375e+01, -5.0000000000e+01, 1.7513737522e+09
3.4430000000e+09, 4.0034371614e-01, -2.8435015678e-01, -6.1774856885e+00, -5.0883064557e+01, -5.0000000000e+01, 1.7513737522e+09
3.4445000000e+09, 2.9333829880e-01, -3.9293488860e-01, -6.1898391681e+00, -5.1195001170e+01, -5.0000000000e+01, 1.7513737522e+09
3.4460000000e+09, 1.6133083403e-01, -4.6280989051e-01, -6.1938969339e+00, -5.1500860768e+01, -5.0000000000e+01, 1.7513737522e+09
3.4475000000e+09, 8.7660327554e-03, -4.9203962088e-01, -6.1586202669e+00, -5.1818464964e+01, -5.0000000000e+01, 1.7513737522e+09
3.4490000000e+09, -1.3744007051e-01, -4.6988540888e-01, -6.2036445238e+00, -5.2120837954e+01, -5.0000000000e+01, 1.7513737522e+09
3.4505000000e+09, -2.7551311254e-01, -4.0636742115e-01, -6.1790735684e+00, -5.2432079813e+01, -5.0000000000e+01, 1.7513737522e+09
3.4520000000e+09, -3.8497036695e-01, -3.0137935281e-01, -6.2154450392e+00, -5.2742870780e+01, -5.0000000000e+01, 1.7513737522e+09
3.4535000000e+09, -4.6221670508e-01, -1.6887496412e-01, -6.1589214733e+00, -5.3056783629e+01, -5.0000000000e+01, 1.7513737522e+09
3.4550000000e+09, -4.9004501104e-01, -1.8874354661e-02, -6.1888427983e+00, -5.3368578586e+01, -5.0000000000e+01, 1.7513737522e+09
3.4565000000e+09, -4.7069546580e-01, 1.3103513420e-01, -6.2210313873e+00, -5.3678586736e+01, -5.0000000000e+01, 1.7513737522e+09
3.4580000000e+09, -4.0702018142e-01, 2.6716163754e-01, -6.2517695323e+00, -5.3987925298e+01, -5.0000000000e+01, 1.7513737522e+09
3.4595000000e+09, -3.0476775765e-01, 3.8197338581e-01, -6.2198922325e+00, -5.4304426383e+01, -5.0000000000e+01, 1.7513737522e+09
3.4610000000e+09, -1.7343384028e-01, 4.5547419786e-01, -6.2427048457e+00, -5.4614046140e+01, -5.0000000000e+01, 1.7513737522e+09
3.4625000000e+09, -2.5780882686e-02, 4.8448345065e-01, -6.2821407989e+00, -5.4924708446e+01, -5.0000000000e+01, 1.7513737522e+09
3.4640000000e+09, 1.2591898441e-01, 4.6908980608e-01, -6.2727051855e+00, -5.5240121773e+01, -5.0000000000e+01, 1.7513737522e+09
3.4655000000e+09, 2.5845709443e-01, 4.0356922150e-01, -6.3889915942e+00, -5.5547488316e+01, -5.0000000000e+01, 1.7513737522e+09
3.4670000000e+09, 3.6791914702e-01, 3.0917203426e-01, -6.3647856300e+00, -5.5849816821e+01, -5.0000000000e+01, 1.7513737522e+09
3.4685000000e+09, 4.4178137183e-01, 1.8091082573e-01, -6.4225661361e+00, -5.6159996030e+01, -5.0000000000e+01, 1.7513737522e+09
3.4700000000e+09, 4.7624853253e-01, 4.1823472828e-02, -6.4099622391e+00, -5.6461073895e+01, -5.0000000000e+01, 1.7513737522e+09
3.4715000000e+09, 4.6376544237e-01, -1.0230318457e-01, -6.4676809180e+00, -5.6765783159e+01, -5.0000000000e+01, 1.7513737522e+09
3.4730000000e+09, 4.0802541375e-01, -2.3514045775e-01, -6.5408589808e+00, -5.7071470039e+01, -5.0000000000e+01, 1.7513737522e+09
3.4745000000e+09, 3.2368391752e-01, -3.5133543611e-01, -6.4166938800e+00, -5.7375007076e+01, -5.0000000000e+01, 1.7513737522e+09
3.4760000000e+09, 2.0434343815e-01, -4.3327423930e-01, -6.3924984623e+00, -5.7678772155e+01, -5.0000000000e+01, 1.7513737522e+09
3.4775000000e+09, 6.5661258996e-02, -4.7250118852e-01, -6.4288733004e+00, -5.7981383125e+01, -5.0000000000e+01, 1.7513737522e+09
3.4790000000e+09, -8.3026938140e-02, -4.7031763196e-01, -6.4188966608e+00, -5.8294197550e+01, -5.0000000000e+01, 1.7513737522e+09
3.4805000000e+09, -2.2363555431e-01, -4.2947512865e-01, -6.2992800284e+00, -5.8599548621e+01, -5.0000000000e+01, 1.7513737522e+09
3.4820000000e+09, -3.4630814195e-01, -3.3979171515e-01, -6.2821616292e+00, -5.8914359751e+01, -5.0000000000e+01, 1.7513737522e+09
3.4835000000e+09, -4.3366831541e-01, -2.1819745004e-01, -6.2768033866e+00, -5.9224101070e+01, -5.0000000000e+01, 1.7513737522e+09
3.4850000000e+09, -4.8020744324e-01, -7.2587065399e-02, -6.2733084546e+00, -5.9540238412e+01, -5.0000000000e+01, 1.7513737522e+09
3.4865000000e+09, -4.8543235660e-01, 7.7740401030e-02, -6.1674465555e+00, -5.9849058738e+01, -5.0000000000e+01, 1.7513737522e+09
3.4880000000e+09, -4.3698409200e-01, 2.2229443491e-01, -6.1911989472e+00, -6.0160844920e+01, -5.0000000000e+01, 1.7513737522e+09
3.4895000000e+09, -3.4869775176e-01, 3.4566110372e-01, -6.1785373222e+00, -6.0471285297e+01, -5.0000000000e+01, 1.7513737522e+09
3.4910000000e+09, -2.2425110638e-01, 4.3702724576e-01, -6.1747620582e+00, -6.0786961634e+01, -5.0000000000e+01, 1.7513737522e+09
3.4925000000e+09, -8.1817954779e-02, 4.8218449950e-01, -6.2124596140e+00, -6.1092975824e+01, -5.0000000000e+01, 1.7513737522e+09
3.4940000000e+09, 7.5054109096e-02, 4.8224088550e-01, -6.2307758610e+00, -6.1415454199e+01, -5.0000000000e+01, 1.7513737522e+09
3.4955000000e+09, 2.1645708382e-01, 4.3625599146e-01, -6.2493482766e+00, -6.1721635568e+01, -5.0000000000e+01, 1.7513737522e+09
3.4970000000e+09, 3.3806234598e-01, 3.5041880608e-01, -6.2510601673e+00, -6.2028509415e+01, -5.0000000000e+01, 1.7513737522e+09
3.4985000000e+09, 4.2910471559e-01, 2.2978122532e-01, -6.2537945350e+00, -6.2340218290e+01, -5.0000000000e+01, 1.7513737522e+09
3.5000000000e+09, 4.7999015450e-01, 9.1906592250e-02, -6.2189771956e+00, -6.2642666944e+01, -5.0000000000e+01, 1.7513737522e+09
3.5015000000e+09, 4.8031499982e-01, -6.3332751393e-02, -6.2946186295e+00, -6.2962953485e+01, -5.0000000000e+01, 1.7513737522e+09
3.5030000000e+09, 4.4343855977e-01, -2.0354850590e-01, -6.2329578311e+00, -6.3262185156e+01, -5.0000000000e+01, 1.7513737522e+09
3.5045000000e+09, 3.5778686404e-01, -3.2875698805e-01, -6.2691763009e+00, -6.3574992328e+01, -5.0000000000e+01, 1.7513737522e+09
3.5060000000e+09, 2.3916822672e-01, -4.2652210593e-01, -6.2137947114e+00, -6.3891597523e+01, -5.0000000000e+01, 1.7513737522e+09
3.5075000000e+09, 1.0148198158e-01, -4.7685024142e-01, -6.2399869051e+00, -6.4192960433e+01, -5.0000000000e+01, 1.7513737522e+09
3.5090000000e+09, -4.9182992429e-02, -4.8401656747e-01, -6.2581824754e+00, -6.4503916086e+01, -5.0000000000e+01, 1.7513737522e+09
3.5105000000e+09, -1.9207054377e-01, -4.4610986114e-01, -6.2726266641e+00, -6.4809207649e+01, -5.0000000000e+01, 1.7513737522e+09
3.5120000000e+09, -3.2284438610e-01, -3.6297318339e-01, -6.2712842971e+00, -6.5129601852e+01, -5.0000000000e+01, 1.7513737522e+09
3.5135000000e+09, -4.1774585843e-01, -2.4823422730e-01, -6.2684546007e+00, -6.5437284794e+01, -5.0000000000e+01, 1.7513737522e+09
3.5150000000e+09, -4.7165116668e-01, -1.1197068542e-01, -6.2894644673e+00, -6.5740359186e+01, -5.0000000000e+01, 1.7513737522e+09
3.5165000000e+09, -4.8048126697e-01, 4.0651120246e-02, -6.3354947017e+00, -6.6057849726e+01, -5.0000000000e+01, 1.7513737522e+09
3.5180000000e+09, -4.4654813409e-01, 1.8407166004e-01, -6.3210832226e+00, -6.6364433552e+01, -5.0000000000e+01, 1.7513737522e+09
3.5195000000e+09, -3.6892271042e-01, 3.1361162662e-01, -6.2993824373e+00, -6.6677982784e+01, -5.0000000000e+01, 1.7513737522e+09
3.5210000000e+09, -2.5635969639e-01, 4.0981107950e-01, -6.3140556346e+00, -6.6985243163e+01, -5.0000000000e+01, 1.7513737522e+09
3.5225000000e+09, -1.1829892546e-01, 4.6874025464e-01, -6.3131887271e+00, -6.7297028136e+01, -5.0000000000e+01, 1.7513737522e+09
3.5240000000e+09, 2.8241269290e-02, 4.8378619552e-01, -6.2921562630e+00, -6.7602551396e+01, -5.0000000000e+01, 1.7513737522e+09
3.5255000000e+09, 1.7586514354e-01, 4.4708469510e-01, -6.3673921996e+00, -6.7919011039e+01, -5.0000000000e+01, 1.7513737522e+09
3.5270000000e+09, 3.0015960336e-01, 3.7483599782e-01, -6.3714481636e+00, -6.8219455876e+01, -5.0000000000e+01, 1.7513737522e+09
3.5285000000e+09, 3.9760714769e-01, 2.6366415620e-01, -6.4280822015e+00, -6.8529490107e+01, -5.0000000000e+01, 1.7513737522e+09
3.5300000000e+09, 4.5849114656e-01, 1.3241091371e-01, -6.4254775164e+00, -6.8833890897e+01, -5.0000000000e+01, 1.7513737522e+09
3.5315000000e+09, 4.7565987706e-01, -1.3643141836e-02, -6.4504981897e+00, -6.9143713075e+01, -5.0000000000e+01, 1.7513737522e+09
3.5330000000e+09, 4.5084545016e-01, -1.6131651401e-01, -6.3962504260e+00, -6.9458652892e+01, -5.0000000000e+01, 1.7513737522e+09
3.5345000000e+09, 3.8082528114e-01, -2.8364574909e-01, -6.4688656979e+00, -6.9755215130e+01, -5.0000000000e+01, 1.7513737522e+09
3.5360000000e+09, 2.7957394719e-01, -3.9166283608e-01, -6.3533389132e+00, -7.0065898433e+01, -5.0000000000e+01, 1.7513737522e+09
3.5375000000e+09, 1.5042178333e-01, -4.5637682080e-01, -6.3656381247e+00, -7.0367447939e+01, -5.0000000000e+01, 1.7513737522e+09
3.5390000000e+09, 1.7899693921e-03, -4.8173993826e-01, -6.3436869892e+00, -7.0682119089e+01, -5.0000000000e+01, 1.7513737522e+09
3.5405000000e+09, -1.4379951358e-01, -4.6206036210e-01, -6.3045376215e+00, -7.0987547282e+01, -5.0000000000e+01, 1.7513737522e+09
3.5420000000e+09, -2.8091013432e-01, -3.9353930950e-01, -6.3118578769e+00, -7.1305765485e+01, -5.0000000000e+01, 1.7513737522e+09
3.5435000000e+09, -3.8462314010e-01, -2.9110419750e-01, -6.3324726541e+00, -7.1608756725e+01, -5.0000000000e+01, 1.7513737522e+09
3.5450000000e+09, -4.5876902342e-01, -1.5840473771e-01, -6.2789646729e+00, -7.1924165398e+01, -5.0000000000e+01, 1.7513737522e+09
3.5465000000e+09, -4.8546513915e-01, -1.4342908748e-02, -6.2730497697e+00, -7.2227094952e+01, -5.0000000000e+01, 1.7513737522e+09
3.5480000000e+09, -4.6820572019e-01, 1.3908058405e-01, -6.2240236429e+00, -7.2545379359e+01, -5.0000000000e+01, 1.7513737522e+09
3.5495000000e+09, -4.0273112059e-01, 2.7540251613e-01, -6.2335206280e+00, -7.2856426908e+01, -5.0000000000e+01, 1.7513737522e+09
3.5510000000e+09, -2.9649892449e-01, 3.8462910056e-01, -6.2736198851e+00, -7.3170702877e+01, -5.0000000000e+01, 1.7513737522e+09
3.5525000000e+09, -1.6515883803e-01, 4.5826640725e-01, -6.2472872326e+00, -7.3481518441e+01, -5.0000000000e+01, 1.7513737522e+09
3.5540000000e+09, -1.8569797278e-02, 4.8660647869e-01, -6.2501221214e+00, -7.3789284031e+01, -5.0000000000e+01, 1.7513737522e+09
3.5555000000e+09, 1.2896227837e-01, 4.6711686254e-01, -6.2924747142e+00, -7.4096798663e+01, -5.0000000000e+01, 1.7513737522e+09
3.5570000000e+09, 2.6656404138e-01, 4.0463647246e-01, -6.2932583682e+00, -7.4409945979e+01, -5.0000000000e+01, 1.7513737522e+09
3.5585000000e+09, 3.7935984135e-01, 3.0446505547e-01, -6.2596165641e+00, -7.4721914063e+01, -5.0000000000e+01, 1.7513737522e+09
3.5600000000e+09, 4.5413666964e-01, 1.7321877182e-01, -6.2663763608e+00, -7.5033832663e+01, -5.0000000000e+01, 1.7513737522e+09
3.5615000000e+09, 4.8295161128e-01, 2.7405245230e-02, -6.3079656599e+00, -7.5341539153e+01, -5.0000000000e+01, 1.7513737522e+09
3.5630000000e+09, 4.6743345261e-01, -1.2350441515e-01, -6.3125326097e+00, -7.5656538754e+01, -5.0000000000e+01, 1.7513737522e+09
3.5645000000e+09, 4.0703725815e-01, -2.5576379895e-01, -6.3621048377e+00, -7.5959231777e+01, -5.0000000000e+01, 1.7513737522e+09
3.5660000000e+09, 3.0903404951e-01, -3.6702120304e-01, -6.3788221569e+00, -7.6269185233e+01, -5.0000000000e+01, 1.7513737522e+09
3.5675000000e+09, 1.8230554462e-01, -4.4245660305e-01, -6.4015853017e+00, -7.6578185865e+01, -5.0000000000e+01, 1.7513737522e+09
3.5690000000e+09, 3.4653674811e-02, -4.7778719664e-01, -6.3925235324e+00, -7.6896617277e+01, -5.0000000000e+01, 1.7513737522e+09
3.5705000000e+09, -1.1058664322e-01, -4.6691912413e-01, -6.3781380205e+00, -7.7201578039e+01, -5.0000000000e+01, 1.7513737522e+09
3.5720000000e+09, -2.4922117591e-01, -4.0937560797e-01, -6.3883979338e+00, -7.7515873058e+01, -5.0000000000e+01, 1.7513737522e+09
3.5735000000e+09, -3.5938698053e-01, -3.1438881159e-01, -6.4206643564e+00, -7.7821104227e+01, -5.0000000000e+01, 1.7513737522e+09
3.5750000000e+09, -4.3794837594e-01, -1.8957211077e-01, -6.4256761527e+00, -7.8131303666e+01, -5.0000000000e+01, 1.7513737522e+09
3.5765000000e+09, -4.7703844309e-01, -5.2659116685e-02, -6.3763316636e+00, -7.8429873888e+01, -5.0000000000e+01, 1.7513737522e+09
3.5780000000e+09, -4.6717751026e-01, 9.0639390051e-02, -6.4498869643e+00, -7.8731450412e+01, -5.0000000000e+01, 1.7513737522e+09
3.5795000000e+09, -4.1630789638e-01, 2.2780834138e-01, -6.4741444104e+00, -7.9040515912e+01, -5.0000000000e+01, 1.7513737522e+09
3.5810000000e+09, -3.2654005289e-01, 3.5067716241e-01, -6.3902267178e+00, -7.9360841029e+01, -5.0000000000e+01, 1.7513737522e+09
3.5825000000e+09, -2.0431110263e-01, 4.3227046728e-01, -6.4092228537e+00, -7.9669086365e+01, -5.0000000000e+01, 1.7513737522e+09
3.5840000000e+09, -6.3872583211e-02, 4.7726556659e-01, -6.3477018268e+00, -7.9977572902e+01, -5.0000000000e+01, 1.7513737522e+09
3.5855000000e+09, 8.3569288254e-02, 4.6965980530e-01, -6.4289613826e+00, -8.0286705459e+01, -5.0000000000e+01, 1.7513737522e+09
3.5870000000e+09, 2.2602105141e-01, 4.2636820674e-01, -6.3287645439e+00, -8.0598055291e+01, -5.0000000000e+01, 1.7513737522e+09
3.5885000000e+09, 3.4220063686e-01, 3.3604338765e-01, -6.3822225272e+00, -8.0905088802e+01, -5.0000000000e+01, 1.7513737522e+09
3.5900000000e+09, 4.3048372865e-01, 2.1314573288e-01, -6.3686328905e+00, -8.1221664364e+01, -5.0000000000e+01, 1.7513737522e+09
3.5915000000e+09, 4.7448199987e-01, 7.3293350637e-02, -6.3731949244e+00, -8.1528150061e+01, -5.0000000000e+01, 1.7513737522e+09
3.5930000000e+09, 4.7317501903e-01, -7.1712374687e-02, -6.4009385419e+00, -8.1831820067e+01, -5.0000000000e+01, 1.7513737522e+09
3.5945000000e+09, 4.2908546329e-01, -2.1408642828e-01, -6.3837162205e+00, -8.2144205495e+01, -5.0000000000e+01, 1.7513737522e+09
3.5960000000e+09, 3.4085687995e-01, -3.3776667714e-01, -6.3776312790e+00, -8.2462253555e+01, -5.0000000000e+01, 1.7513737522e+09
3.5975000000e+09, 2.2309142351e-01, -4.2287665606e-01, -6.4093431895e+00, -8.2766756136e+01, -5.0000000000e+01, 1.7513737522e+09
3.5990000000e+09, 8.7023891509e-02, -4.7282975912e-01, -6.3612275134e+00, -8.3070193143e+01, -5.0000000000e+01, 1.7513737522e+09
3.6005000000e+09, -6.8456150591e-02, -4.7968783975e-01, -6.2932656718e+00, -8.3393957965e+01, -5.0000000000e+01, 1.7513737522e+09
3.6020000000e+09, -2.1317458153e-01, -4.3290892243e-01, -6.3291716021e+00, -8.3709773481e+01, -5.0000000000e+01, 1.7513737522e+09
3.6035000000e+09, -3.3504584432e-01, -3.4544342756e-01, -6.3528604921e+00, -8.4022325103e+01, -5.0000000000e+01, 1.7513737522e+09
3.6050000000e+09, -4.2585763335e-01, -2.2565750778e-01, -6.3399559663e+00, -8.4335729303e+01, -5.0000000000e+01, 1.7513737522e+09
3.6065000000e+09, -4.7501969337e-01, -7.6493799686e-02, -6.3545836509e+00, -8.4663339428e+01, -5.0000000000e+01, 1.7513737522e+09
3.6080000000e+09, -4.6014022827e-01, 9.4867393374e-02, -6.5614089545e+00, -8.5026323388e+01, -5.0000000000e+01, 1.7513737522e+09
3.6095000000e+09, -4.4248145819e-01, 9.9105186760e-02, -6.8695222076e+00, -8.5043341131e+01, -5.0000000000e+01, 1.7513737522e+09
3.6110000000e+09, -3.7222492695e-01, 2.9803180695e-01, -6.4325852144e+00, -8.5498155043e+01, -5.0000000000e+01, 1.7513737522e+09
3.6125000000e+09, -2.5719723105e-01, 4.0461927652e-01, -6.3852304226e+00, -8.5827575123e+01, -5.0000000000e+01, 1.7513737522e+09
3.6140000000e+09, -1.1525925249e-01, 4.6682319045e-01, -6.3599604149e+00, -8.6151737854e+01, -5.0000000000e+01, 1.7513737522e+09
3.6155000000e+09, 3.1395714730e-02, 4.7957375646e-01, -6.3643186767e+00, -8.6459170563e+01, -5.0000000000e+01, 1.7513737522e+09
3.6170000000e+09, 1.7656561732e-01, 4.4832739234e-01, -6.3418853391e+00, -8.6768975718e+01, -5.0000000000e+01, 1.7513737522e+09
3.6185000000e+09, 3.0673134327e-01, 3.7072676420e-01, -6.3540688924e+00, -8.7085011597e+01, -5.0000000000e+01, 1.7513737522e+09
3.6200000000e+09, 4.0536510944e-01, 2.5636613369e-01, -6.3818820889e+00, -8.7400667998e+01, -5.0000000000e+01, 1.7513737522e+09
3.6215000000e+09, 4.6143734455e-01, 1.1923012137e-01, -6.4370591051e+00, -8.7711736257e+01, -5.0000000000e+01, 1.7513737522e+09
3.6230000000e+09, 4.7947964072e-01, -2.9195103794e-02, -6.3685249356e+00, -8.8025408361e+01, -5.0000000000e+01, 1.7513737522e+09
3.6245000000e+09, 4.4848203659e-01, -1.7270863056e-01, -6.3645494005e+00, -8.8332186732e+01, -5.0000000000e+01, 1.7513737522e+09
3.6260000000e+09, 3.7236383557e-01, -3.0315086246e-01, -6.3722494356e+00, -8.8647889151e+01, -5.0000000000e+01, 1.7513737522e+09
3.6275000000e+09, 2.6336926222e-01, -3.9747285843e-01, -6.4330878275e+00, -8.8950202146e+01, -5.0000000000e+01, 1.7513737522e+09
3.6290000000e+09, 1.2544837594e-01, -4.6123838425e-01, -6.4115534136e+00, -8.9269832714e+01, -5.0000000000e+01, 1.7513737522e+09
3.6305000000e+09, -1.6509896144e-02, -4.7479659319e-01, -6.4646000993e+00, -8.9570149189e+01, -5.0000000000e+01, 1.7513737522e+09
3.6320000000e+09, -1.6093663871e-01, -4.4356477261e-01, -6.5237669746e+00, -8.9883445337e+01, -5.0000000000e+01, 1.7513737522e+09
3.6335000000e+09, -2.8957888484e-01, -3.7571367621e-01, -6.4778525450e+00, -9.0192035955e+01, -5.0000000000e+01, 1.7513737522e+09
3.6350000000e+09, -3.8804629445e-01, -2.7016830444e-01, -6.5058484269e+00, -9.0497997701e+01, -5.0000000000e+01, 1.7513737522e+09
3.6365000000e+09, -4.5093408227e-01, -1.3825695217e-01, -6.5275483874e+00, -9.0808685026e+01, -5.0000000000e+01, 1.7513737522e+09
3.6380000000e+09, -4.6892988682e-01, 1.8924574833e-03, -6.5777710081e+00, -9.1110222626e+01, -5.0000000000e+01, 1.7513737522e+09
3.6395000000e+09, -4.4465267658e-01, 1.4348661900e-01, -6.6093748574e+00, -9.1418331475e+01, -5.0000000000e+01, 1.7513737522e+09
3.6410000000e+09, -3.8646602631e-01, 2.7258339524e-01, -6.5041615163e+00, -9.1720476506e+01, -5.0000000000e+01, 1.7513737522e+09
3.6425000000e+09, -2.8480157256e-01, 3.7957343459e-01, -6.4745489514e+00, -9.2033277348e+01, -5.0000000000e+01, 1.7513737522e+09
3.6440000000e+09, -1.5627902746e-01, 4.4756454229e-01, -6.4832512331e+00, -9.2341042266e+01, -5.0000000000e+01, 1.7513737522e+09
3.6455000000e+09, -1.3657467440e-02, 4.7596263886e-01, -6.4449683504e+00, -9.2648296742e+01, -5.0000000000e+01, 1.7513737522e+09
3.6470000000e+09, 1.3229033351e-01, 4.6027633548e-01, -6.3949171699e+00, -9.2956854612e+01, -5.0000000000e+01, 1.7513737522e+09
3.6485000000e+09, 2.6804876327e-01, 3.9580968022e-01, -6.4108444616e+00, -9.3272253953e+01, -5.0000000000e+01, 1.7513737522e+09
3.6500000000e+09, 3.7813636661e-01, 2.9596260190e-01, -6.3717653163e+00, -9.3583684584e+01, -5.0000000000e+01, 1.7513737522e+09
3.6515000000e+09, 4.4885095954e-01, 1.6497097909e-01, -6.4076686388e+00, -9.3895564614e+01, -5.0000000000e+01, 1.7513737522e+09
3.6530000000e+09, 4.7905802727e-01, 2.2922629491e-02, -6.3823054842e+00, -9.4199966696e+01, -5.0000000000e+01, 1.7513737522e+09
3.6545000000e+09, 4.6322402358e-01, -1.2263986468e-01, -6.3899590017e+00, -9.4506594360e+01, -5.0000000000e+01, 1.7513737522e+09
3.6560000000e+09, 4.0536618233e-01, -2.6129737496e-01, -6.3339391197e+00, -9.4820346419e+01, -5.0000000000e+01, 1.7513737522e+09
3.6575000000e+09, 3.0652943253e-01, -3.7137100100e-01, -6.3474286391e+00, -9.5128538237e+01, -5.0000000000e+01, 1.7513737522e+09
3.6590000000e+09, 1.7318613827e-01, -4.4871062040e-01, -6.3575929487e+00, -9.5450227822e+01, -5.0000000000e+01, 1.7513737522e+09
3.6605000000e+09, 3.0482063070e-02, -4.7873193026e-01, -6.3805805820e+00, -9.5754989264e+01, -5.0000000000e+01, 1.7513737522e+09
3.6620000000e+09, -1.1792723835e-01, -4.6550339460e-01, -6.3714023764e+00, -9.6066688802e+01, -5.0000000000e+01, 1.7513737522e+09
3.6635000000e+09, -2.5296884775e-01, -4.0695613623e-01, -6.3901575581e+00, -9.6374735278e+01, -5.0000000000e+01, 1.7513737522e+09
3.6650000000e+09, -3.6474284530e-01, -3.1210881472e-01, -6.3742469074e+00, -9.6681580940e+01, -5.0000000000e+01, 1.7513737522e+09
3.6665000000e+09, -4.4258144498e-01, -1.8328115344e-01, -6.3927348507e+00, -9.6996754344e+01, -5.0000000000e+01, 1.7513737522e+09
3.6680000000e+09, -4.8469606042e-01, -4.1140388697e-02, -6.2594340615e+00, -9.7304696483e+01, -5.0000000000e+01, 1.7513737522e+09
3.6695000000e+09, -4.7141179442e-01, 1.0612713546e-01, -6.3172790405e+00, -9.7610806798e+01, -5.0000000000e+01, 1.7513737522e+09
3.6710000000e+09, -4.1118612885e-01, 2.4633024633e-01, -6.3873952208e+00, -9.7929109397e+01, -5.0000000000e+01, 1.7513737522e+09
3.6725000000e+09, -3.1744202972e-01, 3.5907423496e-01, -6.3883191767e+00, -9.8236232021e+01, -5.0000000000e+01, 1.7513737522e+09
3.6740000000e+09, -1.9289411604e-01, 4.4094201922e-01, -6.3519018539e+00, -9.8547792444e+01, -5.0000000000e+01, 1.7513737522e+09
3.6755000000e+09, -4.9280188978e-02, 4.8024961352e-01, -6.3251692514e+00, -9.8857912791e+01, -5.0000000000e+01, 1.7513737522e+09
3.6770000000e+09, 9.6769139171e-02, 4.6876132488e-01, -6.3997216970e+00, -9.9163744730e+01, -5.0000000000e+01, 1.7513737522e+09
3.6785000000e+09, 2.3840929568e-01, 4.1664233804e-01, -6.3746130036e+00, -9.9479907890e+01, -5.0000000000e+01, 1.7513737522e+09
3.6800000000e+09, 3.5101675987e-01, 3.2423192263e-01, -6.4141970486e+00, -9.9785212593e+01, -5.0000000000e+01, 1.7513737522e+09
3.6815000000e+09, 4.3490254879e-01, 2.0184215903e-01, -6.3849789695e+00, -1.0009644014e+02, -5.0000000000e+01, 1.7513737522e+09
3.6830000000e+09, 4.7350379825e-01, 6.0192473233e-02, -6.4239103269e+00, -1.0040452169e+02, -5.0000000000e+01, 1.7513737522e+09
3.6845000000e+09, 4.7175446153e-01, -8.9692912996e-02, -6.3714617640e+00, -1.0071884872e+02, -5.0000000000e+01, 1.7513737522e+09
3.6860000000e+09, 4.2051225901e-01, -2.2758696973e-01, -6.4087364343e+00, -1.0102703734e+02, -5.0000000000e+01, 1.7513737522e+09
3.6875000000e+09, 3.2913759351e-01, -3.4558087587e-01, -6.4252693682e+00, -1.0134072884e+02, -5.0000000000e+01, 1.7513737522e+09
3.6890000000e+09, 2.0851261914e-01, -4.2806512117e-01, -6.4451541516e+00, -1.0164848283e+02, -5.0000000000e+01, 1.7513737522e+09
3.6905000000e+09, 6.7851908505e-02, -4.7197782993e-01, -6.4327265743e+00, -1.0195897872e+02, -5.0000000000e+01, 1.7513737522e+09
3.6920000000e+09, -7.4961341917e-02, -4.6710705757e-01, -6.5012399394e+00, -1.0226088449e+02, -5.0000000000e+01, 1.7513737522e+09
3.6935000000e+09, -2.1477153897e-01, -4.2306894064e-01, -6.4759722019e+00, -1.0257151122e+02, -5.0000000000e+01, 1.7513737522e+09
3.6950000000e+09, -3.3348023891e-01, -3.3557114005e-01, -6.5010681376e+00, -1.0288403424e+02, -5.0000000000e+01, 1.7513737522e+09
3.6965000000e+09, -4.2047443986e-01, -2.1923640370e-01, -6.4808131333e+00, -1.0319193497e+02, -5.0000000000e+01, 1.7513737522e+09
3.6980000000e+09, -4.6680462360e-01, -8.6551859975e-02, -6.4705036366e+00, -1.0348922606e+02, -5.0000000000e+01, 1.7513737522e+09
3.6995000000e+09, -4.6637409926e-01, 5.9087678790e-02, -6.5561528381e+00, -1.0379858201e+02, -5.0000000000e+01, 1.7513737522e+09
3.7010000000e+09, -4.2756772041e-01, 2.0152311027e-01, -6.5086683480e+00, -1.0411300270e+02, -5.0000000000e+01, 1.7513737522e+09
3.7025000000e+09, -3.4547328949e-01, 3.2339766622e-01, -6.4987250684e+00, -1.0442496340e+02, -5.0000000000e+01, 1.7513737522e+09
3.7040000000e+09, -2.3694851994e-01, 4.0875744820e-01, -6.5125278593e+00, -1.0471800958e+02, -5.0000000000e+01, 1.7513737522e+09
3.7055000000e+09, -9.6900060773e-02, 4.6699845791e-01, -6.4306216147e+00, -1.0503876166e+02, -5.0000000000e+01, 1.7513737522e+09
3.7070000000e+09, 5.0785459578e-02, 4.7473096848e-01, -6.4216296535e+00, -1.0534992593e+02, -5.0000000000e+01, 1.7513737522e+09
3.7085000000e+09, 1.9165535271e-01, 4.3969255686e-01, -6.3815639503e+00, -1.0565440792e+02, -5.0000000000e+01, 1.7513737522e+09
3.7100000000e+09, 3.1923028827e-01, 3.5702455044e-01, -6.3945485267e+00, -1.0597292253e+02, -5.0000000000e+01, 1.7513737522e+09
3.7115000000e+09, 4.1190430522e-01, 2.4538648129e-01, -6.3849941258e+00, -1.0627687145e+02, -5.0000000000e+01, 1.7513737522e+09
3.7130000000e+09, 4.6794116497e-01, 1.0887021571e-01, -6.3672344423e+00, -1.0658555893e+02, -5.0000000000e+01, 1.7513737522e+09
3.7145000000e+09, 4.7407868505e-01, -3.8107950240e-02, -6.4550199383e+00, -1.0689436094e+02, -5.0000000000e+01, 1.7513737522e+09
3.7160000000e+09, 4.4137531519e-01, -1.8389967084e-01, -6.4086439442e+00, -1.0720892839e+02, -5.0000000000e+01, 1.7513737522e+09
3.7175000000e+09, 3.6356583238e-01, -3.1109938026e-01, -6.4023480914e+00, -1.0752193794e+02, -5.0000000000e+01, 1.7513737522e+09
3.7190000000e+09, 2.5058406591e-01, -4.0840634704e-01, -6.3905059124e+00, -1.0783461204e+02, -5.0000000000e+01, 1.7513737522e+09
3.7205000000e+09, 1.1848548055e-01, -4.6102958918e-01, -6.4476483579e+00, -1.0813338880e+02, -5.0000000000e+01, 1.7513737522e+09
3.7220000000e+09, -3.1570326537e-02, -4.7720700502e-01, -6.4068976033e+00, -1.0845100675e+02, -5.0000000000e+01, 1.7513737522e+09
3.7235000000e+09, -1.7675149441e-01, -4.4653457403e-01, -6.3707626092e+00, -1.0876185238e+02, -5.0000000000e+01, 1.7513737522e+09
3.7250000000e+09, -3.0360424519e-01, -3.6872053146e-01, -6.4181689892e+00, -1.0907379343e+02, -5.0000000000e+01, 1.7513737522e+09
3.7265000000e+09, -4.0397822857e-01, -2.5758621097e-01, -6.3912447141e+00, -1.0938811709e+02, -5.0000000000e+01, 1.7513737522e+09
3.7280000000e+09, -4.6061208844e-01, -1.2426675856e-01, -6.4281682151e+00, -1.0969223038e+02, -5.0000000000e+01, 1.7513737522e+09
3.7295000000e+09, -4.7740691900e-01, 2.4039238691e-02, -6.4112282120e+00, -1.1000605415e+02, -5.0000000000e+01, 1.7513737522e+09
3.7310000000e+09, -4.4606694579e-01, 1.6683851183e-01, -6.4433625205e+00, -1.1031365518e+02, -5.0000000000e+01, 1.7513737522e+09
3.7325000000e+09, -3.7646773457e-01, 2.9575571418e-01, -6.3978652807e+00, -1.1062164582e+02, -5.0000000000e+01, 1.7513737522e+09
3.7340000000e+09, -2.6677355170e-01, 3.9491561055e-01, -6.4373225393e+00, -1.1093243211e+02, -5.0000000000e+01, 1.7513737522e+09
3.7355000000e+09, -1.3212595880e-01, 4.5656612515e-01, -6.4606474508e+00, -1.1124484397e+02, -5.0000000000e+01, 1.7513737522e+09
3.7370000000e+09, 1.1118393391e-02, 4.7398400307e-01, -6.4823372801e+00, -1.1154999222e+02, -5.0000000000e+01, 1.7513737522e+09
3.7385000000e+09, 1.5665003657e-01, 4.4850993156e-01, -6.4646768534e+00, -1.1186256150e+02, -5.0000000000e+01, 1.7513737522e+09
3.7400000000e+09, 2.8481835127e-01, 3.7507635355e-01, -6.5403108775e+00, -1.1217600448e+02, -5.0000000000e+01, 1.7513737522e+09
3.7415000000e+09, 3.8810843229e-01, 2.7350375056e-01, -6.4698355595e+00, -1.1248345573e+02, -5.0000000000e+01, 1.7513737522e+09
3.7430000000e+09, 4.5308017731e-01, 1.4424610138e-01, -6.4572136454e+00, -1.1278911395e+02, -5.0000000000e+01, 1.7513737522e+09
3.7445000000e+09, 4.7339451313e-01, 1.9922456704e-03, -6.4954586846e+00, -1.1309312713e+02, -5.0000000000e+01, 1.7513737522e+09
3.7460000000e+09, 4.5500111580e-01, -1.4203760028e-01, -6.4359034395e+00, -1.1339991953e+02, -5.0000000000e+01, 1.7513737522e+09
3.7475000000e+09, 3.8693290949e-01, -2.7683269978e-01, -6.4521293910e+00, -1.1371835819e+02, -5.0000000000e+01, 1.7513737522e+09
3.7490000000e+09, 2.8609028459e-01, -3.8026079536e-01, -6.4503549328e+00, -1.1402312664e+02, -5.0000000000e+01, 1.7513737522e+09
3.7505000000e+09, 1.5468768775e-01, -4.4916218519e-01, -6.4651664634e+00, -1.1433646209e+02, -5.0000000000e+01, 1.7513737522e+09
3.7520000000e+09, 1.0069060139e-02, -4.7175729275e-01, -6.5236495510e+00, -1.1464679137e+02, -5.0000000000e+01, 1.7513737522e+09
3.7535000000e+09, -1.3504946232e-01, -4.5223757625e-01, -6.5216828356e+00, -1.1495832674e+02, -5.0000000000e+01, 1.7513737522e+09
3.7550000000e+09, -2.6638504863e-01, -3.9178887010e-01, -6.4886198395e+00, -1.1526525374e+02, -5.0000000000e+01, 1.7513737522e+09
3.7565000000e+09, -3.7215781212e-01, -2.8851300478e-01, -6.5415362406e+00, -1.1557946587e+02, -5.0000000000e+01, 1.7513737522e+09
3.7580000000e+09, -4.4228512049e-01, -1.6775478423e-01, -6.5022182549e+00, -1.1587640082e+02, -5.0000000000e+01, 1.7513737522e+09
3.7595000000e+09, -4.6932774782e-01, -2.1910613403e-02, -6.5610202267e+00, -1.1619227695e+02, -5.0000000000e+01, 1.7513737522e+09
3.7610000000e+09, -4.5742195845e-01, 1.2189944833e-01, -6.4956914423e+00, -1.1649936781e+02, -5.0000000000e+01, 1.7513737522e+09
3.7625000000e+09, -4.0096998215e-01, 2.5547066331e-01, -6.4581050064e+00, -1.1680620385e+02, -5.0000000000e+01, 1.7513737522e+09
3.7640000000e+09, -3.0418637395e-01, 3.6619162560e-01, -6.4469092433e+00, -1.1711655690e+02, -5.0000000000e+01, 1.7513737522e+09
3.7655000000e+09, -1.7665645480e-01, 4.4163271785e-01, -6.4541724659e+00, -1.1742921156e+02, -5.0000000000e+01, 1.7513737522e+09
3.7670000000e+09, -3.4246277064e-02, 4.7734427452e-01, -6.4010693685e+00, -1.1773810387e+02, -5.0000000000e+01, 1.7513737522e+09
3.7685000000e+09, 1.1296602339e-01, 4.6109190583e-01, -6.4710954527e+00, -1.1804998873e+02, -5.0000000000e+01, 1.7513737522e+09
3.7700000000e+09, 2.4904614687e-01, 4.0648007393e-01, -6.4349604356e+00, -1.1835942245e+02, -5.0000000000e+01, 1.7513737522e+09
3.7715000000e+09, 3.5971271992e-01, 3.1032609940e-01, -6.4647704447e+00, -1.1866869673e+02, -5.0000000000e+01, 1.7513737522e+09
3.7730000000e+09, 4.3708547950e-01, 1.8853655457e-01, -6.4475974205e+00, -1.1897328451e+02, -5.0000000000e+01, 1.7513737522e+09
3.7745000000e+09, 4.7351473570e-01, 4.3528012931e-02, -6.4567851513e+00, -1.1928885310e+02, -5.0000000000e+01, 1.7513737522e+09
3.7760000000e+09, 4.6345055103e-01, -1.0461868346e-01, -6.4640786678e+00, -1.1960253819e+02, -5.0000000000e+01, 1.7513737522e+09
3.7775000000e+09, 4.0747347474e-01, -2.4044297636e-01, -6.5004783405e+00, -1.1991361616e+02, -5.0000000000e+01, 1.7513737522e+09
3.7790000000e+09, 3.1702086330e-01, -3.5313844681e-01, -6.4741427637e+00, -1.2021976094e+02, -5.0000000000e+01, 1.7513737522e+09
3.7805000000e+09, 1.9705043733e-01, -4.3447035551e-01, -6.4284040365e+00, -1.2052552184e+02, -5.0000000000e+01, 1.7513737522e+09
3.7820000000e+09, 5.4343778640e-02, -4.7287961841e-01, -6.4480070103e+00, -1.2083689815e+02, -5.0000000000e+01, 1.7513737522e+09
3.7835000000e+09, -9.2410795391e-02, -4.6338990331e-01, -6.5116971011e+00, -1.2114815825e+02, -5.0000000000e+01, 1.7513737522e+09
3.7850000000e+09, -2.3159204423e-01, -4.1227245331e-01, -6.5052149858e+00, -1.2146313301e+02, -5.0000000000e+01, 1.7513737522e+09
3.7865000000e+09, -3.4583222866e-01, -3.2245439291e-01, -6.5057333035e+00, -1.2177168282e+02, -5.0000000000e+01, 1.7513737522e+09
3.7880000000e+09, -4.3051761389e-01, -1.9896717370e-01, -6.4794614461e+00, -1.2208919507e+02, -5.0000000000e+01, 1.7513737522e+09
3.7895000000e+09, -4.6435591579e-01, -6.0266096145e-02, -6.5904372203e+00, -1.2239305063e+02, -5.0000000000e+01, 1.7513737522e+09
3.7910000000e+09, -4.6347978711e-01, 8.4383614361e-02, -6.5377594909e+00, -1.2270220625e+02, -5.0000000000e+01, 1.7513737522e+09
3.7925000000e+09, -4.1489934921e-01, 2.2324222326e-01, -6.5368896981e+00, -1.2301574629e+02, -5.0000000000e+01, 1.7513737522e+09
3.7940000000e+09, -3.2525724173e-01, 3.3731642365e-01, -6.5841781476e+00, -1.2332571016e+02, -5.0000000000e+01, 1.7513737522e+09
3.7955000000e+09, -2.1072666347e-01, 4.2035770416e-01, -6.5539883150e+00, -1.2362822019e+02, -5.0000000000e+01, 1.7513737522e+09
3.7970000000e+09, -7.1318879723e-02, 4.6088740230e-01, -6.6253358998e+00, -1.2393938496e+02, -5.0000000000e+01, 1.7513737522e+09
3.7985000000e+09, 6.9699272513e-02, 4.6175694466e-01, -6.6138921080e+00, -1.2424272251e+02, -5.0000000000e+01, 1.7513737522e+09
3.8000000000e+09, 2.0633001625e-01, 4.1503399611e-01, -6.6791458613e+00, -1.2455426684e+02, -5.0000000000e+01, 1.7513737522e+09
3.8015000000e+09, 3.2633692026e-01, 3.3511924744e-01, -6.5995130179e+00, -1.2486503150e+02, -5.0000000000e+01, 1.7513737522e+09
3.8030000000e+09, 4.0997043252e-01, 2.2030998766e-01, -6.6431699411e+00, -1.2517060345e+02, -5.0000000000e+01, 1.7513737522e+09
3.8045000000e+09, 4.5726799965e-01, 8.8388696313e-02, -6.6372726290e+00, -1.2547276366e+02, -5.0000000000e+01, 1.7513737522e+09
3.8060000000e+09, 4.6263584495e-01, -5.9092968702e-02, -6.6249301091e+00, -1.2579074928e+02, -5.0000000000e+01, 1.7513737522e+09
3.8075000000e+09, 4.2642620206e-01, -1.9490371645e-01, -6.5791943220e+00, -1.2609241827e+02, -5.0000000000e+01, 1.7513737522e+09
3.8090000000e+09, 3.4519019723e-01, -3.1808364391e-01, -6.5691951247e+00, -1.2640825922e+02, -5.0000000000e+01, 1.7513737522e+09
3.8105000000e+09, 2.3058614135e-01, -4.1147878766e-01, -6.5269972994e+00, -1.2672372185e+02, -5.0000000000e+01, 1.7513737522e+09
3.8120000000e+09, 9.2904865742e-02, -4.6138483286e-01, -6.5461199958e+00, -1.2703579869e+02, -5.0000000000e+01, 1.7513737522e+09
3.8135000000e+09, -4.4838972390e-02, -4.6715986729e-01, -6.5708630113e+00, -1.2733019141e+02, -5.0000000000e+01, 1.7513737522e+09
3.8150000000e+09, -1.8841023743e-01, -4.2742139101e-01, -6.6117020737e+00, -1.2764968505e+02, -5.0000000000e+01, 1.7513737522e+09
3.8165000000e+09, -3.1064128876e-01, -3.5050964355e-01, -6.5885242120e+00, -1.2795967212e+02, -5.0000000000e+01, 1.7513737522e+09
3.8180000000e+09, -4.0196117759e-01, -2.3842377961e-01, -6.6071020800e+00, -1.2826993035e+02, -5.0000000000e+01, 1.7513737522e+09
3.8195000000e+09, -4.5741844177e-01, -1.0739566386e-01, -6.5606887445e+00, -1.2857468920e+02, -5.0000000000e+01, 1.7513737522e+09
3.8210000000e+09, -4.6813717485e-01, 3.6536660045e-02, -6.5661633798e+00, -1.2888318781e+02, -5.0000000000e+01, 1.7513737522e+09
3.8225000000e+09, -4.3070611358e-01, 1.7851632834e-01, -6.6278873523e+00, -1.2919821984e+02, -5.0000000000e+01, 1.7513737522e+09
3.8240000000e+09, -3.5546362400e-01, 3.0405357480e-01, -6.5994679849e+00, -1.2951290324e+02, -5.0000000000e+01, 1.7513737522e+09
3.8255000000e+09, -2.5043889880e-01, 3.9549854398e-01, -6.5928083914e+00, -1.2981160426e+02, -5.0000000000e+01, 1.7513737522e+09
3.8270000000e+09, -1.2028712034e-01, 4.5123735070e-01, -6.6137592101e+00, -1.3011558137e+02, -5.0000000000e+01, 1.7513737522e+09
3.8285000000e+09, 2.8200244531e-02, 4.7072979808e-01, -6.5290076549e+00, -1.3043593111e+02, -5.0000000000e+01, 1.7513737522e+09
3.8300000000e+09, 1.6801005602e-01, 4.4095245004e-01, -6.5234523021e+00, -1.3074012987e+02, -5.0000000000e+01, 1.7513737522e+09
3.8315000000e+09, 2.9600763321e-01, 3.6631828547e-01, -6.5401965121e+00, -1.3105573221e+02, -5.0000000000e+01, 1.7513737522e+09
3.8330000000e+09, 3.9666813612e-01, 2.6276272535e-01, -6.4514302900e+00, -1.3136183143e+02, -5.0000000000e+01, 1.7513737522e+09
3.8345000000e+09, 4.5610800385e-01, 1.2399382889e-01, -6.5089937273e+00, -1.3168145435e+02, -5.0000000000e+01, 1.7513737522e+09
3.8360000000e+09, 4.7195541859e-01, -2.0474728197e-02, -6.5138144499e+00, -1.3199024702e+02, -5.0000000000e+01, 1.7513737522e+09
3.8375000000e+09, 4.4606834650e-01, -1.6151724756e-01, -6.4769244044e+00, -1.3229429672e+02, -5.0000000000e+01, 1.7513737522e+09
3.8390000000e+09, 3.7261646986e-01, -2.8980958462e-01, -6.5202121595e+00, -1.3260792923e+02, -5.0000000000e+01, 1.7513737522e+09
3.8405000000e+09, 2.6852542162e-01, -3.8723483682e-01, -6.5353607768e+00, -1.3291137582e+02, -5.0000000000e+01, 1.7513737522e+09
3.8420000000e+09, 1.3294738531e-01, -4.5048528910e-01, -6.5637086236e+00, -1.3323071370e+02, -5.0000000000e+01, 1.7513737522e+09
3.8435000000e+09, -9.7842058167e-03, -4.6774667501e-01, -6.5978859713e+00, -1.3353860247e+02, -5.0000000000e+01, 1.7513737522e+09
3.8450000000e+09, -1.5519690514e-01, -4.4097492099e-01, -6.6045920399e+00, -1.3385609022e+02, -5.0000000000e+01, 1.7513737522e+09
3.8465000000e+09, -2.7862977982e-01, -3.7407591939e-01, -6.6240628265e+00, -1.3415788358e+02, -5.0000000000e+01, 1.7513737522e+09
3.8480000000e+09, -3.7819209695e-01, -2.6887997985e-01, -6.6690412065e+00, -1.3447043932e+02, -5.0000000000e+01, 1.7513737522e+09
3.8495000000e+09, -4.4076704979e-01, -1.4450588822e-01, -6.6724342197e+00, -1.3477167580e+02, -5.0000000000e+01, 1.7513737522e+09
3.8510000000e+09, -4.6550324559e-01, 4.5393209439e-04, -6.6415416038e+00, -1.3508945925e+02, -5.0000000000e+01, 1.7513737522e+09
3.8525000000e+09, -4.3871989846e-01, 1.4015287161e-01, -6.7342252402e+00, -1.3539769592e+02, -5.0000000000e+01, 1.7513737522e+09
3.8540000000e+09, -3.7629067898e-01, 2.6546278596e-01, -6.7353066358e+00, -1.3570287356e+02, -5.0000000000e+01, 1.7513737522e+09
3.8555000000e+09, -2.7631497383e-01, 3.6825373769e-01, -6.7374449081e+00, -1.3601556269e+02, -5.0000000000e+01, 1.7513737522e+09
3.8570000000e+09, -1.5343749523e-01, 4.3471515179e-01, -6.7259952220e+00, -1.3631997019e+02, -5.0000000000e+01, 1.7513737522e+09
3.8585000000e+09, -1.1431959458e-02, 4.6059185267e-01, -6.7310003658e+00, -1.3663446537e+02, -5.0000000000e+01, 1.7513737522e+09
3.8600000000e+09, 1.2163740397e-01, 4.4276037812e-01, -6.7606262586e+00, -1.3692739108e+02, -5.0000000000e+01, 1.7513737522e+09
3.8615000000e+09, 2.5169825554e-01, 3.8644117117e-01, -6.7225539821e+00, -1.3723658556e+02, -5.0000000000e+01, 1.7513737522e+09
3.8630000000e+09, 3.5746622086e-01, 2.8996708989e-01, -6.7394485720e+00, -1.3754855980e+02, -5.0000000000e+01, 1.7513737522e+09
3.8645000000e+09, 4.2803314328e-01, 1.7284078896e-01, -6.7144445103e+00, -1.3784629680e+02, -5.0000000000e+01, 1.7513737522e+09
3.8660000000e+09, 4.5939028263e-01, 3.0642898753e-02, -6.7370835123e+00, -1.3816347201e+02, -5.0000000000e+01, 1.7513737522e+09
3.8675000000e+09, 4.4822186232e-01, -1.0895546526e-01, -6.7208117398e+00, -1.3846853552e+02, -5.0000000000e+01, 1.7513737522e+09
3.8690000000e+09, 3.9517354965e-01, -2.4011057615e-01, -6.6996137731e+00, -1.3877607154e+02, -5.0000000000e+01, 1.7513737522e+09
3.8705000000e+09, 3.0596387386e-01, -3.5361126065e-01, -6.6024095308e+00, -1.3908758917e+02, -5.0000000000e+01, 1.7513737522e+09
3.8720000000e+09, 1.8179126084e-01, -4.2922183871e-01, -6.6298134804e+00, -1.3940024240e+02, -5.0000000000e+01, 1.7513737522e+09
3.8735000000e+09, 4.3495438993e-02, -4.6710360050e-01, -6.5742410576e+00, -1.3970802350e+02, -5.0000000000e+01, 1.7513737522e+09
3.8750000000e+09, -1.0586924851e-01, -4.5409378409e-01, -6.6272155760e+00, -1.4002992547e+02, -5.0000000000e+01, 1.7513737522e+09
3.8765000000e+09, -2.4216915667e-01, -3.9975270629e-01, -6.6065167537e+00, -1.4034554449e+02, -5.0000000000e+01, 1.7513737522e+09
3.8780000000e+09, -3.4700608253e-01, -3.0911535025e-01, -6.6561557849e+00, -1.4064395675e+02, -5.0000000000e+01, 1.7513737522e+09
3.8795000000e+09, -4.2532157898e-01, -1.8785658479e-01, -6.6516732741e+00, -1.4095575482e+02, -5.0000000000e+01, 1.7513737522e+09
3.8810000000e+09, -4.6379858255e-01, -5.0280075520e-02, -6.6226684783e+00, -1.4126368185e+02, -5.0000000000e+01, 1.7513737522e+09
3.8825000000e+09, -4.5210611820e-01, 9.2998921871e-02, -6.7152102670e+00, -1.4157454116e+02, -5.0000000000e+01, 1.7513737522e+09
3.8840000000e+09, -4.0333202481e-01, 2.2535389662e-01, -6.7068125496e+00, -1.4188119077e+02, -5.0000000000e+01, 1.7513737522e+09
3.8855000000e+09, -3.1638190150e-01, 3.3752602339e-01, -6.6954295347e+00, -1.4218939133e+02, -5.0000000000e+01, 1.7513737522e+09
3.8870000000e+09, -2.0123288035e-01, 4.1681000590e-01, -6.6912933528e+00, -1.4249267839e+02, -5.0000000000e+01, 1.7513737522e+09
3.8885000000e+09, -6.6442705691e-02, 4.5757171512e-01, -6.7001970723e+00, -1.4279826639e+02, -5.0000000000e+01, 1.7513737522e+09
3.8900000000e+09, 8.1709526479e-02, 4.5749229193e-01, -6.6559522256e+00, -1.4311920525e+02, -5.0000000000e+01, 1.7513737522e+09
3.8915000000e+09, 2.1826238930e-01, 4.1005584598e-01, -6.6598022244e+00, -1.4343159858e+02, -5.0000000000e+01, 1.7513737522e+09
3.8930000000e+09, 3.3039212227e-01, 3.2466110587e-01, -6.6844357196e+00, -1.4373661261e+02, -5.0000000000e+01, 1.7513737522e+09
3.8945000000e+09, 4.1619735956e-01, 2.1062420309e-01, -6.6237544468e+00, -1.4404477178e+02, -5.0000000000e+01, 1.7513737522e+09
3.8960000000e+09, 4.6094125509e-01, 6.7870423198e-02, -6.6339372151e+00, -1.4436706943e+02, -5.0000000000e+01, 1.7513737522e+09
3.8975000000e+09, 4.6352699399e-01, -7.4041344225e-02, -6.5690784774e+00, -1.4467165864e+02, -5.0000000000e+01, 1.7513737522e+09
3.8990000000e+09, 4.1554024816e-01, -2.1242845058e-01, -6.6194303294e+00, -1.4498583763e+02, -5.0000000000e+01, 1.7513737522e+09
3.9005000000e+09, 3.3078116178e-01, -3.3156588674e-01, -6.5885817526e+00, -1.4529984499e+02, -5.0000000000e+01, 1.7513737522e+09
3.9020000000e+09, 2.1392412484e-01, -4.1437342763e-01, -6.6260290475e+00, -1.4560748813e+02, -5.0000000000e+01, 1.7513737522e+09
3.9035000000e+09, 7.6822727919e-02, -4.5966416597e-01, -6.6315442185e+00, -1.4591846094e+02, -5.0000000000e+01, 1.7513737522e+09
3.9050000000e+09, -6.2541790307e-02, -4.5764687657e-01, -6.7090299833e+00, -1.4621987655e+02, -5.0000000000e+01, 1.7513737522e+09
3.9065000000e+09, -2.0124500990e-01, -4.1484403610e-01, -6.7244669173e+00, -1.4653572324e+02, -5.0000000000e+01, 1.7513737522e+09
3.9080000000e+09, -3.1853839755e-01, -3.3281281591e-01, -6.7319101355e+00, -1.4684754498e+02, -5.0000000000e+01, 1.7513737522e+09
3.9095000000e+09, -4.0205615759e-01, -2.2043281794e-01, -6.7728510435e+00, -1.4715334550e+02, -5.0000000000e+01, 1.7513737522e+09
3.9110000000e+09, -4.4873708487e-01, -8.8173605502e-02, -6.7956381823e+00, -1.4746083373e+02, -5.0000000000e+01, 1.7513737522e+09
3.9125000000e+09, -4.5343852043e-01, 5.0417035818e-02, -6.8162698714e+00, -1.4776558814e+02, -5.0000000000e+01, 1.7513737522e+09
3.9140000000e+09, -4.1663965583e-01, 1.8668794632e-01, -6.8101686840e+00, -1.4807611092e+02, -5.0000000000e+01, 1.7513737522e+09
3.9155000000e+09, -3.3934414387e-01, 3.0213910341e-01, -6.8520092020e+00, -1.4838231932e+02, -5.0000000000e+01, 1.7513737522e+09
3.9170000000e+09, -2.3102998733e-01, 3.9089143276e-01, -6.8577249157e+00, -1.4869185054e+02, -5.0000000000e+01, 1.7513737522e+09
3.9185000000e+09, -1.0175175220e-01, 4.4100695848e-01, -6.8858405295e+00, -1.4899889328e+02, -5.0000000000e+01, 1.7513737522e+09
3.9200000000e+09, 3.7299342454e-02, 4.5242625475e-01, -6.8596255916e+00, -1.4930790794e+02, -5.0000000000e+01, 1.7513737522e+09
3.9215000000e+09, 1.6911031306e-01, 4.1834107041e-01, -6.9120612366e+00, -1.4960980749e+02, -5.0000000000e+01, 1.7513737522e+09
3.9230000000e+09, 2.8928971291e-01, 3.5223552585e-01, -6.8244140032e+00, -1.4991324328e+02, -5.0000000000e+01, 1.7513737522e+09
3.9245000000e+09, 3.8696992397e-01, 2.4665102363e-01, -6.7657782686e+00, -1.5022898748e+02, -5.0000000000e+01, 1.7513737522e+09
3.9260000000e+09, 4.4413584471e-01, 1.2028103322e-01, -6.7422954968e+00, -1.5053197107e+02, -5.0000000000e+01, 1.7513737522e+09
3.9275000000e+09, 4.5803657174e-01, -2.1740851924e-02, -6.7722234307e+00, -1.5084387709e+02, -5.0000000000e+01, 1.7513737522e+09
3.9290000000e+09, 4.3054625392e-01, -1.6273434460e-01, -6.7396631713e+00, -1.5115782091e+02, -5.0000000000e+01, 1.7513737522e+09
3.9305000000e+09, 3.6229321361e-01, -2.8862303495e-01, -6.6845199058e+00, -1.5146914592e+02, -5.0000000000e+01, 1.7513737522e+09
3.9320000000e+09, 2.5785800815e-01, -3.8560917973e-01, -6.6718761830e+00, -1.5177783266e+02, -5.0000000000e+01, 1.7513737522e+09
3.9335000000e+09, 1.2937334180e-01, -4.4632643461e-01, -6.6565735438e+00, -1.5208511302e+02, -5.0000000000e+01, 1.7513737522e+09
3.9350000000e+09, -1.6623556614e-02, -4.6518886089e-01, -6.6418714812e+00, -1.5240296357e+02, -5.0000000000e+01, 1.7513737522e+09
3.9365000000e+09, -1.5804156661e-01, -4.4051304460e-01, -6.5949861911e+00, -1.5271170736e+02, -5.0000000000e+01, 1.7513737522e+09
3.9380000000e+09, -2.8455451131e-01, -3.6629766226e-01, -6.6726824336e+00, -1.5302770201e+02, -5.0000000000e+01, 1.7513737522e+09
3.9395000000e+09, -3.7979021668e-01, -2.6467448473e-01, -6.6899162698e+00, -1.5332939996e+02, -5.0000000000e+01, 1.7513737522e+09
3.9410000000e+09, -4.4419431686e-01, -1.3490642607e-01, -6.6653592855e+00, -1.5364318270e+02, -5.0000000000e+01, 1.7513737522e+09
3.9425000000e+09, -4.6279481053e-01, 4.4830902480e-03, -6.6918228781e+00, -1.5394772672e+02, -5.0000000000e+01, 1.7513737522e+09
3.9440000000e+09, -4.3677994609e-01, 1.4557686448e-01, -6.7372694264e+00, -1.5425975668e+02, -5.0000000000e+01, 1.7513737522e+09
3.9455000000e+09, -3.7138935924e-01, 2.7252659202e-01, -6.7325298414e+00, -1.5457109415e+02, -5.0000000000e+01, 1.7513737522e+09
3.9470000000e+09, -2.7180364728e-01, 3.7481835484e-01, -6.6884405159e+00, -1.5488142265e+02, -5.0000000000e+01, 1.7513737522e+09
3.9485000000e+09, -1.4629192650e-01, 4.4189915061e-01, -6.6418881546e+00, -1.5518913973e+02, -5.0000000000e+01, 1.7513737522e+09
3.9500000000e+09, -5.7715135627e-03, 4.6107494831e-01, -6.7238890401e+00, -1.5549631949e+02, -5.0000000000e+01, 1.7513737522e+09
3.9515000000e+09, 1.3362930715e-01, 4.4292968512e-01, -6.6949796083e+00, -1.5580184671e+02, -5.0000000000e+01, 1.7513737522e+09
3.9530000000e+09, 2.6425451040e-01, 3.8212868571e-01, -6.6584235622e+00, -1.5611385698e+02, -5.0000000000e+01, 1.7513737522e+09
3.9545000000e+09, 3.6872836947e-01, 2.7918076515e-01, -6.6978411907e+00, -1.5643157456e+02, -5.0000000000e+01, 1.7513737522e+09
3.9560000000e+09, 4.3901607394e-01, 1.5699090064e-01, -6.6277790616e+00, -1.5673620589e+02, -5.0000000000e+01, 1.7513737522e+09
3.9575000000e+09, 4.6270620823e-01, 1.6489744186e-02, -6.6883812575e+00, -1.5704401014e+02, -5.0000000000e+01, 1.7513737522e+09
3.9590000000e+09, 4.4523796439e-01, -1.3078521192e-01, -6.6687203097e+00, -1.5736533860e+02, -5.0000000000e+01, 1.7513737522e+09
3.9605000000e+09, 3.8683032989e-01, -2.5485220551e-01, -6.6839588184e+00, -1.5766218445e+02, -5.0000000000e+01, 1.7513737522e+09
3.9620000000e+09, 2.9075971246e-01, -3.6676216125e-01, -6.5944545491e+00, -1.5798010937e+02, -5.0000000000e+01, 1.7513737522e+09
3.9635000000e+09, 1.6388219595e-01, -4.3286281824e-01, -6.6912459064e+00, -1.5828850524e+02, -5.0000000000e+01, 1.7513737522e+09
3.9650000000e+09, 2.0347880200e-02, -4.6262311935e-01, -6.6870597481e+00, -1.5860647363e+02, -5.0000000000e+01, 1.7513737522e+09
3.9665000000e+09, -1.1904892325e-01, -4.4425898790e-01, -6.7461018028e+00, -1.5891224958e+02, -5.0000000000e+01, 1.7513737522e+09
3.9680000000e+09, -2.5274363160e-01, -3.8549199700e-01, -6.7267494585e+00, -1.5923075825e+02, -5.0000000000e+01, 1.7513737522e+09
3.9695000000e+09, -3.5694593191e-01, -2.9087272286e-01, -6.7362862012e+00, -1.5953746907e+02, -5.0000000000e+01, 1.7513737522e+09
3.9710000000e+09, -4.2623117566e-01, -1.7074581981e-01, -6.7607346190e+00, -1.5984020665e+02, -5.0000000000e+01, 1.7513737522e+09
3.9725000000e+09, -4.5594665408e-01, -3.4015741199e-02, -6.7976141634e+00, -1.6014675863e+02, -5.0000000000e+01, 1.7513737522e+09
3.9740000000e+09, -4.4527205825e-01, 1.0639643669e-01, -6.7863481413e+00, -1.6045577446e+02, -5.0000000000e+01, 1.7513737522e+09
3.9755000000e+09, -3.9476019144e-01, 2.3351359367e-01, -6.7702815210e+00, -1.6075539567e+02, -5.0000000000e+01, 1.7513737522e+09
3.9770000000e+09, -3.0348461866e-01, 3.4149923921e-01, -6.8042627071e+00, -1.6106549426e+02, -5.0000000000e+01, 1.7513737522e+09
3.9785000000e+09, -1.7969827354e-01, 4.1933780909e-01, -6.8165348955e+00, -1.6138716600e+02, -5.0000000000e+01, 1.7513737522e+09
3.9800000000e+09, -5.0427936018e-02, 4.5609265566e-01, -6.7661693538e+00, -1.6168190381e+02, -5.0000000000e+01, 1.7513737522e+09
3.9815000000e+09, 9.3545362353e-02, 4.5079430938e-01, -6.7373329535e+00, -1.6199663004e+02, -5.0000000000e+01, 1.7513737522e+09
3.9830000000e+09, 2.2121772170e-01, 3.9515969157e-01, -6.8805877126e+00, -1.6230237183e+02, -5.0000000000e+01, 1.7513737522e+09
3.9845000000e+09, 3.3541458845e-01, 3.1294691563e-01, -6.7687435230e+00, -1.6261205896e+02, -5.0000000000e+01, 1.7513737522e+09
3.9860000000e+09, 4.1691142321e-01, 1.9520004094e-01, -6.7383176242e+00, -1.6292492829e+02, -5.0000000000e+01, 1.7513737522e+09
3.9875000000e+09, 4.5228311420e-01, 5.9797804803e-02, -6.8165322830e+00, -1.6323136717e+02, -5.0000000000e+01, 1.7513737522e+09
3.9890000000e+09, 4.5519149303e-01, -8.1290535629e-02, -6.6997717320e+00, -1.6353954034e+02, -5.0000000000e+01, 1.7513737522e+09
3.9905000000e+09, 4.0439346433e-01, -2.1660205722e-01, -6.7684998613e+00, -1.6385455549e+02, -5.0000000000e+01, 1.7513737522e+09
3.9920000000e+09, 3.2249832153e-01, -3.2874578238e-01, -6.7350242149e+00, -1.6415780897e+02, -5.0000000000e+01, 1.7513737522e+09
3.9935000000e+09, 2.0657137036e-01, -4.1462278366e-01, -6.6840310100e+00, -1.6447139557e+02, -5.0000000000e+01, 1.7513737522e+09
3.9950000000e+09, 6.7712165415e-02, -4.5993855596e-01, -6.6528813629e+00, -1.6478744427e+02, -5.0000000000e+01, 1.7513737522e+09
3.9965000000e+09, -7.5995333493e-02, -4.5563057065e-01, -6.7085746804e+00, -1.6509888451e+02, -5.0000000000e+01, 1.7513737522e+09
3.9980000000e+09, -2.1525721252e-01, -4.0672281384e-01, -6.7415788706e+00, -1.6542038558e+02, -5.0000000000e+01, 1.7513737522e+09
3.9995000000e+09, -3.2691931725e-01, -3.2692253590e-01, -6.7008456204e+00, -1.6571900755e+02, -5.0000000000e+01, 1.7513737522e+09
4.0010000000e+09, -4.0903064609e-01, -2.1056076884e-01, -6.7439833429e+00, -1.6602900912e+02, -5.0000000000e+01, 1.7513737522e+09
4.0025000000e+09, -4.5446297526e-01, -7.6826043427e-02, -6.7276608514e+00, -1.6633694592e+02, -5.0000000000e+01, 1.7513737522e+09
4.0040000000e+09, -4.5582902431e-01, 6.7705400288e-02, -6.7291885636e+00, -1.6665186502e+02, -5.0000000000e+01, 1.7513737522e+09
4.0055000000e+09, -4.1231128573e-01, 2.0210494101e-01, -6.7603256663e+00, -1.6696016790e+02, -5.0000000000e+01, 1.7513737522e+09
4.0070000000e+09, -3.3407729864e-01, 3.1434786320e-01, -6.7690840065e+00, -1.6725939149e+02, -5.0000000000e+01, 1.7513737522e+09
4.0085000000e+09, -2.2242508829e-01, 4.0027731657e-01, -6.7841223533e+00, -1.6756801530e+02, -5.0000000000e+01, 1.7513737522e+09
4.0100000000e+09, -8.7734431028e-02, 4.5236679912e-01, -6.7298239918e+00, -1.6788363992e+02, -5.0000000000e+01, 1.7513737522e+09
4.0115000000e+09, 5.4533760995e-02, 4.5795530081e-01, -6.7223865881e+00, -1.6819372981e+02, -5.0000000000e+01, 1.7513737522e+09
4.0130000000e+09, 1.8891975284e-01, 4.1932997107e-01, -6.7463152572e+00, -1.6849849961e+02, -5.0000000000e+01, 1.7513737522e+09
4.0145000000e+09, 3.1019920111e-01, 3.4337913990e-01, -6.6931684858e+00, -1.6880988209e+02, -5.0000000000e+01, 1.7513737522e+09
4.0160000000e+09, 3.9893737435e-01, 2.2867892683e-01, -6.7480241529e+00, -1.6912550768e+02, -5.0000000000e+01, 1.7513737522e+09
4.0175000000e+09, 4.5290914178e-01, 9.6567600966e-02, -6.6866991480e+00, -1.6943593267e+02, -5.0000000000e+01, 1.7513737522e+09
4.0190000000e+09, 4.5846003294e-01, -4.5738425106e-02, -6.7309582021e+00, -1.6974543961e+02, -5.0000000000e+01, 1.7513737522e+09
4.0205000000e+09, 4.2422452569e-01, -1.8519617617e-01, -6.6905064603e+00, -1.7005761798e+02, -5.0000000000e+01, 1.7513737522e+09
4.0220000000e+09, 3.4811773896e-01, -2.9976907373e-01, -6.7561987495e+00, -1.7035691435e+02, -5.0000000000e+01, 1.7513737522e+09
4.0235000000e+09, 2.3535019159e-01, -3.9284402132e-01, -6.7836814905e+00, -1.7067704713e+02, -5.0000000000e+01, 1.7513737522e+09
4.0250000000e+09, 1.0515096039e-01, -4.4856834412e-01, -6.7311079942e+00, -1.7098654251e+02, -5.0000000000e+01, 1.7513737522e+09
4.0265000000e+09, -3.6422211677e-02, -4.5359241962e-01, -6.8387723628e+00, -1.7129692493e+02, -5.0000000000e+01, 1.7513737522e+09
4.0280000000e+09, -1.7106723785e-01, -4.2297625542e-01, -6.8157578160e+00, -1.7160112512e+02, -5.0000000000e+01, 1.7513737522e+09
4.0295000000e+09, -2.9616782069e-01, -3.4925204516e-01, -6.7841737371e+00, -1.7192013491e+02, -5.0000000000e+01, 1.7513737522e+09
4.0310000000e+09, -3.8545280695e-01, -2.4568507075e-01, -6.7998876020e+00, -1.7222013413e+02, -5.0000000000e+01, 1.7513737522e+09
4.0325000000e+09, -4.4192957878e-01, -1.2025483698e-01, -6.7827115908e+00, -1.7252191562e+02, -5.0000000000e+01, 1.7513737522e+09
4.0340000000e+09, -4.5813563466e-01, 2.6851739734e-02, -6.7652250549e+00, -1.7284613987e+02, -5.0000000000e+01, 1.7513737522e+09
4.0355000000e+09, -4.2416912317e-01, 1.6250236332e-01, -6.8544506646e+00, -1.7315345553e+02, -5.0000000000e+01, 1.7513737522e+09
4.0370000000e+09, -3.6007305980e-01, 2.8389552236e-01, -6.7726549102e+00, -1.7345524743e+02, -5.0000000000e+01, 1.7513737522e+09
4.0385000000e+09, -2.5555208325e-01, 3.8013893366e-01, -6.7816869080e+00, -1.7376652756e+02, -5.0000000000e+01, 1.7513737522e+09
4.0400000000e+09, -1.2461105734e-01, 4.4075846672e-01, -6.7820291728e+00, -1.7408286347e+02, -5.0000000000e+01, 1.7513737522e+09
4.0415000000e+09, 1.1423587799e-02, 4.6154826879e-01, -6.7129978380e+00, -1.7438313780e+02, -5.0000000000e+01, 1.7513737522e+09
4.0430000000e+09, 1.5630930662e-01, 4.3518093228e-01, -6.6996174285e+00, -1.7470322382e+02, -5.0000000000e+01, 1.7513737522e+09
4.0445000000e+09, 2.8197306395e-01, 3.6244207621e-01, -6.7597888460e+00, -1.7501956208e+02, -5.0000000000e+01, 1.7513737522e+09
4.0460000000e+09, 3.8078197837e-01, 2.5940969586e-01, -6.7307392980e+00, -1.7533115414e+02, -5.0000000000e+01, 1.7513737522e+09
4.0475000000e+09, 4.4212988019e-01, 1.3355152309e-01, -6.7097892971e+00, -1.7563583930e+02, -5.0000000000e+01, 1.7513737522e+09
4.0490000000e+09, 4.6068608761e-01, -1.7059514299e-02, -6.7259467861e+00, -1.7596620236e+02, -5.0000000000e+01, 1.7513737522e+09
4.0505000000e+09, 4.2820233107e-01, -1.5964999795e-01, -6.8017517298e+00, -1.7628606226e+02, -5.0000000000e+01, 1.7513737522e+09
4.0520000000e+09, 3.4046858549e-01, -2.9818055034e-01, -6.8860537846e+00, -1.7664846847e+02, -5.0000000000e+01, 1.7513737522e+09
4.0535000000e+09, 2.4107509852e-01, -1.6227854788e-01, -1.0733924768e+01, -1.7652166295e+02, -5.0000000000e+01, 1.7513737522e+09
4.0550000000e+09, 1.8511985242e-01, -4.1791209578e-01, -6.8002023319e+00, -1.7708299785e+02, -5.0000000000e+01, 1.7513737522e+09
4.0565000000e+09, 3.0291108415e-02, -4.5113795996e-01, -6.8942773324e+00, -1.7743294178e+02, -5.0000000000e+01, 1.7513737522e+09
4.0580000000e+09, -1.1896023899e-01, -4.4480180740e-01, -6.7366375736e+00, -1.7776131430e+02, -5.0000000000e+01, 1.7513737522e+09
4.0595000000e+09, -2.4858455360e-01, -3.8236376643e-01, -6.8194432755e+00, -1.7807644859e+02, -5.0000000000e+01, 1.7513737522e+09
4.0610000000e+09, -3.5387384892e-01, -2.8848403692e-01, -6.8099864118e+00, -1.7838683018e+02, -5.0000000000e+01, 1.7513737522e+09
4.0625000000e+09, -4.2610406876e-01, -1.6592384875e-01, -6.7965551929e+00, -1.7869944827e+02, -5.0000000000e+01, 1.7513737522e+09
4.0640000000e+09, -4.5666515827e-01, -2.3274421692e-02, -6.7967760997e+00, -1.7901985926e+02, -5.0000000000e+01, 1.7513737522e+09
4.0655000000e+09, -4.4201588631e-01, 1.1587420851e-01, -6.8025936404e+00, -1.7932716158e+02, -5.0000000000e+01, 1.7513737522e+09
4.0670000000e+09, -3.8116434217e-01, 2.4500948191e-01, -6.8757741270e+00, -1.7964207281e+02, -5.0000000000e+01, 1.7513737522e+09
4.0685000000e+09, -2.9375317693e-01, 3.5134369135e-01, -6.7833257168e+00, -1.7994521759e+02, -5.0000000000e+01, 1.7513737522e+09
4.0700000000e+09, -1.6893412173e-01, 4.2415627837e-01, -6.8100375512e+00, -1.8026255248e+02, -5.0000000000e+01, 1.7513737522e+09
4.0715000000e+09, -3.2862741500e-02, 4.5724663138e-01, -6.7746142659e+00, -1.8056983002e+02, -5.0000000000e+01, 1.7513737522e+09
4.0730000000e+09, 1.0595660657e-01, 4.4303849340e-01, -6.8296115983e+00, -1.8087632714e+02, -5.0000000000e+01, 1.7513737522e+09
4.0745000000e+09, 2.3634959757e-01, 3.9038318396e-01, -6.8139379689e+00, -1.8118597999e+02, -5.0000000000e+01, 1.7513737522e+09
4.0760000000e+09, 3.4705871344e-01, 3.0095586181e-01, -6.7566777591e+00, -1.8149800085e+02, -5.0000000000e+01, 1.7513737522e+09
4.0775000000e+09, 4.2158341408e-01, 1.7985989153e-01, -6.7761083503e+00, -1.8180912393e+02, -5.0000000000e+01, 1.7513737522e+09
4.0790000000e+09, 4.5295345783e-01, 4.4283289462e-02, -6.8376151394e+00, -1.8211491797e+02, -5.0000000000e+01, 1.7513737522e+09
4.0805000000e+09, 4.4739535451e-01, -9.5980241895e-02, -6.7907556958e+00, -1.8242370189e+02, -5.0000000000e+01, 1.7513737522e+09
4.0820000000e+09, 3.9429527521e-01, -2.2659999132e-01, -6.8441519353e+00, -1.8273397983e+02, -5.0000000000e+01, 1.7513737522e+09
4.0835000000e+09, 3.0803316832e-01, -3.3469885588e-01, -6.8422322746e+00, -1.8303923633e+02, -5.0000000000e+01, 1.7513737522e+09
4.0850000000e+09, 1.8927252293e-01, -4.1426241398e-01, -6.8311286514e+00, -1.8335460104e+02, -5.0000000000e+01, 1.7513737522e+09
4.0865000000e+09, 5.4966334253e-02, -4.5141217112e-01, -6.8446154925e+00, -1.8366200144e+02, -5.0000000000e+01, 1.7513737522e+09
4.0880000000e+09, -8.6625300348e-02, -4.4829523563e-01, -6.8095109854e+00, -1.8397405039e+02, -5.0000000000e+01, 1.7513737522e+09
4.0895000000e+09, -2.2353047133e-01, -4.0093940496e-01, -6.7629779131e+00, -1.8429176621e+02, -5.0000000000e+01, 1.7513737522e+09
4.0910000000e+09, -3.2878559828e-01, -3.1301119924e-01, -6.8597262516e+00, -1.8459314195e+02, -5.0000000000e+01, 1.7513737522e+09
4.0925000000e+09, -4.0961003303e-01, -1.9780124724e-01, -6.8422751850e+00, -1.8490409118e+02, -5.0000000000e+01, 1.7513737522e+09
4.0940000000e+09, -4.5144170523e-01, -6.0600530356e-02, -6.8304042801e+00, -1.8522052649e+02, -5.0000000000e+01, 1.7513737522e+09
4.0955000000e+09, -4.4578638673e-01, 7.4320331216e-02, -6.8984003084e+00, -1.8551916457e+02, -5.0000000000e+01, 1.7513737522e+09
4.0970000000e+09, -4.0387570858e-01, 2.1457447112e-01, -6.7952595226e+00, -1.8584233045e+02, -5.0000000000e+01, 1.7513737522e+09
4.0985000000e+09, -3.2155188918e-01, 3.2550442219e-01, -6.7912963557e+00, -1.8614547313e+02, -5.0000000000e+01, 1.7513737522e+09
4.1000000000e+09, -2.0635171235e-01, 4.0463757515e-01, -6.8547425538e+00, -1.8645317370e+02, -5.0000000000e+01, 1.7513737522e+09
4.1015000000e+09, -7.5852960348e-02, 4.5329424739e-01, -6.7524574497e+00, -1.8675896194e+02, -5.0000000000e+01, 1.7513737522e+09
4.1030000000e+09, 6.6136986017e-02, 4.5337447524e-01, -6.7794097767e+00, -1.8706961831e+02, -5.0000000000e+01, 1.7513737522e+09
4.1045000000e+09, 2.0224823058e-01, 4.0865409374e-01, -6.8214025675e+00, -1.8738433264e+02, -5.0000000000e+01, 1.7513737522e+09
4.1060000000e+09, 3.1954294443e-01, 3.2919603586e-01, -6.7679386245e+00, -1.8769528237e+02, -5.0000000000e+01, 1.7513737522e+09
4.1075000000e+09, 4.0127122402e-01, 2.1819338202e-01, -6.8062959687e+00, -1.8799752299e+02, -5.0000000000e+01, 1.7513737522e+09
4.1090000000e+09, 4.4862106442e-01, 8.3350040019e-02, -6.8150240271e+00, -1.8831186212e+02, -5.0000000000e+01, 1.7513737522e+09
4.1105000000e+09, 4.5300811529e-01, -5.8684885502e-02, -6.8056023851e+00, -1.8862438664e+02, -5.0000000000e+01, 1.7513737522e+09
4.1120000000e+09, 4.1296565533e-01, -1.9235001504e-01, -6.8289994377e+00, -1.8893145578e+02, -5.0000000000e+01, 1.7513737522e+09
4.1135000000e+09, 3.3617371321e-01, -3.1280624867e-01, -6.7600473782e+00, -1.8924496648e+02, -5.0000000000e+01, 1.7513737522e+09
4.1150000000e+09, 2.2576794028e-01, -3.9915743470e-01, -6.7716522819e+00, -1.8955160577e+02, -5.0000000000e+01, 1.7513737522e+09
4.1165000000e+09, 9.2645235360e-02, -4.4817641377e-01, -6.7892951046e+00, -1.8986251071e+02, -5.0000000000e+01, 1.7513737522e+09
4.1180000000e+09, -5.0716850907e-02, -4.5461392403e-01, -6.7934279615e+00, -1.9017745642e+02, -5.0000000000e+01, 1.7513737522e+09
4.1195000000e+09, -1.8517115712e-01, -4.1689607501e-01, -6.8174733974e+00, -1.9048434752e+02, -5.0000000000e+01, 1.7513737522e+09
4.1210000000e+09, -3.0616319180e-01, -3.3865749836e-01, -6.8105060406e+00, -1.9080140352e+02, -5.0000000000e+01, 1.7513737522e+09
4.1225000000e+09, -3.9445844293e-01, -2.2778157890e-01, -6.8301976087e+00, -1.9111347535e+02, -5.0000000000e+01, 1.7513737522e+09
4.1240000000e+09, -4.4325569272e-01, -9.9399074912e-02, -6.8538335109e+00, -1.9141655358e+02, -5.0000000000e+01, 1.7513737522e+09
4.1255000000e+09, -4.4968509674e-01, 3.8322754204e-02, -6.9104027092e+00, -1.9172216776e+02, -5.0000000000e+01, 1.7513737522e+09
4.1270000000e+09, -4.1769447923e-01, 1.7417547107e-01, -6.8865780641e+00, -1.9203222060e+02, -5.0000000000e+01, 1.7513737522e+09
4.1285000000e+09, -3.4386643767e-01, 2.9009237885e-01, -6.9379439435e+00, -1.9233792995e+02, -5.0000000000e+01, 1.7513737522e+09
4.1300000000e+09, -2.3999123275e-01, 3.8098075986e-01, -6.9305599261e+00, -1.9264581152e+02, -5.0000000000e+01, 1.7513737522e+09
4.1315000000e+09, -1.1214170605e-01, 4.3511334062e-01, -6.9486501165e+00, -1.9295570769e+02, -5.0000000000e+01, 1.7513737522e+09
4.1330000000e+09, 2.9463309795e-02, 4.4851970673e-01, -6.9456690930e+00, -1.9327354406e+02, -5.0000000000e+01, 1.7513737522e+09
4.1345000000e+09, 1.6217705607e-01, 4.1917216778e-01, -6.9463421790e+00, -1.9357710935e+02, -5.0000000000e+01, 1.7513737522e+09
4.1360000000e+09, 2.7790129185e-01, 3.5315746069e-01, -6.9475760473e+00, -1.9387465308e+02, -5.0000000000e+01, 1.7513737522e+09
4.1375000000e+09, 3.7688517571e-01, 2.4921034277e-01, -6.9005437984e+00, -1.9419451049e+02, -5.0000000000e+01, 1.7513737522e+09
4.1390000000e+09, 4.3442311883e-01, 1.2115085870e-01, -6.9164696591e+00, -1.9450677696e+02, -5.0000000000e+01, 1.7513737522e+09
4.1405000000e+09, 4.4969573617e-01, -1.1312458664e-02, -6.9388771947e+00, -1.9480389502e+02, -5.0000000000e+01, 1.7513737522e+09
4.1420000000e+09, 4.2433208227e-01, -1.4846616983e-01, -6.9443385919e+00, -1.9511531424e+02, -5.0000000000e+01, 1.7513737522e+09
4.1435000000e+09, 3.6016771197e-01, -2.7329149842e-01, -6.8949993571e+00, -1.9542784726e+02, -5.0000000000e+01, 1.7513737522e+09
4.1450000000e+09, 2.6059091091e-01, -3.7214064598e-01, -6.8529812770e+00, -1.9573864816e+02, -5.0000000000e+01, 1.7513737522e+09
4.1465000000e+09, 1.3343693316e-01, -4.3727040291e-01, -6.7983123009e+00, -1.9605335791e+02, -5.0000000000e+01, 1.7513737522e+09
4.1480000000e+09, -6.1603356153e-03, -4.5265349746e-01, -6.8838780879e+00, -1.9636314939e+02, -5.0000000000e+01, 1.7513737522e+09
4.1495000000e+09, -1.4479675889e-01, -4.3073779345e-01, -6.8507752945e+00, -1.9667383312e+02, -5.0000000000e+01, 1.7513737522e+09
4.1510000000e+09, -2.6606726646e-01, -3.6350736022e-01, -6.9265504750e+00, -1.9698138604e+02, -5.0000000000e+01, 1.7513737522e+09
4.1525000000e+09, -3.6247986555e-01, -2.6740419865e-01, -6.9272510554e+00, -1.9728474965e+02, -5.0000000000e+01, 1.7513737522e+09
4.1540000000e+09, -4.2604362965e-01, -1.4166137576e-01, -6.9555014670e+00, -1.9759933286e+02, -5.0000000000e+01, 1.7513737522e+09
4.1555000000e+09, -4.5266646147e-01, -4.4949701987e-03, -6.8840054199e+00, -1.9791040752e+02, -5.0000000000e+01, 1.7513737522e+09
4.1570000000e+09, -4.3380850553e-01, 1.3343065977e-01, -6.8614635589e+00, -1.9821873317e+02, -5.0000000000e+01, 1.7513737522e+09
4.1585000000e+09, -3.7289223075e-01, 2.6029404998e-01, -6.8444608824e+00, -1.9852974714e+02, -5.0000000000e+01, 1.7513737522e+09
4.1600000000e+09, -2.7321651578e-01, 3.6193516851e-01, -6.8688325884e+00, -1.9884451845e+02, -5.0000000000e+01, 1.7513737522e+09
4.1615000000e+09, -1.5141379833e-01, 4.2389559746e-01, -6.9333137290e+00, -1.9914806246e+02, -5.0000000000e+01, 1.7513737522e+09
4.1630000000e+09, -1.4244925231e-02, 4.5493465662e-01, -6.8367636295e+00, -1.9945983171e+02, -5.0000000000e+01, 1.7513737522e+09
4.1645000000e+09, 1.2406332791e-01, 4.3448570371e-01, -6.9000905808e+00, -1.9976927262e+02, -5.0000000000e+01, 1.7513737522e+09
4.1660000000e+09, 2.5158944726e-01, 3.7552836537e-01, -6.8969166402e+00, -2.0008141349e+02, -5.0000000000e+01, 1.7513737522e+09
4.1675000000e+09, 3.5299089551e-01, 2.7945500612e-01, -6.9315123756e+00, -2.0039228413e+02, -5.0000000000e+01, 1.7513737522e+09
4.1690000000e+09, 4.2121917009e-01, 1.6278196871e-01, -6.9053259876e+00, -2.0069315502e+02, -5.0000000000e+01, 1.7513737522e+09
4.1705000000e+09, 4.5324134827e-01, 2.5435259566e-02, -6.8597538229e+00, -2.0100587005e+02, -5.0000000000e+01, 1.7513737522e+09
4.1720000000e+09, 4.4096940756e-01, -1.1517162621e-01, -6.8252477648e+00, -2.0131740123e+02, -5.0000000000e+01, 1.7513737522e+09
4.1735000000e+09, 3.8070815802e-01, -2.4059854448e-01, -6.9287560075e+00, -2.0162553011e+02, -5.0000000000e+01, 1.7513737522e+09
4.1750000000e+09, 2.9349765181e-01, -3.4906837344e-01, -6.8195837830e+00, -2.0193359586e+02, -5.0000000000e+01, 1.7513737522e+09
4.1765000000e+09, 1.6946503520e-01, -4.1871362925e-01, -6.9028574625e+00, -2.0224815077e+02, -5.0000000000e+01, 1.7513737522e+09
4.1780000000e+09, 3.1628999859e-02, -4.5199975371e-01, -6.8760222735e+00, -2.0256286433e+02, -5.0000000000e+01, 1.7513737522e+09
4.1795000000e+09, -1.0730761290e-01, -4.3698638678e-01, -6.9363497140e+00, -2.0287352432e+02, -5.0000000000e+01, 1.7513737522e+09
4.1810000000e+09, -2.3374666274e-01, -3.8662031293e-01, -6.9012982622e+00, -2.0317651361e+02, -5.0000000000e+01, 1.7513737522e+09
4.1825000000e+09, -3.3985710144e-01, -2.9229909182e-01, -6.9693012567e+00, -2.0349321429e+02, -5.0000000000e+01, 1.7513737522e+09
4.1840000000e+09, -4.1352513432e-01, -1.7886479199e-01, -6.9251326736e+00, -2.0379528555e+02, -5.0000000000e+01, 1.7513737522e+09
4.1855000000e+09, -4.4568359852e-01, -4.2156483978e-02, -6.9807836015e+00, -2.0410921470e+02, -5.0000000000e+01, 1.7513737522e+09
4.1870000000e+09, -4.3759372830e-01, 9.5073476434e-02, -6.9782663021e+00, -2.0441746185e+02, -5.0000000000e+01, 1.7513737522e+09
4.1885000000e+09, -3.9093118906e-01, 2.2547243536e-01, -6.9108356927e+00, -2.0472667645e+02, -5.0000000000e+01, 1.7513737522e+09
4.1900000000e+09, -3.0006176233e-01, 3.3105289936e-01, -6.9976748538e+00, -2.0503798663e+02, -5.0000000000e+01, 1.7513737522e+09
4.1915000000e+09, -1.8574671447e-01, 4.0496328473e-01, -7.0224582523e+00, -2.0534427385e+02, -5.0000000000e+01, 1.7513737522e+09
4.1930000000e+09, -5.9116516262e-02, 4.3979212642e-01, -7.0572808813e+00, -2.0564070051e+02, -5.0000000000e+01, 1.7513737522e+09
4.1945000000e+09, 8.0807678401e-02, 4.4094336033e-01, -6.9688837265e+00, -2.0595556851e+02, -5.0000000000e+01, 1.7513737522e+09
4.1960000000e+09, 2.1035663784e-01, 3.9573812485e-01, -6.9710961510e+00, -2.0626289071e+02, -5.0000000000e+01, 1.7513737522e+09
4.1975000000e+09, 3.1879353523e-01, 3.1117734313e-01, -7.0232557529e+00, -2.0657180614e+02, -5.0000000000e+01, 1.7513737522e+09
4.1990000000e+09, 4.0012177825e-01, 1.9629763067e-01, -7.0195472615e+00, -2.0688902002e+02, -5.0000000000e+01, 1.7513737522e+09
4.2005000000e+09, 4.4490471482e-01, 7.0278212428e-02, -6.9276240693e+00, -2.0718844725e+02, -5.0000000000e+01, 1.7513737522e+09
4.2020000000e+09, 4.4039252400e-01, -7.0465259254e-02, -7.0134135653e+00, -2.0750377584e+02, -5.0000000000e+01, 1.7513737522e+09
4.2035000000e+09, 4.0232652426e-01, -2.0170256495e-01, -6.9346655856e+00, -2.0780983454e+02, -5.0000000000e+01, 1.7513737522e+09
4.2050000000e+09, 3.2075548172e-01, -3.1494304538e-01, -6.9449127916e+00, -2.0812137017e+02, -5.0000000000e+01, 1.7513737522e+09
4.2065000000e+09, 2.0961841941e-01, -3.9860343933e-01, -6.9287940695e+00, -2.0843177320e+02, -5.0000000000e+01, 1.7513737522e+09
4.2080000000e+09, 7.7523075044e-02, -4.4338548183e-01, -6.9335946002e+00, -2.0874281764e+02, -5.0000000000e+01, 1.7513737522e+09
4.2095000000e+09, -6.2903024256e-02, -4.4592493773e-01, -6.9291954204e+00, -2.0905604875e+02, -5.0000000000e+01, 1.7513737522e+09
4.2110000000e+09, -1.9743438065e-01, -4.0152299404e-01, -6.9853365038e+00, -2.0937290813e+02, -5.0000000000e+01, 1.7513737522e+09
4.2125000000e+09, -3.0733659864e-01, -3.2389888167e-01, -7.0034831550e+00, -2.0967507776e+02, -5.0000000000e+01, 1.7513737522e+09
4.2140000000e+09, -3.9299875498e-01, -2.1427570283e-01, -6.9818442892e+00, -2.0998753220e+02, -5.0000000000e+01, 1.7513737522e+09
4.2155000000e+09, -4.3917819858e-01, -8.5560016334e-02, -6.9854025138e+00, -2.1029429942e+02, -5.0000000000e+01, 1.7513737522e+09
4.2170000000e+09, -4.4458907843e-01, 5.1901195198e-02, -6.9820375417e+00, -2.1060292147e+02, -5.0000000000e+01, 1.7513737522e+09
4.2185000000e+09, -4.0967416763e-01, 1.8493442237e-01, -6.9457625946e+00, -2.1091074056e+02, -5.0000000000e+01, 1.7513737522e+09
4.2200000000e+09, -3.3654975891e-01, 2.9818719626e-01, -6.9425892031e+00, -2.1121174086e+02, -5.0000000000e+01, 1.7513737522e+09
4.2215000000e+09, -2.2543588281e-01, 3.8866329193e-01, -6.9490564606e+00, -2.1153189881e+02, -5.0000000000e+01, 1.7513737522e+09
4.2230000000e+09, -9.8500095308e-02, 4.4179990888e-01, -6.8848044944e+00, -2.1183814001e+02, -5.0000000000e+01, 1.7513737522e+09
4.2245000000e+09, 4.0864162147e-02, 4.4666978717e-01, -6.9640703944e+00, -2.1214873644e+02, -5.0000000000e+01, 1.7513737522e+09
4.2260000000e+09, 1.7610727251e-01, 4.1249135137e-01, -6.9645214154e+00, -2.1246101315e+02, -5.0000000000e+01, 1.7513737522e+09
4.2275000000e+09, 2.9407414794e-01, 3.3993652463e-01, -6.9457028130e+00, -2.1277069114e+02, -5.0000000000e+01, 1.7513737522e+09
4.2290000000e+09, 3.8136970997e-01, 2.3366740346e-01, -6.9887596561e+00, -2.1307859085e+02, -5.0000000000e+01, 1.7513737522e+09
4.2305000000e+09, 4.3663954735e-01, 1.0562530905e-01, -6.9505559553e+00, -2.1339095495e+02, -5.0000000000e+01, 1.7513737522e+09
4.2320000000e+09, 4.4574308395e-01, -3.4677430987e-02, -6.9921018974e+00, -2.1370594096e+02, -5.0000000000e+01, 1.7513737522e+09
4.2335000000e+09, 4.1717314720e-01, -1.6950638592e-01, -6.9300518826e+00, -2.1401424442e+02, -5.0000000000e+01, 1.7513737522e+09
4.2350000000e+09, 3.4316572547e-01, -2.8615495563e-01, -6.9973639830e+00, -2.1432335424e+02, -5.0000000000e+01, 1.7513737522e+09
4.2365000000e+09, 2.4160321057e-01, -3.7897193432e-01, -6.9466617821e+00, -2.1463154301e+02, -5.0000000000e+01, 1.7513737522e+09
4.2380000000e+09, 1.1553662270e-01, -4.3173089623e-01, -6.9953435011e+00, -2.1493761147e+02, -5.0000000000e+01, 1.7513737522e+09
4.2395000000e+09, -2.5301212445e-02, -4.4883611798e-01, -6.9444655400e+00, -2.1525540789e+02, -5.0000000000e+01, 1.7513737522e+09
4.2410000000e+09, -1.6104836762e-01, -4.1833364964e-01, -6.9693442526e+00, -2.1556658461e+02, -5.0000000000e+01, 1.7513737522e+09
4.2425000000e+09, -2.7927082777e-01, -3.4434452653e-01, -7.0649303999e+00, -2.1588052213e+02, -5.0000000000e+01, 1.7513737522e+09
4.2440000000e+09, -3.7227469683e-01, -2.4702291191e-01, -6.9982038388e+00, -2.1618405122e+02, -5.0000000000e+01, 1.7513737522e+09
4.2455000000e+09, -4.2652800679e-01, -1.2218331546e-01, -7.0585376357e+00, -2.1649090392e+02, -5.0000000000e+01, 1.7513737522e+09
4.2470000000e+09, -4.4350051880e-01, 1.4122831635e-02, -7.0577156655e+00, -2.1680172634e+02, -5.0000000000e+01, 1.7513737522e+09
4.2485000000e+09, -4.1462147236e-01, 1.4897991717e-01, -7.1196108233e+00, -2.1711484257e+02, -5.0000000000e+01, 1.7513737522e+09
4.2500000000e+09, -3.5310372710e-01, 2.6539093256e-01, -7.0971025617e+00, -2.1741441411e+02, -5.0000000000e+01, 1.7513737522e+09
4.2515000000e+09, -2.5734853745e-01, 3.5917717218e-01, -7.0943896263e+00, -2.1771897876e+02, -5.0000000000e+01, 1.7513737522e+09
4.2530000000e+09, -1.3108275831e-01, 4.2427641153e-01, -7.0510814701e+00, -2.1804103647e+02, -5.0000000000e+01, 1.7513737522e+09
4.2545000000e+09, 2.8597598430e-03, 4.4626232982e-01, -7.0080170890e+00, -2.1834709759e+02, -5.0000000000e+01, 1.7513737522e+09
4.2560000000e+09, 1.3771872222e-01, 4.2267456651e-01, -7.0416858723e+00, -2.1865566900e+02, -5.0000000000e+01, 1.7513737522e+09
4.2575000000e+09, 2.5840866566e-01, 3.6004215479e-01, -7.0684659415e+00, -2.1896320783e+02, -5.0000000000e+01, 1.7513737522e+09
4.2590000000e+09, 3.5606884956e-01, 2.6289117336e-01, -7.0797267004e+00, -2.1927550472e+02, -5.0000000000e+01, 1.7513737522e+09
4.2605000000e+09, 4.1983211041e-01, 1.4765128493e-01, -7.0320343827e+00, -2.1957330503e+02, -5.0000000000e+01, 1.7513737522e+09
4.2620000000e+09, 4.4275531173e-01, 9.1718109325e-03, -7.0748611363e+00, -2.1989077341e+02, -5.0000000000e+01, 1.7513737522e+09
4.2635000000e+09, 4.3034970760e-01, -1.2298993021e-01, -6.9825965905e+00, -2.2018985603e+02, -5.0000000000e+01, 1.7513737522e+09
4.2650000000e+09, 3.6611914635e-01, -2.4971945584e-01, -7.0685180329e+00, -2.2051007759e+02, -5.0000000000e+01, 1.7513737522e+09
4.2665000000e+09, 2.7543258667e-01, -3.4470525384e-01, -7.1066790598e+00, -2.2080812801e+02, -5.0000000000e+01, 1.7513737522e+09
4.2680000000e+09, 1.5591730177e-01, -4.1793310642e-01, -7.0119431352e+00, -2.2112520664e+02, -5.0000000000e+01, 1.7513737522e+09
4.2695000000e+09, 1.9837370142e-02, -4.4714793563e-01, -6.9824360842e+00, -2.2143794693e+02, -5.0000000000e+01, 1.7513737522e+09
4.2710000000e+09, -1.1653939635e-01, -4.3271505833e-01, -6.9718492193e+00, -2.2174536125e+02, -5.0000000000e+01, 1.7513737522e+09
4.2725000000e+09, -2.4247379601e-01, -3.7356564403e-01, -7.0257911054e+00, -2.2205800992e+02, -5.0000000000e+01, 1.7513737522e+09
4.2740000000e+09, -3.4799394012e-01, -2.8340902924e-01, -6.9589641607e+00, -2.2236961367e+02, -5.0000000000e+01, 1.7513737522e+09
4.2755000000e+09, -4.1429436207e-01, -1.6392369568e-01, -7.0221586819e+00, -2.2267631067e+02, -5.0000000000e+01, 1.7513737522e+09
4.2770000000e+09, -4.4352579117e-01, -3.2338742167e-02, -7.0385952253e+00, -2.2298029432e+02, -5.0000000000e+01, 1.7513737522e+09
4.2785000000e+09, -4.3330365419e-01, 1.0562875122e-01, -7.0134449652e+00, -2.2329219005e+02, -5.0000000000e+01, 1.7513737522e+09
4.2800000000e+09, -3.8013011217e-01, 2.3211960495e-01, -7.0250558796e+00, -2.2360127889e+02, -5.0000000000e+01, 1.7513737522e+09
4.2815000000e+09, -2.9223707318e-01, 3.3916783333e-01, -6.9802139951e+00, -2.2391266766e+02, -5.0000000000e+01, 1.7513737522e+09
4.2830000000e+09, -1.7436710000e-01, 4.0915232897e-01, -7.0375282437e+00, -2.2422101629e+02, -5.0000000000e+01, 1.7513737522e+09
4.2845000000e+09, -3.6816373467e-02, 4.4408637285e-01, -7.0209040619e+00, -2.2454116025e+02, -5.0000000000e+01, 1.7513737522e+09
4.2860000000e+09, 9.6292860806e-02, 4.3392744660e-01, -7.0428923509e+00, -2.2484224617e+02, -5.0000000000e+01, 1.7513737522e+09
4.2875000000e+09, 2.2605195642e-01, 3.8794186711e-01, -6.9551296370e+00, -2.2515147311e+02, -5.0000000000e+01, 1.7513737522e+09
4.2890000000e+09, 3.2947143912e-01, 2.9566323757e-01, -7.0781444241e+00, -2.2546330173e+02, -5.0000000000e+01, 1.7513737522e+09
4.2905000000e+09, 4.1123083234e-01, 1.8383967876e-01, -6.9270120448e+00, -2.2577427522e+02, -5.0000000000e+01, 1.7513737522e+09
4.2920000000e+09, 4.4378408790e-01, 4.9312155694e-02, -7.0032710963e+00, -2.2608400758e+02, -5.0000000000e+01, 1.7513737522e+09
4.2935000000e+09, 4.3776878715e-01, -8.6309097707e-02, -7.0094887079e+00, -2.2638933129e+02, -5.0000000000e+01, 1.7513737522e+09
4.2950000000e+09, 3.8591545820e-01, -2.1620965004e-01, -7.0845943369e+00, -2.2670535069e+02, -5.0000000000e+01, 1.7513737522e+09
4.2965000000e+09, 3.0164507031e-01, -3.2714420557e-01, -7.0330612163e+00, -2.2702059977e+02, -5.0000000000e+01, 1.7513737522e+09
4.2980000000e+09, 1.8872410059e-01, -4.0202957392e-01, -7.0499495599e+00, -2.2732657478e+02, -5.0000000000e+01, 1.7513737522e+09
4.2995000000e+09, 6.0526423156e-02, -4.3824318051e-01, -7.0836360984e+00, -2.2762822412e+02, -5.0000000000e+01, 1.7513737522e+09
4.3010000000e+09, -7.8018590808e-02, -4.3731465936e-01, -7.0480465730e+00, -2.2794201377e+02, -5.0000000000e+01, 1.7513737522e+09
4.3025000000e+09, -2.1440593898e-01, -3.9004269242e-01, -7.0310849034e+00, -2.2826807920e+02, -5.0000000000e+01, 1.7513737522e+09
4.3040000000e+09, -3.1663134694e-01, -3.1112870574e-01, -7.0540927615e+00, -2.2855963084e+02, -5.0000000000e+01, 1.7513737522e+09
4.3055000000e+09, -3.9640089870e-01, -1.9732551277e-01, -7.0758656867e+00, -2.2887438342e+02, -5.0000000000e+01, 1.7513737522e+09
4.3070000000e+09, -4.3394443393e-01, -6.8538174033e-02, -7.1443087061e+00, -2.2917961545e+02, -5.0000000000e+01, 1.7513737522e+09
4.3085000000e+09, -4.3733415008e-01, 6.6765293479e-02, -7.0836753725e+00, -2.2948775827e+02, -5.0000000000e+01, 1.7513737522e+09
4.3100000000e+09, -3.9701887965e-01, 2.0047147572e-01, -7.0374560224e+00, -2.2980385704e+02, -5.0000000000e+01, 1.7513737522e+09
4.3115000000e+09, -3.1564179063e-01, 3.0670735240e-01, -7.1287230747e+00, -2.3010730687e+02, -5.0000000000e+01, 1.7513737522e+09
4.3130000000e+09, -2.0753745735e-01, 3.8959181309e-01, -7.1029161723e+00, -2.3041759213e+02, -5.0000000000e+01, 1.7513737522e+09
4.3145000000e+09, -7.8761495650e-02, 4.3699488044e-01, -7.0516379194e+00, -2.3072874010e+02, -5.0000000000e+01, 1.7513737522e+09
4.3160000000e+09, 5.4664440453e-02, 4.3643230200e-01, -7.1340577414e+00, -2.3103166410e+02, -5.0000000000e+01, 1.7513737522e+09
4.3175000000e+09, 1.8705999851e-01, 4.0112635493e-01, -7.0797931873e+00, -2.3134341632e+02, -5.0000000000e+01, 1.7513737522e+09
4.3190000000e+09, 3.0071786046e-01, 3.2747259736e-01, -7.0406026240e+00, -2.3164989376e+02, -5.0000000000e+01, 1.7513737522e+09
4.3205000000e+09, 3.8740903139e-01, 2.2064794600e-01, -7.0164637942e+00, -2.3196012924e+02, -5.0000000000e+01, 1.7513737522e+09
4.3220000000e+09, 4.3216383457e-01, 9.0604901314e-02, -7.1002145399e+00, -2.3227119553e+02, -5.0000000000e+01, 1.7513737522e+09
4.3235000000e+09, 4.4087541103e-01, -4.9266636372e-02, -7.0597859232e+00, -2.3258914197e+02, -5.0000000000e+01, 1.7513737522e+09
4.3250000000e+09, 4.0750691295e-01, -1.8268424273e-01, -7.0019771521e+00, -2.3289929341e+02, -5.0000000000e+01, 1.7513737522e+09
4.3265000000e+09, 3.3163210750e-01, -2.9374086857e-01, -7.0716034421e+00, -2.3320273869e+02, -5.0000000000e+01, 1.7513737522e+09
4.3280000000e+09, 2.2900176048e-01, -3.8314938545e-01, -7.0061200621e+00, -2.3350993883e+02, -5.0000000000e+01, 1.7513737522e+09
4.3295000000e+09, 9.7505778074e-02, -4.3297812343e-01, -7.0558352849e+00, -2.3382714986e+02, -5.0000000000e+01, 1.7513737522e+09
4.3310000000e+09, -3.9210096002e-02, -4.4490122795e-01, -7.0011254026e+00, -2.3413655770e+02, -5.0000000000e+01, 1.7513737522e+09
4.3325000000e+09, -1.7393790185e-01, -4.0994474292e-01, -7.0265738722e+00, -2.3444992687e+02, -5.0000000000e+01, 1.7513737522e+09
4.3340000000e+09, -2.8599444032e-01, -3.3790904284e-01, -7.0779857093e+00, -2.3475103275e+02, -5.0000000000e+01, 1.7513737522e+09
4.3355000000e+09, -3.7423813343e-01, -2.3386482894e-01, -7.1052936037e+00, -2.3506091505e+02, -5.0000000000e+01, 1.7513737522e+09
4.3370000000e+09, -4.2987173796e-01, -1.0822449624e-01, -7.0663246655e+00, -2.3537281460e+02, -5.0000000000e+01, 1.7513737522e+09
4.3385000000e+09, -4.4187244773e-01, 2.7249142528e-02, -7.0775772030e+00, -2.3568103847e+02, -5.0000000000e+01, 1.7513737522e+09
4.3400000000e+09, -4.1419726610e-01, 1.6100534797e-01, -7.0447226909e+00, -2.3599019063e+02, -5.0000000000e+01, 1.7513737522e+09
4.3415000000e+09, -3.4553611279e-01, 2.7709648013e-01, -7.0735043997e+00, -2.3629536693e+02, -5.0000000000e+01, 1.7513737522e+09
4.3430000000e+09, -2.4239115417e-01, 3.6570534110e-01, -7.1558310034e+00, -2.3660492130e+02, -5.0000000000e+01, 1.7513737522e+09
4.3445000000e+09, -1.1656635255e-01, 4.2859432101e-01, -7.0491516520e+00, -2.3692469490e+02, -5.0000000000e+01, 1.7513737522e+09
4.3460000000e+09, 1.7539264634e-02, 4.4449573755e-01, -7.0358912959e+00, -2.3722968368e+02, -5.0000000000e+01, 1.7513737522e+09
4.3475000000e+09, 1.5358565748e-01, 4.1598537564e-01, -7.0634494883e+00, -2.3754392957e+02, -5.0000000000e+01, 1.7513737522e+09
4.3490000000e+09, 2.7184668183e-01, 3.4968435764e-01, -7.0734578250e+00, -2.3785105676e+02, -5.0000000000e+01, 1.7513737522e+09
4.3505000000e+09, 3.6426341534e-01, 2.5167909265e-01, -7.0767701383e+00, -2.3815643159e+02, -5.0000000000e+01, 1.7513737522e+09
4.3520000000e+09, 4.2404869199e-01, 1.2630444765e-01, -7.0825362253e+00, -2.3847155517e+02, -5.0000000000e+01, 1.7513737522e+09
4.3535000000e+09, 4.4326695800e-01, -8.7466770783e-03, -7.0650021574e+00, -2.3878077141e+02, -5.0000000000e+01, 1.7513737522e+09
4.3550000000e+09, 4.1712716222e-01, -1.4311756194e-01, -7.1113017695e+00, -2.3909155897e+02, -5.0000000000e+01, 1.7513737522e+09
4.3565000000e+09, 3.5739213228e-01, -2.6320806146e-01, -7.0551697593e+00, -2.3939582625e+02, -5.0000000000e+01, 1.7513737522e+09
4.3580000000e+09, 2.5962141156e-01, -3.6172968149e-01, -7.0278321178e+00, -2.3970931672e+02, -5.0000000000e+01, 1.7513737522e+09
4.3595000000e+09, 1.3287565112e-01, -4.2047128081e-01, -7.1118750378e+00, -2.4002575316e+02, -5.0000000000e+01, 1.7513737522e+09
4.3610000000e+09, -1.5557965962e-03, -4.4665858149e-01, -7.0004336620e+00, -2.4033532118e+02, -5.0000000000e+01, 1.7513737522e+09
4.3625000000e+09, -1.3493925333e-01, -4.2229875922e-01, -7.0653834434e+00, -2.4064111912e+02, -5.0000000000e+01, 1.7513737522e+09
4.3640000000e+09, -2.5642207265e-01, -3.5650315881e-01, -7.1478760467e+00, -2.4095538020e+02, -5.0000000000e+01, 1.7513737522e+09
4.3655000000e+09, -3.5340341926e-01, -2.6754480600e-01, -7.0669447099e+00, -2.4125463512e+02, -5.0000000000e+01, 1.7513737522e+09
4.3670000000e+09, -4.1469252109e-01, -1.4712524414e-01, -7.1305937434e+00, -2.4156170617e+02, -5.0000000000e+01, 1.7513737522e+09
4.3685000000e+09, -4.4231089950e-01, -1.0582356714e-02, -7.0829619239e+00, -2.4187871374e+02, -5.0000000000e+01, 1.7513737522e+09
4.3700000000e+09, -4.2010527849e-01, 1.2668392062e-01, -7.1548521121e+00, -2.4219551509e+02, -5.0000000000e+01, 1.7513737522e+09
4.3715000000e+09, -3.6581081152e-01, 2.4518078566e-01, -7.1235238805e+00, -2.4249310622e+02, -5.0000000000e+01, 1.7513737522e+09
4.3730000000e+09, -2.7125120163e-01, 3.4761145711e-01, -7.1127930098e+00, -2.4281080002e+02, -5.0000000000e+01, 1.7513737522e+09
4.3745000000e+09, -1.5638723970e-01, 4.1305166483e-01, -7.0981252928e+00, -2.4311149511e+02, -5.0000000000e+01, 1.7513737522e+09
4.3760000000e+09, -1.9445799291e-02, 4.3956276774e-01, -7.1310908061e+00, -2.4342922052e+02, -5.0000000000e+01, 1.7513737522e+09
4.3775000000e+09, 1.1270733178e-01, 4.2998734117e-01, -7.0423051935e+00, -2.4372978138e+02, -5.0000000000e+01, 1.7513737522e+09
4.3790000000e+09, 2.4078671634e-01, 3.7073269486e-01, -7.0902882690e+00, -2.4404944639e+02, -5.0000000000e+01, 1.7513737522e+09
4.3805000000e+09, 3.4329798818e-01, 2.7948763967e-01, -7.0781738954e+00, -2.4436093209e+02, -5.0000000000e+01, 1.7513737522e+09
4.3820000000e+09, 4.0936440229e-01, 1.6334649920e-01, -7.1161372568e+00, -2.4466456168e+02, -5.0000000000e+01, 1.7513737522e+09
4.3835000000e+09, 4.4032227993e-01, 2.8100047260e-02, -7.1069355813e+00, -2.4498049640e+02, -5.0000000000e+01, 1.7513737522e+09
4.3850000000e+09, 4.2892372608e-01, -1.0721508414e-01, -7.0891847162e+00, -2.4528917087e+02, -5.0000000000e+01, 1.7513737522e+09
4.3865000000e+09, 3.7563356757e-01, -2.3117341101e-01, -7.1098724192e+00, -2.4559590956e+02, -5.0000000000e+01, 1.7513737522e+09
4.3880000000e+09, 2.8649482131e-01, -3.3755916357e-01, -7.0768749276e+00, -2.4591127005e+02, -5.0000000000e+01, 1.7513737522e+09
4.3895000000e+09, 1.7287676036e-01, -4.0724545717e-01, -7.0833098472e+00, -2.4621357403e+02, -5.0000000000e+01, 1.7513737522e+09
4.3910000000e+09, 3.6245502532e-02, -4.3807983398e-01, -7.1393066633e+00, -2.4653247412e+02, -5.0000000000e+01, 1.7513737522e+09
4.3925000000e+09, -9.7823686898e-02, -4.2952093482e-01, -7.1206910421e+00, -2.4683895434e+02, -5.0000000000e+01, 1.7513737522e+09
4.3940000000e+09, -2.2124892473e-01, -3.8217815757e-01, -7.0994037663e+00, -2.4713979534e+02, -5.0000000000e+01, 1.7513737522e+09
4.3955000000e+09, -3.2746839523e-01, -2.9383710027e-01, -7.1314895659e+00, -2.4745449874e+02, -5.0000000000e+01, 1.7513737522e+09
4.3970000000e+09, -3.9784756303e-01, -1.7950199544e-01, -7.2009669945e+00, -2.4776198249e+02, -5.0000000000e+01, 1.7513737522e+09
4.3985000000e+09, -4.3578436971e-01, -4.7574944794e-02, -7.1631126345e+00, -2.4807707943e+02, -5.0000000000e+01, 1.7513737522e+09
4.4000000000e+09, -4.2892470956e-01, 8.5212670267e-02, -7.1842670245e+00, -2.4838193198e+02, -5.0000000000e+01, 1.7513737522e+09
4.4015000000e+09, -3.8483670354e-01, 2.1361099184e-01, -7.1280548833e+00, -2.4869254639e+02, -5.0000000000e+01, 1.7513737522e+09
4.4030000000e+09, -3.0139493942e-01, 3.1922173500e-01, -7.1502493309e+00, -2.4899993423e+02, -5.0000000000e+01, 1.7513737522e+09
4.4045000000e+09, -1.8565170467e-01, 3.9313608408e-01, -7.2348641435e+00, -2.4931542793e+02, -5.0000000000e+01, 1.7513737522e+09
4.4060000000e+09, -5.6713648140e-02, 4.3900418282e-01, -7.0787443510e+00, -2.4962814049e+02, -5.0000000000e+01, 1.7513737522e+09
4.4075000000e+09, 7.5881004333e-02, 4.3328440189e-01, -7.1333406907e+00, -2.4992998755e+02, -5.0000000000e+01, 1.7513737522e+09
4.4090000000e+09, 2.0199842751e-01, 3.8940963149e-01, -7.1569737188e+00, -2.5023513499e+02, -5.0000000000e+01, 1.7513737522e+09
4.4105000000e+09, 3.1293979287e-01, 3.0748713017e-01, -7.1561518157e+00, -2.5055080246e+02, -5.0000000000e+01, 1.7513737522e+09
4.4120000000e+09, 3.9381614327e-01, 1.9632934034e-01, -7.1301307960e+00, -2.5086494101e+02, -5.0000000000e+01, 1.7513737522e+09
4.4135000000e+09, 4.3303215504e-01, 6.7958936095e-02, -7.1639291790e+00, -2.5117174461e+02, -5.0000000000e+01, 1.7513737522e+09
4.4150000000e+09, 4.3803381920e-01, -6.6531755030e-02, -7.0707947653e+00, -2.5147814745e+02, -5.0000000000e+01, 1.7513737522e+09
4.4165000000e+09, 3.9106428623e-01, -1.9624395668e-01, -7.1796058474e+00, -2.5179251499e+02, -5.0000000000e+01, 1.7513737522e+09
4.4180000000e+09, 3.1613376737e-01, -3.0407831073e-01, -7.1578550179e+00, -2.5209337526e+02, -5.0000000000e+01, 1.7513737522e+09
4.4195000000e+09, 2.0864950120e-01, -3.8882747292e-01, -7.1058627636e+00, -2.5240570214e+02, -5.0000000000e+01, 1.7513737522e+09
4.4210000000e+09, 7.7928066254e-02, -4.3020746112e-01, -7.1862287329e+00, -2.5271901103e+02, -5.0000000000e+01, 1.7513737522e+09
4.4225000000e+09, -5.9097476304e-02, -4.3417665362e-01, -7.1669452279e+00, -2.5303349114e+02, -5.0000000000e+01, 1.7513737522e+09
4.4240000000e+09, -1.8929935992e-01, -3.9592003822e-01, -7.1537320259e+00, -2.5334420377e+02, -5.0000000000e+01, 1.7513737522e+09
4.4255000000e+09, -3.0098980665e-01, -3.2010877132e-01, -7.1429759970e+00, -2.5365283400e+02, -5.0000000000e+01, 1.7513737522e+09
4.4270000000e+09, -3.8028004766e-01, -2.1124397218e-01, -7.2299410517e+00, -2.5396195209e+02, -5.0000000000e+01, 1.7513737522e+09
4.4285000000e+09, -4.2688563466e-01, -8.8338591158e-02, -7.2116628649e+00, -2.5426494782e+02, -5.0000000000e+01, 1.7513737522e+09
4.4300000000e+09, -4.3579161167e-01, 4.6143319458e-02, -7.1660030905e+00, -2.5457449579e+02, -5.0000000000e+01, 1.7513737522e+09
4.4315000000e+09, -3.9891240001e-01, 1.7722935975e-01, -7.2001076475e+00, -2.5488709311e+02, -5.0000000000e+01, 1.7513737522e+09
4.4330000000e+09, -3.2692939043e-01, 2.9198741913e-01, -7.1638339067e+00, -2.5519800632e+02, -5.0000000000e+01, 1.7513737522e+09
4.4345000000e+09, -2.2423459589e-01, 3.7671893835e-01, -7.1625042973e+00, -2.5550289615e+02, -5.0000000000e+01, 1.7513737522e+09
4.4360000000e+09, -9.8953768611e-02, 4.2584070563e-01, -7.1866624377e+00, -2.5581148053e+02, -5.0000000000e+01, 1.7513737522e+09
4.4375000000e+09, 3.8976460695e-02, 4.3460395932e-01, -7.2033358982e+00, -2.5612924469e+02, -5.0000000000e+01, 1.7513737522e+09
4.4390000000e+09, 1.7197874188e-01, 4.0441617370e-01, -7.1415221768e+00, -2.5644188525e+02, -5.0000000000e+01, 1.7513737522e+09
4.4405000000e+09, 2.8170624375e-01, 3.3286613226e-01, -7.2088478285e+00, -2.5674214623e+02, -5.0000000000e+01, 1.7513737522e+09
4.4420000000e+09, 3.7185275555e-01, 2.2982746363e-01, -7.1875036965e+00, -2.5705700412e+02, -5.0000000000e+01, 1.7513737522e+09
4.4435000000e+09, 4.2623561621e-01, 1.0900902003e-01, -7.1318490942e+00, -2.5736021616e+02, -5.0000000000e+01, 1.7513737522e+09
4.4450000000e+09, 4.4078490138e-01, -2.8177609667e-02, -7.0977543866e+00, -2.5767443672e+02, -5.0000000000e+01, 1.7513737522e+09
4.4465000000e+09, 4.0701404214e-01, -1.6382732987e-01, -7.1556966207e+00, -2.5799326612e+02, -5.0000000000e+01, 1.7513737522e+09
4.4480000000e+09, 3.4384280443e-01, -2.7436861396e-01, -7.1330554083e+00, -2.5828408595e+02, -5.0000000000e+01, 1.7513737522e+09
4.4495000000e+09, 2.4030935764e-01, -3.7000694871e-01, -7.1073727101e+00, -2.5860538958e+02, -5.0000000000e+01, 1.7513737522e+09
4.4510000000e+09, 1.1644509435e-01, -4.2347726226e-01, -7.1468476703e+00, -2.5891305219e+02, -5.0000000000e+01, 1.7513737522e+09
4.4525000000e+09, -1.8170101568e-02, -4.3891659379e-01, -7.1449235890e+00, -2.5922276792e+02, -5.0000000000e+01, 1.7513737522e+09
4.4540000000e+09, -1.5296886861e-01, -4.1357496381e-01, -7.1120606663e+00, -2.5953565927e+02, -5.0000000000e+01, 1.7513737522e+09
4.4555000000e+09, -2.6802852750e-01, -3.4487563372e-01, -7.1947058320e+00, -2.5984206105e+02, -5.0000000000e+01, 1.7513737522e+09
4.4570000000e+09, -3.6247909069e-01, -2.4487383664e-01, -7.1816180350e+00, -2.6015806077e+02, -5.0000000000e+01, 1.7513737522e+09
4.4585000000e+09, -4.1890865564e-01, -1.2271078676e-01, -7.2000837125e+00, -2.6046723252e+02, -5.0000000000e+01, 1.7513737522e+09
4.4600000000e+09, -4.3721517921e-01, 1.1447116733e-02, -7.1831193434e+00, -2.6077836615e+02, -5.0000000000e+01, 1.7513737522e+09
4.4615000000e+09, -4.1490584612e-01, 1.4220561087e-01, -7.1586424232e+00, -2.6108238446e+02, -5.0000000000e+01, 1.7513737522e+09
4.4630000000e+09, -3.4904995561e-01, 2.6338106394e-01, -7.1849971860e+00, -2.6139860690e+02, -5.0000000000e+01, 1.7513737522e+09
4.4645000000e+09, -2.5357222557e-01, 3.5682678223e-01, -7.1754958610e+00, -2.6170516119e+02, -5.0000000000e+01, 1.7513737522e+09
4.4660000000e+09, -1.3307711482e-01, 4.1457900405e-01, -7.2219541068e+00, -2.6201238279e+02, -5.0000000000e+01, 1.7513737522e+09
4.4675000000e+09, 1.4456501231e-03, 4.3410789967e-01, -7.2479980576e+00, -2.6232631673e+02, -5.0000000000e+01, 1.7513737522e+09
4.4690000000e+09, 1.3447239995e-01, 4.1278585792e-01, -7.2474626911e+00, -2.6263791290e+02, -5.0000000000e+01, 1.7513737522e+09
4.4705000000e+09, 2.5091952086e-01, 3.5531803966e-01, -7.2305243634e+00, -2.6293785009e+02, -5.0000000000e+01, 1.7513737522e+09
4.4720000000e+09, 3.4890082479e-01, 2.6382881403e-01, -7.1820006675e+00, -2.6324634380e+02, -5.0000000000e+01, 1.7513737522e+09
4.4735000000e+09, 4.0946051478e-01, 1.4244449139e-01, -7.2596149117e+00, -2.6355899499e+02, -5.0000000000e+01, 1.7513737522e+09
4.4750000000e+09, 4.3280994892e-01, 1.4345966279e-02, -7.2692864742e+00, -2.6386064892e+02, -5.0000000000e+01, 1.7513737522e+09
4.4765000000e+09, 4.1717213392e-01, -1.1884213239e-01, -7.2548183178e+00, -2.6417130693e+02, -5.0000000000e+01, 1.7513737522e+09
4.4780000000e+09, 3.6273413897e-01, -2.4075397849e-01, -7.2230248340e+00, -2.6447974287e+02, -5.0000000000e+01, 1.7513737522e+09
4.4795000000e+09, 2.7024087310e-01, -3.4230402112e-01, -7.2078452714e+00, -2.6479628827e+02, -5.0000000000e+01, 1.7513737522e+09
4.4810000000e+09, 1.5316006541e-01, -4.0927648544e-01, -7.1904566068e+00, -2.6510649124e+02, -5.0000000000e+01, 1.7513737522e+09
4.4825000000e+09, 1.9269328564e-02, -4.3539234996e-01, -7.2138858422e+00, -2.6542035070e+02, -5.0000000000e+01, 1.7513737522e+09
4.4840000000e+09, -1.1471349746e-01, -4.2215105891e-01, -7.1812454766e+00, -2.6572990808e+02, -5.0000000000e+01, 1.7513737522e+09
4.4855000000e+09, -2.3726662993e-01, -3.6842456460e-01, -7.1662613827e+00, -2.6603672727e+02, -5.0000000000e+01, 1.7513737522e+09
4.4870000000e+09, -3.3789759874e-01, -2.7571415901e-01, -7.2080527775e+00, -2.6635097264e+02, -5.0000000000e+01, 1.7513737522e+09
4.4885000000e+09, -4.0824565291e-01, -1.5975147486e-01, -7.1628040609e+00, -2.6666238109e+02, -5.0000000000e+01, 1.7513737522e+09
4.4900000000e+09, -4.3629351258e-01, -2.8232455254e-02, -7.1862774098e+00, -2.6697075587e+02, -5.0000000000e+01, 1.7513737522e+09
4.4915000000e+09, -4.2520901561e-01, 1.0775572807e-01, -7.1576332321e+00, -2.6728356881e+02, -5.0000000000e+01, 1.7513737522e+09
4.4930000000e+09, -3.7078419328e-01, 2.3177696764e-01, -7.1850874876e+00, -2.6759404633e+02, -5.0000000000e+01, 1.7513737522e+09
4.4945000000e+09, -2.8125777841e-01, 3.2858249545e-01, -7.2799029544e+00, -2.6789822033e+02, -5.0000000000e+01, 1.7513737522e+09
4.4960000000e+09, -1.6830123961e-01, 3.9993304014e-01, -7.2521485476e+00, -2.6820784404e+02, -5.0000000000e+01, 1.7513737522e+09
4.4975000000e+09, -3.4009758383e-02, 4.3029049039e-01, -7.2977183018e+00, -2.6852729679e+02, -5.0000000000e+01, 1.7513737522e+09
4.4990000000e+09, 9.4589352608e-02, 4.2287468910e-01, -7.2637345070e+00, -2.6882623125e+02, -5.0000000000e+01, 1.7513737522e+09
4.5005000000e+09, 2.1407634020e-01, 3.7274175882e-01, -7.3338006282e+00, -2.6912750162e+02, -5.0000000000e+01, 1.7513737522e+09
4.5020000000e+09, 3.2224261761e-01, 2.8665560484e-01, -7.3045964382e+00, -2.6944994856e+02, -5.0000000000e+01, 1.7513737522e+09
4.5035000000e+09, 3.9439108968e-01, 1.8077959120e-01, -7.2532132777e+00, -2.6974717029e+02, -5.0000000000e+01, 1.7513737522e+09
4.5050000000e+09, 4.3064019084e-01, 5.2011232823e-02, -7.2548159969e+00, -2.7005677384e+02, -5.0000000000e+01, 1.7513737522e+09
4.5065000000e+09, 4.2601013184e-01, -8.2904689014e-02, -7.2501634486e+00, -2.7036917316e+02, -5.0000000000e+01, 1.7513737522e+09
4.5080000000e+09, 3.8049200177e-01, -2.0738503337e-01, -7.2634438501e+00, -2.7067599877e+02, -5.0000000000e+01, 1.7513737522e+09
4.5095000000e+09, 2.9664915800e-01, -3.1839472055e-01, -7.2267524198e+00, -2.7099770777e+02, -5.0000000000e+01, 1.7513737522e+09
4.5110000000e+09, 1.8736861646e-01, -3.9300438762e-01, -7.2225456666e+00, -2.7130288150e+02, -5.0000000000e+01, 1.7513737522e+09
4.5125000000e+09, 5.7570591569e-02, -4.3096446991e-01, -7.2343538513e+00, -2.7161496528e+02, -5.0000000000e+01, 1.7513737522e+09
4.5140000000e+09, -7.6373137534e-02, -4.3267527223e-01, -7.1435100978e+00, -2.7192247860e+02, -5.0000000000e+01, 1.7513737522e+09
4.5155000000e+09, -2.0491580665e-01, -3.8353225589e-01, -7.2333722805e+00, -2.7223846304e+02, -5.0000000000e+01, 1.7513737522e+09
4.5170000000e+09, -3.0967506766e-01, -3.0502676964e-01, -7.2367614017e+00, -2.7254072443e+02, -5.0000000000e+01, 1.7513737522e+09
4.5185000000e+09, -3.8979968429e-01, -1.9699466229e-01, -7.1953388049e+00, -2.7285062323e+02, -5.0000000000e+01, 1.7513737522e+09
4.5200000000e+09, -4.2972981930e-01, -6.8305462599e-02, -7.2277287203e+00, -2.7316092977e+02, -5.0000000000e+01, 1.7513737522e+09
4.5215000000e+09, -4.2695504427e-01, 6.8202555180e-02, -7.2829265450e+00, -2.7347696433e+02, -5.0000000000e+01, 1.7513737522e+09
4.5230000000e+09, -3.8349139690e-01, 1.8973755837e-01, -7.3739232538e+00, -2.7377801053e+02, -5.0000000000e+01, 1.7513737522e+09
4.5245000000e+09, -3.0904629827e-01, 3.0303996801e-01, -7.2736290811e+00, -2.7409414646e+02, -5.0000000000e+01, 1.7513737522e+09
4.5260000000e+09, -1.9823233783e-01, 3.7987750769e-01, -7.3612027275e+00, -2.7440839671e+02, -5.0000000000e+01, 1.7513737522e+09
4.5275000000e+09, -7.2866410017e-02, 4.2645460367e-01, -7.2775669966e+00, -2.7472012589e+02, -5.0000000000e+01, 1.7513737522e+09
4.5290000000e+09, 5.8655306697e-02, 4.2634066939e-01, -7.3234304524e+00, -2.7502607739e+02, -5.0000000000e+01, 1.7513737522e+09
4.5305000000e+09, 1.8706622720e-01, 3.8812503219e-01, -7.3134057286e+00, -2.7533848040e+02, -5.0000000000e+01, 1.7513737522e+09
4.5320000000e+09, 2.9520431161e-01, 3.1252256036e-01, -7.3326058312e+00, -2.7564626630e+02, -5.0000000000e+01, 1.7513737522e+09
4.5335000000e+09, 3.7672725320e-01, 2.0668341219e-01, -7.3367078344e+00, -2.7595836368e+02, -5.0000000000e+01, 1.7513737522e+09
4.5350000000e+09, 4.2220410705e-01, 8.5929743946e-02, -7.3132790475e+00, -2.7625936936e+02, -5.0000000000e+01, 1.7513737522e+09
4.5365000000e+09, 4.2960226536e-01, -4.6350482851e-02, -7.2884062353e+00, -2.7656762939e+02, -5.0000000000e+01, 1.7513737522e+09
4.5380000000e+09, 3.9650300145e-01, -1.7699943483e-01, -7.2458859625e+00, -2.7688001069e+02, -5.0000000000e+01, 1.7513737522e+09
4.5395000000e+09, 3.2294580340e-01, -2.8802621365e-01, -7.2757100305e+00, -2.7718845964e+02, -5.0000000000e+01, 1.7513737522e+09
4.5410000000e+09, 2.2000993788e-01, -3.7461420894e-01, -7.2413563901e+00, -2.7749992288e+02, -5.0000000000e+01, 1.7513737522e+09
4.5425000000e+09, 9.3920402229e-02, -4.2600542307e-01, -7.2055741778e+00, -2.7781395355e+02, -5.0000000000e+01, 1.7513737522e+09
4.5440000000e+09, -3.7671923637e-02, -4.3245515227e-01, -7.2483466539e+00, -2.7811784224e+02, -5.0000000000e+01, 1.7513737522e+09
4.5455000000e+09, -1.7118951678e-01, -3.9938238263e-01, -7.2397008954e+00, -2.7843589586e+02, -5.0000000000e+01, 1.7513737522e+09
4.5470000000e+09, -2.8541842103e-01, -3.2901805639e-01, -7.2189476673e+00, -2.7874550801e+02, -5.0000000000e+01, 1.7513737522e+09
4.5485000000e+09, -3.7221410871e-01, -2.2260496020e-01, -7.2561972181e+00, -2.7906275715e+02, -5.0000000000e+01, 1.7513737522e+09
4.5500000000e+09, -4.2315262556e-01, -1.0341139883e-01, -7.2181349618e+00, -2.7936206084e+02, -5.0000000000e+01, 1.7513737522e+09
4.5515000000e+09, -4.3154734373e-01, 3.3308759332e-02, -7.2736349543e+00, -2.7967877793e+02, -5.0000000000e+01, 1.7513737522e+09
4.5530000000e+09, -4.0007409453e-01, 1.6392284632e-01, -7.2832103895e+00, -2.7999061328e+02, -5.0000000000e+01, 1.7513737522e+09
4.5545000000e+09, -3.3289939165e-01, 2.8090250492e-01, -7.2186806264e+00, -2.8030263329e+02, -5.0000000000e+01, 1.7513737522e+09
4.5560000000e+09, -2.3097297549e-01, 3.6232861876e-01, -7.3369645214e+00, -2.8060502748e+02, -5.0000000000e+01, 1.7513737522e+09
4.5575000000e+09, -1.0745777190e-01, 4.1881728172e-01, -7.2826271049e+00, -2.8092138584e+02, -5.0000000000e+01, 1.7513737522e+09
4.5590000000e+09, 2.3636501282e-02, 4.2818382382e-01, -7.3541810267e+00, -2.8122768829e+02, -5.0000000000e+01, 1.7513737522e+09
4.5605000000e+09, 1.5553300083e-01, 3.9972645044e-01, -7.3524886158e+00, -2.8154361593e+02, -5.0000000000e+01, 1.7513737522e+09
4.5620000000e+09, 2.6967331767e-01, 3.3536857367e-01, -7.3236891727e+00, -2.8184978469e+02, -5.0000000000e+01, 1.7513737522e+09
4.5635000000e+09, 3.5866871476e-01, 2.3722237349e-01, -7.3302151358e+00, -2.8215899340e+02, -5.0000000000e+01, 1.7513737522e+09
4.5650000000e+09, 4.0993535519e-01, 1.2037323415e-01, -7.3864977914e+00, -2.8245772747e+02, -5.0000000000e+01, 1.7513737522e+09
4.5665000000e+09, 4.3142405152e-01, -1.1572161689e-02, -7.2987893906e+00, -2.8277015557e+02, -5.0000000000e+01, 1.7513737522e+09
4.5680000000e+09, 4.0589731932e-01, -1.4279037714e-01, -7.3249569270e+00, -2.8308160688e+02, -5.0000000000e+01, 1.7513737522e+09
4.5695000000e+09, 3.4219789505e-01, -2.6275295019e-01, -7.3016376169e+00, -2.8339815959e+02, -5.0000000000e+01, 1.7513737522e+09
4.5710000000e+09, 2.4807354808e-01, -3.5553169250e-01, -7.2597322203e+00, -2.8370491837e+02, -5.0000000000e+01, 1.7513737522e+09
4.5725000000e+09, 1.2384849042e-01, -4.0937668085e-01, -7.3772048952e+00, -2.8402035940e+02, -5.0000000000e+01, 1.7513737522e+09
4.5740000000e+09, -6.1495383270e-03, -4.3436476588e-01, -7.2420378126e+00, -2.8432829175e+02, -5.0000000000e+01, 1.7513737522e+09
4.5755000000e+09, -1.4319786429e-01, -4.0932840109e-01, -7.2571426458e+00, -2.8465066398e+02, -5.0000000000e+01, 1.7513737522e+09
4.5770000000e+09, -2.6071506739e-01, -3.4743452072e-01, -7.2426701420e+00, -2.8495789258e+02, -5.0000000000e+01, 1.7513737522e+09
4.5785000000e+09, -3.5534125567e-01, -2.4918670952e-01, -7.2500803456e+00, -2.8527336019e+02, -5.0000000000e+01, 1.7513737522e+09
4.5800000000e+09, -4.1375735402e-01, -1.2349445373e-01, -7.2944686405e+00, -2.8559487828e+02, -5.0000000000e+01, 1.7513737522e+09
4.5815000000e+09, -4.2633903027e-01, 1.2028658763e-02, -7.4014424417e+00, -2.8591313783e+02, -5.0000000000e+01, 1.7513737522e+09
4.5830000000e+09, -4.0054887533e-01, 1.5488564968e-01, -7.3417086859e+00, -2.8625390569e+02, -5.0000000000e+01, 1.7513737522e+09
4.5845000000e+09, -3.1046995521e-01, 2.7795439959e-01, -7.6032460878e+00, -2.8661512710e+02, -5.0000000000e+01, 1.7513737522e+09
4.5860000000e+09, -2.2325518727e-01, 1.3491587341e-01, -1.1672026867e+01, -2.8642851581e+02, -5.0000000000e+01, 1.7513737522e+09
4.5875000000e+09, -1.8706154823e-01, 3.8472378254e-01, -7.3753844063e+00, -2.8700316242e+02, -5.0000000000e+01, 1.7513737522e+09
4.5890000000e+09, -3.8892757148e-02, 4.2734476924e-01, -7.3486082746e+00, -2.8736496758e+02, -5.0000000000e+01, 1.7513737522e+09
4.5905000000e+09, 9.9028483033e-02, 4.1850101948e-01, -7.3294626605e+00, -2.8768808070e+02, -5.0000000000e+01, 1.7513737522e+09
4.5920000000e+09, 2.2764354944e-01, 3.6167395115e-01, -7.3842875470e+00, -2.8801749672e+02, -5.0000000000e+01, 1.7513737522e+09
4.5935000000e+09, 3.2591256499e-01, 2.7390196919e-01, -7.4174285835e+00, -2.8832762075e+02, -5.0000000000e+01, 1.7513737522e+09
4.5950000000e+09, 3.9920300245e-01, 1.6231471300e-01, -7.3116680718e+00, -2.8864034372e+02, -5.0000000000e+01, 1.7513737522e+09
4.5965000000e+09, 4.3247929215e-01, 3.0331781134e-02, -7.2593836435e+00, -2.8895650414e+02, -5.0000000000e+01, 1.7513737522e+09
4.5980000000e+09, 4.1689386964e-01, -9.9320493638e-02, -7.3597345734e+00, -2.8926040362e+02, -5.0000000000e+01, 1.7513737522e+09
4.5995000000e+09, 3.6722543836e-01, -2.2398151457e-01, -7.3277606210e+00, -2.8957421254e+02, -5.0000000000e+01, 1.7513737522e+09
4.6010000000e+09, 2.7912691235e-01, -3.2567253709e-01, -7.3524252306e+00, -2.8988873132e+02, -5.0000000000e+01, 1.7513737522e+09
4.6025000000e+09, 1.6861306131e-01, -3.9902684093e-01, -7.2664498753e+00, -2.9019751773e+02, -5.0000000000e+01, 1.7513737522e+09
4.6040000000e+09, 3.5169418901e-02, -4.2700585723e-01, -7.3619618619e+00, -2.9051514309e+02, -5.0000000000e+01, 1.7513737522e+09
4.6055000000e+09, -9.4595164061e-02, -4.2259573937e-01, -7.2691673163e+00, -2.9081753353e+02, -5.0000000000e+01, 1.7513737522e+09
4.6070000000e+09, -2.1752545238e-01, -3.7146925926e-01, -7.3210880057e+00, -2.9112707051e+02, -5.0000000000e+01, 1.7513737522e+09
4.6085000000e+09, -3.2353562117e-01, -2.8536307812e-01, -7.3023639425e+00, -2.9144532781e+02, -5.0000000000e+01, 1.7513737522e+09
4.6100000000e+09, -3.9644417167e-01, -1.7737857997e-01, -7.2438660624e+00, -2.9174740725e+02, -5.0000000000e+01, 1.7513737522e+09
4.6115000000e+09, -4.3117579818e-01, -4.3770384043e-02, -7.2623870525e+00, -2.9206694934e+02, -5.0000000000e+01, 1.7513737522e+09
4.6130000000e+09, -4.2021644115e-01, 8.8708855212e-02, -7.3411870711e+00, -2.9237616494e+02, -5.0000000000e+01, 1.7513737522e+09
4.6145000000e+09, -3.7611252070e-01, 2.1717824042e-01, -7.2439610479e+00, -2.9269177453e+02, -5.0000000000e+01, 1.7513737522e+09
4.6160000000e+09, -2.8904962540e-01, 3.1756198406e-01, -7.3425015354e+00, -2.9300048304e+02, -5.0000000000e+01, 1.7513737522e+09
4.6175000000e+09, -1.8075783551e-01, 3.8883599639e-01, -7.3549661807e+00, -2.9330376308e+02, -5.0000000000e+01, 1.7513737522e+09
4.6190000000e+09, -5.0627294928e-02, 4.2320823669e-01, -7.4072076509e+00, -2.9361985153e+02, -5.0000000000e+01, 1.7513737522e+09
4.6205000000e+09, 7.9505942762e-02, 4.2063915730e-01, -7.3693588299e+00, -2.9392572153e+02, -5.0000000000e+01, 1.7513737522e+09
4.6220000000e+09, 2.0534373820e-01, 3.7382936478e-01, -7.4013281472e+00, -2.9424121723e+02, -5.0000000000e+01, 1.7513737522e+09
4.6235000000e+09, 3.1148338318e-01, 2.9409089685e-01, -7.3633706136e+00, -2.9455302403e+02, -5.0000000000e+01, 1.7513737522e+09
4.6250000000e+09, 3.8375744224e-01, 1.8644940853e-01, -7.3984950028e+00, -2.9485744397e+02, -5.0000000000e+01, 1.7513737522e+09
4.6265000000e+09, 4.2472970486e-01, 5.7773951441e-02, -7.3581247526e+00, -2.9517451398e+02, -5.0000000000e+01, 1.7513737522e+09
4.6280000000e+09, 4.2520716786e-01, -6.9240339100e-02, -7.3143288524e+00, -2.9547113167e+02, -5.0000000000e+01, 1.7513737522e+09
4.6295000000e+09, 3.8351771235e-01, -1.9701205194e-01, -7.3072158138e+00, -2.9578425482e+02, -5.0000000000e+01, 1.7513737522e+09
4.6310000000e+09, 3.0108824372e-01, -3.0264475942e-01, -7.3933727445e+00, -2.9609768575e+02, -5.0000000000e+01, 1.7513737522e+09
4.6325000000e+09, 1.9348566234e-01, -3.8300907612e-01, -7.3486918727e+00, -2.9641272870e+02, -5.0000000000e+01, 1.7513737522e+09
4.6340000000e+09, 7.3156096041e-02, -4.2578032613e-01, -7.2899364420e+00, -2.9671035064e+02, -5.0000000000e+01, 1.7513737522e+09
4.6355000000e+09, -6.6057235003e-02, -4.2636701465e-01, -7.3013138475e+00, -2.9703421415e+02, -5.0000000000e+01, 1.7513737522e+09
4.6370000000e+09, -1.9393575192e-01, -3.8383191824e-01, -7.3297380263e+00, -2.9734835425e+02, -5.0000000000e+01, 1.7513737522e+09
4.6385000000e+09, -2.9948276281e-01, -3.0749827623e-01, -7.3460401777e+00, -2.9765269915e+02, -5.0000000000e+01, 1.7513737522e+09
4.6400000000e+09, -3.8005852699e-01, -1.9921332598e-01, -7.3487442511e+00, -2.9796851000e+02, -5.0000000000e+01, 1.7513737522e+09
4.6415000000e+09, -4.2445227504e-01, -7.8211061657e-02, -7.2984145524e+00, -2.9826908255e+02, -5.0000000000e+01, 1.7513737522e+09
4.6430000000e+09, -4.2934092879e-01, 5.6081663817e-02, -7.2704786702e+00, -2.9858118938e+02, -5.0000000000e+01, 1.7513737522e+09
4.6445000000e+09, -3.8967457414e-01, 1.8409173191e-01, -7.3110381930e+00, -2.9889264678e+02, -5.0000000000e+01, 1.7513737522e+09
4.6460000000e+09, -3.1591454148e-01, 2.9821735621e-01, -7.2414619906e+00, -2.9920789164e+02, -5.0000000000e+01, 1.7513737522e+09
4.6475000000e+09, -2.0884476602e-01, 3.8050910831e-01, -7.2491145352e+00, -2.9952013382e+02, -5.0000000000e+01, 1.7513737522e+09
4.6490000000e+09, -8.1231124699e-02, 4.2190197110e-01, -7.3376884714e+00, -2.9983189042e+02, -5.0000000000e+01, 1.7513737522e+09
4.6505000000e+09, 5.0724942237e-02, 4.2261746526e-01, -7.4189324027e+00, -3.0014155264e+02, -5.0000000000e+01, 1.7513737522e+09
4.6520000000e+09, 1.7859946191e-01, 3.8975113630e-01, -7.3564571253e+00, -3.0045178335e+02, -5.0000000000e+01, 1.7513737522e+09
4.6535000000e+09, 2.8934034705e-01, 3.1889536977e-01, -7.3186194291e+00, -3.0075894337e+02, -5.0000000000e+01, 1.7513737522e+09
4.6550000000e+09, 3.7291869521e-01, 2.1497830749e-01, -7.3216202132e+00, -3.0106995266e+02, -5.0000000000e+01, 1.7513737522e+09
4.6565000000e+09, 4.1853624582e-01, 9.0468831360e-02, -7.3670203518e+00, -3.0138001458e+02, -5.0000000000e+01, 1.7513737522e+09
4.6580000000e+09, 4.2767363787e-01, -4.0103167296e-02, -7.3397301917e+00, -3.0168639184e+02, -5.0000000000e+01, 1.7513737522e+09
4.6595000000e+09, 3.9470100403e-01, -1.6765248775e-01, -7.3542715221e+00, -3.0199456057e+02, -5.0000000000e+01, 1.7513737522e+09
4.6610000000e+09, 3.2201603055e-01, -2.8222450614e-01, -7.3673093914e+00, -3.0231253408e+02, -5.0000000000e+01, 1.7513737522e+09
4.6625000000e+09, 2.2119280696e-01, -3.6779937148e-01, -7.3470416035e+00, -3.0262224626e+02, -5.0000000000e+01, 1.7513737522e+09
4.6640000000e+09, 9.7844138741e-02, -4.1750720143e-01, -7.3545195118e+00, -3.0293349217e+02, -5.0000000000e+01, 1.7513737522e+09
4.6655000000e+09, -3.1029259786e-02, -4.2973181605e-01, -7.3134657439e+00, -3.0323577208e+02, -5.0000000000e+01, 1.7513737522e+09
4.6670000000e+09, -1.6437657177e-01, -3.9770373702e-01, -7.3238734671e+00, -3.0355562219e+02, -5.0000000000e+01, 1.7513737522e+09
4.6685000000e+09, -2.7663618326e-01, -3.2980352640e-01, -7.3212939963e+00, -3.0386164155e+02, -5.0000000000e+01, 1.7513737522e+09
4.6700000000e+09, -3.6314228177e-01, -2.2553642094e-01, -7.3816877031e+00, -3.0417871985e+02, -5.0000000000e+01, 1.7513737522e+09
4.6715000000e+09, -4.1594731808e-01, -1.0383815318e-01, -7.3566740981e+00, -3.0448984518e+02, -5.0000000000e+01, 1.7513737522e+09
4.6730000000e+09, -4.2925512791e-01, 2.8737565502e-02, -7.3262687021e+00, -3.0480133517e+02, -5.0000000000e+01, 1.7513737522e+09
4.6745000000e+09, -3.9729890227e-01, 1.5544924140e-01, -7.3990264007e+00, -3.0510744119e+02, -5.0000000000e+01, 1.7513737522e+09
4.6760000000e+09, -3.3126211166e-01, 2.7355962992e-01, -7.3384016371e+00, -3.0542476933e+02, -5.0000000000e+01, 1.7513737522e+09
4.6775000000e+09, -2.3322615027e-01, 3.5913604498e-01, -7.3666428782e+00, -3.0572932414e+02, -5.0000000000e+01, 1.7513737522e+09
4.6790000000e+09, -1.1019013822e-01, 4.1119801998e-01, -7.4178026632e+00, -3.0604346174e+02, -5.0000000000e+01, 1.7513737522e+09
4.6805000000e+09, 1.8978323788e-02, 4.2555889487e-01, -7.4121777765e+00, -3.0634985043e+02, -5.0000000000e+01, 1.7513737522e+09
4.6820000000e+09, 1.5080960095e-01, 4.0098997951e-01, -7.3627755586e+00, -3.0666501246e+02, -5.0000000000e+01, 1.7513737522e+09
4.6835000000e+09, 2.6548069716e-01, 3.3621102572e-01, -7.3632167703e+00, -3.0697366647e+02, -5.0000000000e+01, 1.7513737522e+09
4.6850000000e+09, 3.5585692525e-01, 2.3800982535e-01, -7.3687822223e+00, -3.0728657729e+02, -5.0000000000e+01, 1.7513737522e+09
4.6865000000e+09, 4.1167765856e-01, 1.2003712356e-01, -7.3544801449e+00, -3.0759236548e+02, -5.0000000000e+01, 1.7513737522e+09
4.6880000000e+09, 4.2747095227e-01, -1.5573693439e-02, -7.3761072459e+00, -3.0791249611e+02, -5.0000000000e+01, 1.7513737522e+09
4.6895000000e+09, 4.0365055203e-01, -1.4402678609e-01, -7.3594407990e+00, -3.0821880927e+02, -5.0000000000e+01, 1.7513737522e+09
4.6910000000e+09, 3.3925536275e-01, -2.6052162051e-01, -7.3763028069e+00, -3.0853095285e+02, -5.0000000000e+01, 1.7513737522e+09
4.6925000000e+09, 2.4379266798e-01, -3.5080614686e-01, -7.3873756517e+00, -3.0883954785e+02, -5.0000000000e+01, 1.7513737522e+09
4.6940000000e+09, 1.2516620755e-01, -4.1008538008e-01, -7.3556802435e+00, -3.0915063762e+02, -5.0000000000e+01, 1.7513737522e+09
4.6955000000e+09, -8.7603265420e-03, -4.2822757363e-01, -7.3646903123e+00, -3.0946733070e+02, -5.0000000000e+01, 1.7513737522e+09
4.6970000000e+09, -1.3678121567e-01, -4.0314874053e-01, -7.4175071995e+00, -3.0977397138e+02, -5.0000000000e+01, 1.7513737522e+09
4.6985000000e+09, -2.5499278307e-01, -3.4350612760e-01, -7.3750671903e+00, -3.1008544661e+02, -5.0000000000e+01, 1.7513737522e+09
4.7000000000e+09, -3.4921628237e-01, -2.4784997106e-01, -7.3664419496e+00, -3.1040044501e+02, -5.0000000000e+01, 1.7513737522e+09

