#Frequency (Hz), S21re (), S21im (), S21dB (dB), S21Ph (rad), Power (dBm), Timestamp (s)
1.0000000000e+09, 4.9954831600e-01, 4.8745489121e-01, -3.1232767306e+00, 7.7314610629e-01, -5.0000000000e+01, 1.7513735899e+09
1.0080000000e+09, 4.4566404819e-01, -5.3162312508e-01, -3.1763865101e+00, -8.7312921235e-01, -5.0000000000e+01, 1.7513735899e+09
1.0160000000e+09, -5.6778621674e-01, -4.0286812186e-01, -3.1454139590e+00, -2.5244913825e+00, -5.0000000000e+01, 1.7513735899e+09
1.0240000000e+09, -3.5280701518e-01, 5.9988963604e-01, -3.1484933493e+00, -4.1807506690e+00, -5.0000000000e+01, 1.7513735899e+09
1.0320000000e+09, 6.1853766441e-01, 2.9768717289e-01, -3.2678873178e+00, -5.8346289974e+00, -5.0000000000e+01, 1.7513735899e+09
1.0400000000e+09, 2.5386041403e-01, -6.3445281982e-01, -3.3070591315e+00, -7.4733675307e+00, -5.0000000000e+01, 1.7513735899e+09
1.0480000000e+09, -6.5731251240e-01, -2.0866802335e-01, -3.2275625203e+00, -9.1173841024e+00, -5.0000000000e+01, 1.7513735899e+09
1.0560000000e+09, -1.5016210079e-01, 6.7738080025e-01, -3.1749986372e+00, -1.0777421650e+01, -5.0000000000e+01, 1.7513735899e+09
1.0640000000e+09, 6.7952877283e-01, 9.3797311187e-02, -3.2738749520e+00, -1.2429204501e+01, -5.0000000000e+01, 1.7513735899e+09
1.0720000000e+09, 3.9481174201e-02, -6.8714433909e-01, -3.2447268174e+00, -1.4079773157e+01, -5.0000000000e+01, 1.7513735899e+09
1.0800000000e+09, -6.9035273790e-01, 1.7109237611e-02, -3.2159122928e+00, -1.5732741523e+01, -5.0000000000e+01, 1.7513735899e+09
1.0880000000e+09, 7.7934578061e-02, 6.7790764570e-01, -3.3195664508e+00, -1.7393220514e+01, -5.0000000000e+01, 1.7513735899e+09
1.0960000000e+09, 6.6566658020e-01, -1.2712402642e-01, -3.3792954487e+00, -1.9038256339e+01, -5.0000000000e+01, 1.7513735899e+09
1.1040000000e+09, -1.7727126181e-01, -6.6407829523e-01, -3.2566705245e+00, -2.0681212904e+01, -5.0000000000e+01, 1.7513735899e+09
1.1120000000e+09, -6.4380264282e-01, 2.3178069294e-01, -3.2956475740e+00, -2.2336720301e+01, -5.0000000000e+01, 1.7513735899e+09
1.1200000000e+09, 2.8350543976e-01, 6.1649781465e-01, -3.3682234260e+00, -2.3992971775e+01, -5.0000000000e+01, 1.7513735899e+09
1.1280000000e+09, 5.9680724144e-01, -3.2544192672e-01, -3.3527217883e+00, -2.5631972629e+01, -5.0000000000e+01, 1.7513735899e+09
1.1360000000e+09, -3.7692451477e-01, -5.6617635488e-01, -3.3476831593e+00, -2.7290896227e+01, -5.0000000000e+01, 1.7513735899e+09
1.1440000000e+09, -5.3098851442e-01, 4.2393159866e-01, -3.3567135326e+00, -2.8948087376e+01, -5.0000000000e+01, 1.7513735899e+09
1.1520000000e+09, 4.6136066318e-01, 4.8608756065e-01, -3.4762331462e+00, -3.0604435880e+01, -5.0000000000e+01, 1.7513735899e+09
1.1600000000e+09, 4.5121985674e-01, -4.9182963371e-01, -3.5115643698e+00, -3.2244360302e+01, -5.0000000000e+01, 1.7513735899e+09
1.1680000000e+09, -5.3202122450e-01, -4.2314150929e-01, -3.3526842970e+00, -3.3885621861e+01, -5.0000000000e+01, 1.7513735899e+09
1.1760000000e+09, -3.6508506537e-01, 5.6294399500e-01, -3.4660121726e+00, -3.5552975637e+01, -5.0000000000e+01, 1.7513735899e+09
1.1840000000e+09, 5.8336818218e-01, 3.1944251061e-01, -3.5422223267e+00, -3.7198126173e+01, -5.0000000000e+01, 1.7513735899e+09
1.1920000000e+09, 2.7664738894e-01, -6.0880666971e-01, -3.4951827045e+00, -3.8843393555e+01, -5.0000000000e+01, 1.7513735899e+09
1.2000000000e+09, -6.3596242666e-01, -2.2447265685e-01, -3.4214499489e+00, -4.0501390448e+01, -5.0000000000e+01, 1.7513735899e+09
1.2080000000e+09, -1.6908502579e-01, 6.4463788271e-01, -3.5247253777e+00, -4.2154984676e+01, -5.0000000000e+01, 1.7513735899e+09
1.2160000000e+09, 6.4836579561e-01, 1.1610405892e-01, -3.6265203231e+00, -4.3805103384e+01, -5.0000000000e+01, 1.7513735899e+09
1.2240000000e+09, 6.8974435329e-02, -6.5926223993e-01, -3.5715559008e+00, -4.5448849060e+01, -5.0000000000e+01, 1.7513735899e+09
1.2320000000e+09, -6.6468954086e-01, -1.0032379068e-02, -3.5466338515e+00, -4.7108797619e+01, -5.0000000000e+01, 1.7513735899e+09
1.2400000000e+09, 4.6200461686e-02, 6.5527689457e-01, -3.6499676495e+00, -4.8765074902e+01, -5.0000000000e+01, 1.7513735899e+09
1.2480000000e+09, 6.4593750238e-01, -8.6488761008e-02, -3.7190182495e+00, -5.0398587264e+01, -5.0000000000e+01, 1.7513735899e+09
1.2560000000e+09, -1.3375118375e-01, -6.4821380377e-01, -3.5845597713e+00, -5.2039761146e+01, -5.0000000000e+01, 1.7513735899e+09
1.2640000000e+09, -6.3317149878e-01, 1.9690944254e-01, -3.5686380711e+00, -5.3708582921e+01, -5.0000000000e+01, 1.7513735899e+09
1.2720000000e+09, 2.4623805284e-01, 6.0973703861e-01, -3.6410182549e+00, -5.5361686375e+01, -5.0000000000e+01, 1.7513735899e+09
1.2800000000e+09, 5.8922886848e-01, -2.8706204891e-01, -3.6694049954e+00, -5.7002008972e+01, -5.0000000000e+01, 1.7513735899e+09
1.2880000000e+09, -3.3443310857e-01, -5.6465661526e-01, -3.6584267657e+00, -5.8654185539e+01, -5.0000000000e+01, 1.7513735899e+09
1.2960000000e+09, -5.3219282627e-01, 3.8618457317e-01, -3.6414672843e+00, -6.0317993117e+01, -5.0000000000e+01, 1.7513735899e+09
1.3040000000e+09, 4.1694548726e-01, 4.9271279573e-01, -3.8027089519e+00, -6.1963354670e+01, -5.0000000000e+01, 1.7513735899e+09
1.3120000000e+09, 4.6297347546e-01, -4.4429948926e-01, -3.8537011004e+00, -6.3596671596e+01, -5.0000000000e+01, 1.7513735899e+09
1.3200000000e+09, -4.9243530631e-01, -4.3613877893e-01, -3.6380350428e+00, -6.5248600301e+01, -5.0000000000e+01, 1.7513735899e+09
1.3280000000e+09, -3.8703435659e-01, 5.3001308441e-01, -3.6581558654e+00, -6.6913510698e+01, -5.0000000000e+01, 1.7513735899e+09
1.3360000000e+09, 5.5597013235e-01, 3.4286779165e-01, -3.6991694049e+00, -6.8562428562e+01, -5.0000000000e+01, 1.7513735899e+09
1.3440000000e+09, 2.9510900378e-01, -5.7306945324e-01, -3.8143114352e+00, -7.0210289251e+01, -5.0000000000e+01, 1.7513735899e+09
1.3520000000e+09, -6.0721564293e-01, -2.4718689919e-01, -3.6672126129e+00, -7.1870033950e+01, -5.0000000000e+01, 1.7513735899e+09
1.3600000000e+09, -1.9283622503e-01, 6.1384397745e-01, -3.8300989918e+00, -7.3523044236e+01, -5.0000000000e+01, 1.7513735899e+09
1.3680000000e+09, 6.1692780256e-01, 1.4539560676e-01, -3.9605514526e+00, -7.5166770387e+01, -5.0000000000e+01, 1.7513735899e+09
1.3760000000e+09, 1.1101709306e-01, -6.3469845056e-01, -3.8177725983e+00, -7.6795858636e+01, -5.0000000000e+01, 1.7513735899e+09
1.3840000000e+09, -6.4717024565e-01, -5.6322526187e-02, -3.7468594997e+00, -7.8453006149e+01, -5.0000000000e+01, 1.7513735899e+09
1.3920000000e+09, 4.2765154503e-03, 6.4750683308e-01, -3.7749234455e+00, -8.0117217158e+01, -5.0000000000e+01, 1.7513735899e+09
1.4000000000e+09, 6.4021456242e-01, -5.1557537168e-02, -3.8454144647e+00, -8.1761767229e+01, -5.0000000000e+01, 1.7513735899e+09
1.4080000000e+09, -1.0451733321e-01, -6.4057248831e-01, -3.7545288414e+00, -8.3413942498e+01, -5.0000000000e+01, 1.7513735899e+09
1.4160000000e+09, -6.2712079287e-01, 1.5883669257e-01, -3.7829459234e+00, -8.5071064286e+01, -5.0000000000e+01, 1.7513735899e+09
1.4240000000e+09, 2.1000139415e-01, 6.0166114569e-01, -3.9137051849e+00, -8.6729613730e+01, -5.0000000000e+01, 1.7513735899e+09
1.4320000000e+09, 5.8133375645e-01, -2.4495680630e-01, -4.0016846435e+00, -8.8363386586e+01, -5.0000000000e+01, 1.7513735899e+09
1.4400000000e+09, -2.9162654281e-01, -5.7273876667e-01, -3.8397031538e+00, -9.0006354430e+01, -5.0000000000e+01, 1.7513735899e+09
1.4480000000e+09, -5.4666525125e-01, 3.4462684393e-01, -3.7922852956e+00, -9.1668671867e+01, -5.0000000000e+01, 1.7513735899e+09
1.4560000000e+09, 3.8538199663e-01, 5.1064693928e-01, -3.8797992295e+00, -9.3323481557e+01, -5.0000000000e+01, 1.7513735899e+09
1.4640000000e+09, 4.8101961613e-01, -4.2326799035e-01, -3.8664911025e+00, -9.4969400162e+01, -5.0000000000e+01, 1.7513735899e+09
1.4720000000e+09, -4.6172931790e-01, -4.4813948870e-01, -3.8297556948e+00, -9.6618909019e+01, -5.0000000000e+01, 1.7513735899e+09
1.4800000000e+09, -4.0288743377e-01, 4.9529337883e-01, -3.8972979613e+00, -9.8277290957e+01, -5.0000000000e+01, 1.7513735899e+09
1.4880000000e+09, 5.1930761337e-01, 3.5417160392e-01, -4.0327327052e+00, -9.9932416904e+01, -5.0000000000e+01, 1.7513735899e+09
1.4960000000e+09, 3.2351374626e-01, -5.4991668463e-01, -3.9033143193e+00, -1.0156999213e+02, -5.0000000000e+01, 1.7513735899e+09
1.5040000000e+09, -5.7393229008e-01, -2.7755433321e-01, -3.9100924036e+00, -1.0322211487e+02, -5.0000000000e+01, 1.7513735899e+09
1.5120000000e+09, -2.2132661939e-01, 5.9438693523e-01, -3.9547015376e+00, -1.0488689872e+02, -5.0000000000e+01, 1.7513735899e+09
1.5200000000e+09, 6.0772782564e-01, 1.8126320839e-01, -3.9556931412e+00, -1.0652428704e+02, -5.0000000000e+01, 1.7513735899e+09
1.5280000000e+09, 1.2849152088e-01, -6.2478744984e-01, -3.9054494119e+00, -1.0818211813e+02, -5.0000000000e+01, 1.7513735899e+09
1.5360000000e+09, -6.2915146351e-01, -7.7881149948e-02, -3.9588519505e+00, -1.0983258181e+02, -5.0000000000e+01, 1.7513735899e+09
1.5440000000e+09, -2.4154527113e-02, 6.2611138821e-01, -4.0605090870e+00, -1.1148797968e+02, -5.0000000000e+01, 1.7513735899e+09
1.5520000000e+09, 6.2770670652e-01, -2.1314490586e-02, -4.0398600127e+00, -1.1313127862e+02, -5.0000000000e+01, 1.7513735899e+09
1.5600000000e+09, -6.9694578648e-02, -6.2554562092e-01, -4.0212427049e+00, -1.1477908832e+02, -5.0000000000e+01, 1.7513735899e+09
1.5680000000e+09, -6.1793315411e-01, 1.2301725149e-01, -4.0123725056e+00, -1.1643543760e+02, -5.0000000000e+01, 1.7513735899e+09
1.5760000000e+09, 1.7438854277e-01, 5.9609663486e-01, -4.1370243944e+00, -1.1809433324e+02, -5.0000000000e+01, 1.7513735899e+09
1.5840000000e+09, 5.8735817671e-01, -2.1487388015e-01, -4.0764510498e+00, -1.1973122888e+02, -5.0000000000e+01, 1.7513735899e+09
1.5920000000e+09, -2.6545995474e-01, -5.7119011879e-01, -4.0150808922e+00, -1.2138636832e+02, -5.0000000000e+01, 1.7513735899e+09
1.6000000000e+09, -5.4318547249e-01, 3.1348112226e-01, -4.0525300719e+00, -1.2304553668e+02, -5.0000000000e+01, 1.7513735899e+09
1.6080000000e+09, 3.5235247016e-01, 5.1170074940e-01, -4.1342403646e+00, -1.2469593754e+02, -5.0000000000e+01, 1.7513735899e+09
1.6160000000e+09, 4.8504820466e-01, -3.8803616166e-01, -4.1358844733e+00, -1.2633844407e+02, -5.0000000000e+01, 1.7513735899e+09
1.6240000000e+09, -4.3416425586e-01, -4.5328995585e-01, -4.0453642298e+00, -1.2799835277e+02, -5.0000000000e+01, 1.7513735899e+09
1.6320000000e+09, -4.0662071109e-01, 4.6529015899e-01, -4.1812388482e+00, -1.2965788404e+02, -5.0000000000e+01, 1.7513735899e+09
1.6400000000e+09, 4.8319187760e-01, 3.7037590146e-01, -4.3103283315e+00, -1.3129290154e+02, -5.0000000000e+01, 1.7513735899e+09
1.6480000000e+09, 3.4199404716e-01, -5.1927953958e-01, -4.1272560411e+00, -1.3293529524e+02, -5.0000000000e+01, 1.7513735899e+09
1.6560000000e+09, -5.4791390896e-01, -2.9039949179e-01, -4.1505676537e+00, -1.3460111823e+02, -5.0000000000e+01, 1.7513735899e+09
1.6640000000e+09, -2.4423594773e-01, 5.6624037027e-01, -4.1989725127e+00, -1.3625206122e+02, -5.0000000000e+01, 1.7513735899e+09
1.6720000000e+09, 5.8330971003e-01, 1.9968815148e-01, -4.2007290916e+00, -1.3790024544e+02, -5.0000000000e+01, 1.7513735899e+09
1.6800000000e+09, 1.5174265206e-01, -5.9962159395e-01, -4.1728694536e+00, -1.3955301272e+02, -5.0000000000e+01, 1.7513735899e+09
1.6880000000e+09, -6.0784381628e-01, -9.6935145557e-02, -4.2150917744e+00, -1.4121352729e+02, -5.0000000000e+01, 1.7513735899e+09
1.6960000000e+09, -4.6436544508e-02, 5.9870684147e-01, -4.4296676883e+00, -1.4286505930e+02, -5.0000000000e+01, 1.7513735899e+09
1.7040000000e+09, 6.0037523508e-01, 1.4701032080e-02, -4.4289414257e+00, -1.4448878055e+02, -5.0000000000e+01, 1.7513735899e+09
1.7120000000e+09, -3.1645704061e-02, -6.1102235317e-01, -4.2672243324e+00, -1.4613580356e+02, -5.0000000000e+01, 1.7513735899e+09
1.7200000000e+09, -6.0363292694e-01, 9.3581363559e-02, -4.2813961993e+00, -1.4780866056e+02, -5.0000000000e+01, 1.7513735899e+09
1.7280000000e+09, 1.3644368947e-01, 5.8829587698e-01, -4.3805361552e+00, -1.4945355206e+02, -5.0000000000e+01, 1.7513735899e+09
1.7360000000e+09, 5.8257550001e-01, -1.7841179669e-01, -4.3036280466e+00, -1.5109362514e+02, -5.0000000000e+01, 1.7513735899e+09
1.7440000000e+09, -2.3274613917e-01, -5.6490653753e-01, -4.2795345633e+00, -1.5275805894e+02, -5.0000000000e+01, 1.7513735899e+09
1.7520000000e+09, -5.2839058638e-01, 2.7938637137e-01, -4.4702368246e+00, -1.5442442200e+02, -5.0000000000e+01, 1.7513735899e+09
1.7600000000e+09, 3.0516597629e-01, 5.0221502781e-01, -4.6174530927e+00, -1.5605485462e+02, -5.0000000000e+01, 1.7513735899e+09
1.7680000000e+09, 4.9319556355e-01, -3.3812609315e-01, -4.4663756667e+00, -1.5768061658e+02, -5.0000000000e+01, 1.7513735899e+09
1.7760000000e+09, -3.8759413362e-01, -4.7214084864e-01, -4.2812098446e+00, -1.5933780192e+02, -5.0000000000e+01, 1.7513735899e+09
1.7840000000e+09, -4.2706951499e-01, 4.2421802878e-01, -4.4087256545e+00, -1.6100327389e+02, -5.0000000000e+01, 1.7513735899e+09
1.7920000000e+09, 4.5076751709e-01, 3.9205485582e-01, -4.4745544229e+00, -1.6264696943e+02, -5.0000000000e+01, 1.7513735899e+09
1.8000000000e+09, 3.6254519224e-01, -4.8843991756e-01, -4.3178352251e+00, -1.6429509081e+02, -5.0000000000e+01, 1.7513735899e+09
1.8080000000e+09, -5.2117997408e-01, -3.1208142638e-01, -4.3294611519e+00, -1.6596487557e+02, -5.0000000000e+01, 1.7513735899e+09
1.8160000000e+09, -2.6107737422e-01, 5.3160166740e-01, -4.5498779893e+00, -1.6761869286e+02, -5.0000000000e+01, 1.7513735899e+09
1.8240000000e+09, 5.4225027561e-01, 2.2920586169e-01, -4.6020817096e+00, -1.6924608759e+02, -5.0000000000e+01, 1.7513735899e+09
1.8320000000e+09, 1.9274418056e-01, -5.6644195318e-01, -4.4610871764e+00, -1.7088881757e+02, -5.0000000000e+01, 1.7513735899e+09
1.8400000000e+09, -5.8438378573e-01, -1.4361551404e-01, -4.4113570536e+00, -1.7254661611e+02, -5.0000000000e+01, 1.7513735899e+09
1.8480000000e+09, -9.0429052711e-02, 5.8969885111e-01, -4.4864498557e+00, -1.7420622976e+02, -5.0000000000e+01, 1.7513735899e+09
1.8560000000e+09, 5.9877055883e-01, 5.2003666759e-02, -4.4221551143e+00, -1.7584255525e+02, -5.0000000000e+01, 1.7513735899e+09
1.8640000000e+09, -2.7352320030e-03, -6.0366767645e-01, -4.3839523983e+00, -1.7750451592e+02, -5.0000000000e+01, 1.7513735899e+09
1.8720000000e+09, -5.9766590595e-01, 5.4157063365e-02, -4.4353162722e+00, -1.7916114874e+02, -5.0000000000e+01, 1.7513735899e+09
1.8800000000e+09, 9.8576247692e-02, 5.8718514442e-01, -4.5037926388e+00, -1.8080790591e+02, -5.0000000000e+01, 1.7513735899e+09
1.8880000000e+09, 5.7802021503e-01, -1.4324517548e-01, -4.5022875385e+00, -1.8245530009e+02, -5.0000000000e+01, 1.7513735899e+09
1.8960000000e+09, -1.9204540551e-01, -5.6917577982e-01, -4.4268230960e+00, -1.8410858498e+02, -5.0000000000e+01, 1.7513735899e+09
1.9040000000e+09, -5.4754763842e-01, 2.4138346314e-01, -4.4602673608e+00, -1.8576918089e+02, -5.0000000000e+01, 1.7513735899e+09
1.9120000000e+09, 2.7732661366e-01, 5.2442342043e-01, -4.5354374191e+00, -1.8741120131e+02, -5.0000000000e+01, 1.7513735899e+09
1.9200000000e+09, 5.0582277775e-01, -3.2004469633e-01, -4.4577102198e+00, -1.8905969146e+02, -5.0000000000e+01, 1.7513735899e+09
1.9280000000e+09, -3.6196631193e-01, -4.7239273787e-01, -4.5078269856e+00, -1.9072016963e+02, -5.0000000000e+01, 1.7513735899e+09
1.9360000000e+09, -4.3642872572e-01, 3.9448490739e-01, -4.6081298854e+00, -1.9237211369e+02, -5.0000000000e+01, 1.7513735899e+09
1.9440000000e+09, 4.2864629626e-01, 4.0712520480e-01, -4.5656701122e+00, -1.9401909064e+02, -5.0000000000e+01, 1.7513735899e+09
1.9520000000e+09, 3.7884742022e-01, -4.5912495256e-01, -4.5060299687e+00, -1.9565965096e+02, -5.0000000000e+01, 1.7513735899e+09
1.9600000000e+09, -4.8876288533e-01, -3.3587601781e-01, -4.5382533807e+00, -1.9731825612e+02, -5.0000000000e+01, 1.7513735899e+09
1.9680000000e+09, -2.8786543012e-01, 5.1122117043e-01, -4.6317198596e+00, -1.9897829314e+02, -5.0000000000e+01, 1.7513735899e+09
1.9760000000e+09, 5.3053051233e-01, 2.5149387121e-01, -4.6254386015e+00, -2.0061926323e+02, -5.0000000000e+01, 1.7513735899e+09
1.9840000000e+09, 2.1075464785e-01, -5.5536270142e-01, -4.5241572255e+00, -2.0227002478e+02, -5.0000000000e+01, 1.7513735899e+09
1.9920000000e+09, -5.6559652090e-01, -1.5720503032e-01, -4.6266853754e+00, -2.0393241990e+02, -5.0000000000e+01, 1.7513735899e+09
2.0000000000e+09, -1.1761034280e-01, 5.7488346100e-01, -4.6303373125e+00, -2.0557252217e+02, -5.0000000000e+01, 1.7513735899e+09
2.0080000000e+09, 5.8257645369e-01, 7.0601873100e-02, -4.6296214278e+00, -2.0722451423e+02, -5.0000000000e+01, 1.7513735899e+09
2.0160000000e+09, 1.9296044484e-02, -5.8479022980e-01, -4.6552719384e+00, -2.0888292691e+02, -5.0000000000e+01, 1.7513735899e+09
2.0240000000e+09, -5.8004111052e-01, 3.0087852851e-02, -4.7191546361e+00, -2.1053853327e+02, -5.0000000000e+01, 1.7513735899e+09
2.0320000000e+09, 6.8103343248e-02, 5.6891798973e-01, -4.8372151831e+00, -2.1217664398e+02, -5.0000000000e+01, 1.7513735899e+09
2.0400000000e+09, 5.7075625658e-01, -1.1127810925e-01, -4.7089635945e+00, -2.1382085104e+02, -5.0000000000e+01, 1.7513735899e+09
2.0480000000e+09, -1.6230437159e-01, -5.5843359232e-01, -4.7083822883e+00, -2.1548194648e+02, -5.0000000000e+01, 1.7513735899e+09
2.0560000000e+09, -5.3874343634e-01, 2.0381477475e-01, -4.7914331436e+00, -2.1713156698e+02, -5.0000000000e+01, 1.7513735899e+09
2.0640000000e+09, 2.4200600386e-01, 5.1949685812e-01, -4.8353881086e+00, -2.1877664321e+02, -5.0000000000e+01, 1.7513735899e+09
2.0720000000e+09, 5.0323748589e-01, -2.8736403584e-01, -4.7388561056e+00, -2.2043033185e+02, -5.0000000000e+01, 1.7513735899e+09
2.0800000000e+09, -3.3413144946e-01, -4.6961471438e-01, -4.7862415874e+00, -2.2210068536e+02, -5.0000000000e+01, 1.7513735899e+09
2.0880000000e+09, -4.3299609423e-01, 3.6106428504e-01, -4.9777363663e+00, -2.2374813581e+02, -5.0000000000e+01, 1.7513735899e+09
2.0960000000e+09, 3.7686195970e-01, 4.1185361147e-01, -5.0633519048e+00, -2.2536493661e+02, -5.0000000000e+01, 1.7513735899e+09
2.1040000000e+09, 3.9100277424e-01, -4.2202466726e-01, -4.8018776544e+00, -2.2701820674e+02, -5.0000000000e+01, 1.7513735899e+09
2.1120000000e+09, -4.5218551159e-01, -3.4594264626e-01, -4.8925658480e+00, -2.2868320260e+02, -5.0000000000e+01, 1.7513735899e+09
2.1200000000e+09, -3.0815601349e-01, 4.7183212638e-01, -4.9813908257e+00, -2.3032850500e+02, -5.0000000000e+01, 1.7513735899e+09
2.1280000000e+09, 4.9909177423e-01, 2.7493596077e-01, -4.8854127704e+00, -2.3197434349e+02, -5.0000000000e+01, 1.7513735899e+09
2.1360000000e+09, 2.3125557601e-01, -5.2417433262e-01, -4.8381131106e+00, -2.3363315709e+02, -5.0000000000e+01, 1.7513735899e+09
2.1440000000e+09, -5.3116273880e-01, -1.7807121575e-01, -5.0328725877e+00, -2.3529597631e+02, -5.0000000000e+01, 1.7513735899e+09
2.1520000000e+09, -1.3725899160e-01, 5.3114467859e-01, -5.2149886939e+00, -2.3693735678e+02, -5.0000000000e+01, 1.7513735899e+09
2.1600000000e+09, 5.4097372294e-01, 1.0778803378e-01, -5.1673968206e+00, -2.3856436911e+02, -5.0000000000e+01, 1.7513735899e+09
2.1680000000e+09, 6.6650174558e-02, -5.5753058195e-01, -5.0130000278e+00, -2.4021285732e+02, -5.0000000000e+01, 1.7513735899e+09
2.1760000000e+09, -5.6003838778e-01, -1.5532969497e-02, -5.0323044948e+00, -2.4187490589e+02, -5.0000000000e+01, 1.7513735899e+09
2.1840000000e+09, 2.3178894073e-02, 5.5705738068e-01, -5.0744886774e+00, -2.4351501619e+02, -5.0000000000e+01, 1.7513735899e+09
2.1920000000e+09, 5.6457781792e-01, -6.1541419476e-02, -4.9142253308e+00, -2.4515280262e+02, -5.0000000000e+01, 1.7513735899e+09
2.2000000000e+09, -1.1863321811e-01, -5.5436742306e-01, -4.9295807301e+00, -2.4682584102e+02, -5.0000000000e+01, 1.7513735899e+09
2.2080000000e+09, -5.3769618273e-01, 1.6460700333e-01, -5.0002075959e+00, -2.4848289427e+02, -5.0000000000e+01, 1.7513735899e+09
2.2160000000e+09, 1.9732262194e-01, 5.1650708914e-01, -5.1468212933e+00, -2.5012153803e+02, -5.0000000000e+01, 1.7513735899e+09
2.2240000000e+09, 5.0470548868e-01, -2.3430138826e-01, -5.0916430183e+00, -2.5176203986e+02, -5.0000000000e+01, 1.7513735899e+09
2.2320000000e+09, -2.7716284990e-01, -4.8684719205e-01, -5.0329248843e+00, -2.5341574979e+02, -5.0000000000e+01, 1.7513735899e+09
2.2400000000e+09, -4.6507808566e-01, 3.1243467331e-01, -5.0319062825e+00, -2.5506054589e+02, -5.0000000000e+01, 1.7513735899e+09
2.2480000000e+09, 3.4865090251e-01, 4.3959584832e-01, -5.0196257001e+00, -2.5671033109e+02, -5.0000000000e+01, 1.7513735899e+09
2.2560000000e+09, 4.1109925509e-01, -3.8686701655e-01, -4.9666061037e+00, -2.5836563759e+02, -5.0000000000e+01, 1.7513735899e+09
2.2640000000e+09, -4.2657259107e-01, -3.7414610386e-01, -4.9221226868e+00, -2.6003217305e+02, -5.0000000000e+01, 1.7513735899e+09
2.2720000000e+09, -3.3847635984e-01, 4.5087593794e-01, -4.9777046396e+00, -2.6167903224e+02, -5.0000000000e+01, 1.7513735899e+09
2.2800000000e+09, 4.6989923716e-01, 3.0028229952e-01, -5.0727486918e+00, -2.6332515424e+02, -5.0000000000e+01, 1.7513735899e+09
2.2880000000e+09, 2.6365733147e-01, -4.9567702413e-01, -5.0139877207e+00, -2.6497572791e+02, -5.0000000000e+01, 1.7513735899e+09
2.2960000000e+09, -5.1359546185e-01, -2.2080288827e-01, -5.0510243242e+00, -2.6662934842e+02, -5.0000000000e+01, 1.7513735899e+09
2.3040000000e+09, -1.8465863168e-01, 5.2806216478e-01, -5.0452718106e+00, -2.6826977229e+02, -5.0000000000e+01, 1.7513735899e+09
2.3120000000e+09, 5.4362171888e-01, 1.4614738524e-01, -4.9910019360e+00, -2.6991433766e+02, -5.0000000000e+01, 1.7513735899e+09
2.3200000000e+09, 9.1798551381e-02, -5.5448073149e-01, -5.0048356868e+00, -2.7158369505e+02, -5.0000000000e+01, 1.7513735899e+09
2.3280000000e+09, -5.5911254883e-01, -4.9767337739e-02, -5.0157415955e+00, -2.7322978353e+02, -5.0000000000e+01, 1.7513735899e+09
2.3360000000e+09, -7.0354067720e-03, 5.6199938059e-01, -5.0046027165e+00, -2.7487683931e+02, -5.0000000000e+01, 1.7513735899e+09
2.3440000000e+09, 5.5812937021e-01, -4.2905170470e-02, -5.0397134384e+00, -2.7653687579e+02, -5.0000000000e+01, 1.7513735899e+09
2.3520000000e+09, -8.8418655098e-02, -5.5136591196e-01, -5.0609293048e+00, -2.7818995896e+02, -5.0000000000e+01, 1.7513735899e+09
2.3600000000e+09, -5.4334610701e-01, 1.3140848279e-01, -5.0515945459e+00, -2.7983904005e+02, -5.0000000000e+01, 1.7513735899e+09
2.3680000000e+09, 1.6977383196e-01, 5.3418529034e-01, -5.0282550317e+00, -2.8148026509e+02, -5.0000000000e+01, 1.7513735899e+09
2.3760000000e+09, 5.1371508837e-01, -2.1619918942e-01, -5.0773523862e+00, -2.8314169277e+02, -5.0000000000e+01, 1.7513735899e+09
2.3840000000e+09, -2.5355419517e-01, -4.9391549826e-01, -5.1110783485e+00, -2.8478840992e+02, -5.0000000000e+01, 1.7513735899e+09
2.3920000000e+09, -4.7551861405e-01, 2.8895792365e-01, -5.0917852055e+00, -2.8643097088e+02, -5.0000000000e+01, 1.7513735899e+09
2.4000000000e+09, 3.3202478290e-01, 4.4564312697e-01, -5.1026891278e+00, -2.8809605103e+02, -5.0000000000e+01, 1.7513735899e+09
2.4080000000e+09, 4.2092290521e-01, -3.6886885762e-01, -5.0412233237e+00, -2.8974610891e+02, -5.0000000000e+01, 1.7513735899e+09
2.4160000000e+09, -3.9685305953e-01, -3.8213276863e-01, -5.1781582904e+00, -2.9140161311e+02, -5.0000000000e+01, 1.7513735899e+09
2.4240000000e+09, -3.5286292434e-01, 4.2104306817e-01, -5.2029586206e+00, -2.9304138682e+02, -5.0000000000e+01, 1.7513735899e+09
2.4320000000e+09, 4.4989418984e-01, 3.2108026743e-01, -5.1499259503e+00, -2.9468986147e+02, -5.0000000000e+01, 1.7513735899e+09
2.4400000000e+09, 2.8369921446e-01, -4.7536766529e-01, -5.1362668247e+00, -2.9634244285e+02, -5.0000000000e+01, 1.7513735899e+09
2.4480000000e+09, -4.9400615692e-01, -2.4254131317e-01, -5.1874607736e+00, -2.9799490599e+02, -5.0000000000e+01, 1.7513735899e+09
2.4560000000e+09, -2.0417192578e-01, 5.1692342758e-01, -5.1018770809e+00, -2.9964593127e+02, -5.0000000000e+01, 1.7513735899e+09
2.4640000000e+09, 5.2742767334e-01, 1.5968962014e-01, -5.1758277188e+00, -3.0129889801e+02, -5.0000000000e+01, 1.7513735899e+09
2.4720000000e+09, 1.1502806097e-01, -5.4082375765e-01, -5.1467360395e+00, -3.0295412344e+02, -5.0000000000e+01, 1.7513735899e+09
2.4800000000e+09, -5.3952139616e-01, -7.0005409419e-02, -5.2873162664e+00, -3.0460545368e+02, -5.0000000000e+01, 1.7513735899e+09
2.4880000000e+09, -2.8767330572e-02, 5.3999674320e-01, -5.3398692423e+00, -3.0625206088e+02, -5.0000000000e+01, 1.7513735899e+09
2.4960000000e+09, 5.4601889849e-01, -1.1441213079e-02, -5.2539400933e+00, -3.0789703086e+02, -5.0000000000e+01, 1.7513735899e+09
2.5040000000e+09, -5.4589308798e-02, -5.3987395763e-01, -5.3099746396e+00, -3.0954764878e+02, -5.0000000000e+01, 1.7513735899e+09
2.5120000000e+09, -5.3719812632e-01, 9.6249178052e-02, -5.2600861995e+00, -3.1119496047e+02, -5.0000000000e+01, 1.7513735899e+09
2.5200000000e+09, 1.4140100777e-01, 5.3021055460e-01, -5.2126403680e+00, -3.1284909172e+02, -5.0000000000e+01, 1.7513735899e+09
2.5280000000e+09, 5.1419156790e-01, -1.8793468177e-01, -5.2329526962e+00, -3.1450967735e+02, -5.0000000000e+01, 1.7513735899e+09
2.5360000000e+09, -2.2423948348e-01, -4.9677720666e-01, -5.2713983102e+00, -3.1615406963e+02, -5.0000000000e+01, 1.7513735899e+09
2.5440000000e+09, -4.6963661909e-01, 2.6447135210e-01, -5.3684840649e+00, -3.1781373381e+02, -5.0000000000e+01, 1.7513735899e+09
2.5520000000e+09, 2.9390954971e-01, 4.4763267040e-01, -5.4248471318e+00, -3.1945264583e+02, -5.0000000000e+01, 1.7513735899e+09
2.5600000000e+09, 4.2098906636e-01, -3.3032840490e-01, -5.4310486143e+00, -3.2110776054e+02, -5.0000000000e+01, 1.7513735899e+09
2.5680000000e+09, -3.5784494877e-01, -3.9862185717e-01, -5.4219015012e+00, -3.2274479285e+02, -5.0000000000e+01, 1.7513735899e+09
2.5760000000e+09, -3.7318122387e-01, 3.8983526826e-01, -5.3575529700e+00, -3.2439126460e+02, -5.0000000000e+01, 1.7513735899e+09
2.5840000000e+09, 4.2240190506e-01, 3.4097412229e-01, -5.3063943294e+00, -3.2604650398e+02, -5.0000000000e+01, 1.7513735899e+09
2.5920000000e+09, 3.0553945899e-01, -4.5553451776e-01, -5.2162680431e+00, -3.2770562372e+02, -5.0000000000e+01, 1.7513735899e+09
2.6000000000e+09, -4.7112384438e-01, -2.6727858186e-01, -5.3254652624e+00, -3.2935118426e+02, -5.0000000000e+01, 1.7513735899e+09
2.6080000000e+09, -2.2794903815e-01, 4.9445205927e-01, -5.2805791706e+00, -3.3100605010e+02, -5.0000000000e+01, 1.7513735899e+09
2.6160000000e+09, 5.0420600176e-01, 1.8334916234e-01, -5.4084793734e+00, -3.3266004761e+02, -5.0000000000e+01, 1.7513735899e+09
2.6240000000e+09, 1.4254501462e-01, -5.1431828737e-01, -5.4539539121e+00, -3.3430925059e+02, -5.0000000000e+01, 1.7513735899e+09
2.6320000000e+09, -5.1970946789e-01, -1.0646434873e-01, -5.5062561474e+00, -3.3594835585e+02, -5.0000000000e+01, 1.7513735899e+09
2.6400000000e+09, -6.9227084517e-02, 5.3562301397e-01, -5.3508679393e+00, -3.3759267688e+02, -5.0000000000e+01, 1.7513735899e+09
2.6480000000e+09, 5.3776943684e-01, 1.9393097609e-02, -5.3824334517e+00, -3.3925596010e+02, -5.0000000000e+01, 1.7513735899e+09
2.6560000000e+09, -2.0668549463e-02, -5.3815495968e-01, -5.3754517380e+00, -3.4090119036e+02, -5.0000000000e+01, 1.7513735899e+09
2.6640000000e+09, -5.3347289562e-01, 6.3213229179e-02, -5.3971986146e+00, -3.4255154308e+02, -5.0000000000e+01, 1.7513735899e+09
2.6720000000e+09, 1.1402257532e-01, 5.2995496988e-01, -5.3186925368e+00, -3.4421632008e+02, -5.0000000000e+01, 1.7513735899e+09
2.6800000000e+09, 5.1052457094e-01, -1.5651090443e-01, -5.4495556165e+00, -3.4587266416e+02, -5.0000000000e+01, 1.7513735899e+09
2.6880000000e+09, -1.8961723149e-01, -4.9335452914e-01, -5.5384606041e+00, -3.4751292452e+02, -5.0000000000e+01, 1.7513735899e+09
2.6960000000e+09, -4.8410916328e-01, 2.2754034400e-01, -5.4342705796e+00, -3.4915616073e+02, -5.0000000000e+01, 1.7513735899e+09
2.7040000000e+09, 2.6462039351e-01, 4.6571543813e-01, -5.4224701559e+00, -3.5080429119e+02, -5.0000000000e+01, 1.7513735899e+09
2.7120000000e+09, 4.4046440721e-01, -3.0308908224e-01, -5.4382855345e+00, -3.5246108037e+02, -5.0000000000e+01, 1.7513735899e+09
2.7200000000e+09, -3.3699375391e-01, -4.1633030772e-01, -5.4227593776e+00, -3.5410964318e+02, -5.0000000000e+01, 1.7513735899e+09
2.7280000000e+09, -3.8477879763e-01, 3.6887255311e-01, -5.4649562062e+00, -3.5576426558e+02, -5.0000000000e+01, 1.7513735899e+09
2.7360000000e+09, 3.9726987481e-01, 3.5658487678e-01, -5.4519151897e+00, -3.5741008132e+02, -5.0000000000e+01, 1.7513735899e+09
2.7440000000e+09, 3.2264247537e-01, -4.2022776604e-01, -5.5177376771e+00, -3.5905757530e+02, -5.0000000000e+01, 1.7513735899e+09
2.7520000000e+09, -4.4473943114e-01, -2.8457713127e-01, -5.5474258424e+00, -3.6071393147e+02, -5.0000000000e+01, 1.7513735899e+09
2.7600000000e+09, -2.5036957860e-01, 4.7002059221e-01, -5.4728721472e+00, -3.6236450459e+02, -5.0000000000e+01, 1.7513735899e+09
2.7680000000e+09, 4.8832765222e-01, 2.1005940437e-01, -5.4884497904e+00, -3.6401851407e+02, -5.0000000000e+01, 1.7513735899e+09
2.7760000000e+09, 1.6611635685e-01, -5.0116378069e-01, -5.5476988832e+00, -3.6567547944e+02, -5.0000000000e+01, 1.7513735899e+09
2.7840000000e+09, -5.1582401991e-01, -1.2790206075e-01, -5.4908401245e+00, -3.6732328576e+02, -5.0000000000e+01, 1.7513735899e+09
2.7920000000e+09, -8.9369662106e-02, 5.2367448807e-01, -5.4940927950e+00, -3.6896810641e+02, -5.0000000000e+01, 1.7513735899e+09
2.8000000000e+09, 5.2561545372e-01, 4.3310370296e-02, -5.5572500566e+00, -3.7062571951e+02, -5.0000000000e+01, 1.7513735899e+09
2.8080000000e+09, 2.8956655879e-03, -5.2993959188e-01, -5.5153429963e+00, -3.7227326536e+02, -5.0000000000e+01, 1.7513735899e+09
2.8160000000e+09, -5.2822363377e-01, 3.6875296384e-02, -5.5225297672e+00, -3.7391922271e+02, -5.0000000000e+01, 1.7513735899e+09
2.8240000000e+09, 7.8597508371e-02, 5.2130019665e-01, -5.5606228595e+00, -3.7556996704e+02, -5.0000000000e+01, 1.7513735899e+09
2.8320000000e+09, 5.0952178240e-01, -1.2454097718e-01, -5.6047325664e+00, -3.7723084526e+02, -5.0000000000e+01, 1.7513735899e+09
2.8400000000e+09, -1.6178804636e-01, -4.9852699041e-01, -5.6113417547e+00, -3.7887572346e+02, -5.0000000000e+01, 1.7513735899e+09
2.8480000000e+09, -4.8631837964e-01, 2.0349580049e-01, -5.5608628207e+00, -3.8052901355e+02, -5.0000000000e+01, 1.7513735899e+09
2.8560000000e+09, 2.4036540091e-01, 4.6240189671e-01, -5.6608456180e+00, -3.8218288440e+02, -5.0000000000e+01, 1.7513735899e+09
2.8640000000e+09, 4.4314238429e-01, -2.7510094643e-01, -5.6534216495e+00, -3.8382987412e+02, -5.0000000000e+01, 1.7513735899e+09
2.8720000000e+09, -3.1102606654e-01, -4.2169120908e-01, -5.6136164259e+00, -3.8548059729e+02, -5.0000000000e+01, 1.7513735899e+09
2.8800000000e+09, -3.9531433582e-01, 3.4302127361e-01, -5.6234927575e+00, -3.8713058703e+02, -5.0000000000e+01, 1.7513735899e+09
2.8880000000e+09, 3.7811040878e-01, 3.5831552744e-01, -5.6645817304e+00, -3.8879896407e+02, -5.0000000000e+01, 1.7513735899e+09
2.8960000000e+09, 3.2835108042e-01, -3.9757722616e-01, -5.7531092786e+00, -3.9043796194e+02, -5.0000000000e+01, 1.7513735899e+09
2.9040000000e+09, -4.2474153638e-01, -3.0355429649e-01, -5.6455288363e+00, -3.9207857116e+02, -5.0000000000e+01, 1.7513735899e+09
2.9120000000e+09, -2.6419648528e-01, 4.4985604286e-01, -5.6515936034e+00, -3.9373885566e+02, -5.0000000000e+01, 1.7513735899e+09
2.9200000000e+09, 4.6365010738e-01, 2.2436653078e-01, -5.7624349578e+00, -3.9538997859e+02, -5.0000000000e+01, 1.7513735899e+09
2.9280000000e+09, 1.8796738982e-01, -4.7785639763e-01, -5.7892531945e+00, -3.9703670551e+02, -5.0000000000e+01, 1.7513735899e+09
2.9360000000e+09, -4.9234268069e-01, -1.4955985546e-01, -5.7713210113e+00, -3.9868735339e+02, -5.0000000000e+01, 1.7513735899e+09
2.9440000000e+09, -1.0458610207e-01, 5.0516802072e-01, -5.7490129992e+00, -4.0034891517e+02, -5.0000000000e+01, 1.7513735899e+09
2.9520000000e+09, 5.0143915415e-01, 5.9109423310e-02, -5.9357028196e+00, -4.0200652160e+02, -5.0000000000e+01, 1.7513735899e+09
2.9600000000e+09, 3.4145720303e-02, -4.9890476465e-01, -6.0193511590e+00, -4.0362632119e+02, -5.0000000000e+01, 1.7513735899e+09
2.9680000000e+09, -5.1102620363e-01, 4.6131771524e-04, -5.8311330648e+00, -4.0526635504e+02, -5.0000000000e+01, 1.7513735899e+09
2.9760000000e+09, 5.1377996802e-02, 5.1159524918e-01, -5.7778881867e+00, -4.0693634009e+02, -5.0000000000e+01, 1.7513735899e+09
2.9840000000e+09, 5.0144928694e-01, -9.3014188111e-02, -5.8485459432e+00, -4.0859045117e+02, -5.0000000000e+01, 1.7513735899e+09
2.9920000000e+09, -1.2799453735e-01, -4.9127346277e-01, -5.8883129076e+00, -4.1023271157e+02, -5.0000000000e+01, 1.7513735899e+09
3.0000000000e+09, -4.7944489121e-01, 1.6960617900e-01, -5.8731495488e+00, -4.1188865401e+02, -5.0000000000e+01, 1.7513735899e+09
3.0080000000e+09, 2.1474166215e-01, 4.5666846633e-01, -5.9403914656e+00, -4.1355898760e+02, -5.0000000000e+01, 1.7513735899e+09
3.0160000000e+09, 4.3265536428e-01, -2.3724842071e-01, -6.1354120655e+00, -4.1519180910e+02, -5.0000000000e+01, 1.7513735899e+09
3.0240000000e+09, -2.5838041305e-01, -4.2274832726e-01, -6.0998992527e+00, -4.1680963493e+02, -5.0000000000e+01, 1.7513735899e+09
3.0320000000e+09, -4.1298991442e-01, 2.9945588112e-01, -5.8463513812e+00, -4.1845919173e+02, -5.0000000000e+01, 1.7513735899e+09
3.0400000000e+09, 3.3948716521e-01, 3.8313710690e-01, -5.8162316455e+00, -4.2012768597e+02, -5.0000000000e+01, 1.7513735899e+09
3.0480000000e+09, 3.5257527232e-01, -3.6416342855e-01, -5.9019477521e+00, -4.2177498023e+02, -5.0000000000e+01, 1.7513735899e+09
3.0560000000e+09, -3.9638730884e-01, -3.2381159067e-01, -5.8173709263e+00, -4.2343004279e+02, -5.0000000000e+01, 1.7513735899e+09
3.0640000000e+09, -2.8483366966e-01, 4.2524641752e-01, -5.8175716834e+00, -4.2509562999e+02, -5.0000000000e+01, 1.7513735899e+09
3.0720000000e+09, 4.3972581625e-01, 2.4344071746e-01, -5.9752852764e+00, -4.2675098316e+02, -5.0000000000e+01, 1.7513735899e+09
3.0800000000e+09, 2.1130408347e-01, -4.4055885077e-01, -6.2207205148e+00, -4.2838018014e+02, -5.0000000000e+01, 1.7513735899e+09
3.0880000000e+09, -4.6647873521e-01, -1.8891727924e-01, -5.9637827166e+00, -4.3001339644e+02, -5.0000000000e+01, 1.7513735899e+09
3.0960000000e+09, -1.5087020397e-01, 4.8426735401e-01, -5.8959956267e+00, -4.3166697691e+02, -5.0000000000e+01, 1.7513735899e+09
3.1040000000e+09, 4.9481472373e-01, 1.0829505324e-01, -5.9079509170e+00, -4.3332432371e+02, -5.0000000000e+01, 1.7513735899e+09
3.1120000000e+09, 7.0815175772e-02, -5.0024902821e-01, -5.9301063491e+00, -4.3496995705e+02, -5.0000000000e+01, 1.7513735899e+09
3.1200000000e+09, -5.0787460804e-01, -2.4786885828e-02, -5.8745376607e+00, -4.3663261241e+02, -5.0000000000e+01, 1.7513735899e+09
3.1280000000e+09, 1.6736073420e-02, 5.0487929583e-01, -5.9314792165e+00, -4.3828531170e+02, -5.0000000000e+01, 1.7513735899e+09
3.1360000000e+09, 4.9352246523e-01, -6.0144402087e-02, -6.0698355733e+00, -4.3994424112e+02, -5.0000000000e+01, 1.7513735899e+09
3.1440000000e+09, -8.8779628277e-02, -4.8862183094e-01, -6.0794860998e+00, -4.4157350107e+02, -5.0000000000e+01, 1.7513735899e+09
3.1520000000e+09, -4.8569020629e-01, 1.3051985204e-01, -5.9699895497e+00, -4.4322709253e+02, -5.0000000000e+01, 1.7513735899e+09
3.1600000000e+09, 1.7548002303e-01, 4.7548800707e-01, -5.9026618524e+00, -4.4488890671e+02, -5.0000000000e+01, 1.7513735899e+09
3.1680000000e+09, 4.5836994052e-01, -2.0700472593e-01, -5.9695851915e+00, -4.4653034931e+02, -5.0000000000e+01, 1.7513735899e+09
3.1760000000e+09, -2.4711832404e-01, -4.4163084030e-01, -5.9158149292e+00, -4.4818710535e+02, -5.0000000000e+01, 1.7513735899e+09
3.1840000000e+09, -4.1731047630e-01, 2.8112053871e-01, -5.9657610923e+00, -4.4984057002e+02, -5.0000000000e+01, 1.7513735899e+09
3.1920000000e+09, 3.1366199255e-01, 3.8960605860e-01, -6.0175309447e+00, -4.5149637343e+02, -5.0000000000e+01, 1.7513735899e+09
3.2000000000e+09, 3.6303097010e-01, -3.3796820044e-01, -6.0904019573e+00, -4.5313900258e+02, -5.0000000000e+01, 1.7513735899e+09
3.2080000000e+09, -3.6901131272e-01, -3.4151816368e-01, -5.9721605003e+00, -4.5478421120e+02, -5.0000000000e+01, 1.7513735899e+09
3.2160000000e+09, -3.0811801553e-01, 3.9587184787e-01, -5.9920094009e+00, -4.5644034539e+02, -5.0000000000e+01, 1.7513735899e+09
3.2240000000e+09, 4.1943332553e-01, 2.6792472601e-01, -6.0606001386e+00, -4.5810408172e+02, -5.0000000000e+01, 1.7513735899e+09
3.2320000000e+09, 2.3814781010e-01, -4.3753108382e-01, -6.0528952042e+00, -4.5974486790e+02, -5.0000000000e+01, 1.7513735899e+09
3.2400000000e+09, -4.6627950668e-01, -1.8771092594e-01, -5.9747731098e+00, -4.6143139870e+02, -5.0000000000e+01, 1.7513735899e+09
3.2480000000e+09, -1.7266771197e-01, 4.6456399560e-01, -6.0971179395e+00, -4.6302906230e+02, -5.0000000000e+01, 1.7513735899e+09
3.2560000000e+09, 4.8046731949e-01, 1.2877418101e-01, -6.0654477545e+00, -4.6469384858e+02, -5.0000000000e+01, 1.7513735899e+09
3.2640000000e+09, 9.4754435122e-02, -4.8797383905e-01, -6.0713275482e+00, -4.6633471651e+02, -5.0000000000e+01, 1.7513735899e+09
3.2720000000e+09, -4.9301931262e-01, -5.2829388529e-02, -6.0931391227e+00, -4.6799055790e+02, -5.0000000000e+01, 1.7513735899e+09
3.2800000000e+09, -3.7579219788e-03, 4.9568656087e-01, -6.0956075070e+00, -4.6966052061e+02, -5.0000000000e+01, 1.7513735899e+09
3.2880000000e+09, 4.8981964588e-01, -3.5061985254e-02, -6.1770800038e+00, -4.7131035757e+02, -5.0000000000e+01, 1.7513735899e+09
3.2960000000e+09, -6.2745057046e-02, -4.8826503754e-01, -6.1557545367e+00, -4.7293750006e+02, -5.0000000000e+01, 1.7513735899e+09
3.3040000000e+09, -4.8316085339e-01, 1.0462763905e-01, -6.1191416409e+00, -4.7459374623e+02, -5.0000000000e+01, 1.7513735899e+09
3.3120000000e+09, 1.4925833046e-01, 4.7064673901e-01, -6.1299052200e+00, -4.7625838850e+02, -5.0000000000e+01, 1.7513735899e+09
3.3200000000e+09, 4.5956245065e-01, -1.8484525382e-01, -6.1018665436e+00, -4.7790450213e+02, -5.0000000000e+01, 1.7513735899e+09
3.3280000000e+09, -2.1740266681e-01, -4.4335049391e-01, -6.1292429641e+00, -4.7954878798e+02, -5.0000000000e+01, 1.7513735899e+09
3.3360000000e+09, -4.2244949937e-01, 2.5670480728e-01, -6.1196821717e+00, -4.8120970734e+02, -5.0000000000e+01, 1.7513735899e+09
3.3440000000e+09, 2.8501293063e-01, 3.8914000988e-01, -6.3327394953e+00, -4.8286662531e+02, -5.0000000000e+01, 1.7513735899e+09
3.3520000000e+09, 3.7054342031e-01, -3.0540055037e-01, -6.3719357928e+00, -4.8449459035e+02, -5.0000000000e+01, 1.7513735899e+09
3.3600000000e+09, -3.3620029688e-01, -3.5684597492e-01, -6.1912029765e+00, -4.8613168220e+02, -5.0000000000e+01, 1.7513735899e+09
3.3680000000e+09, -3.2538866997e-01, 3.7365934253e-01, -6.0995011194e+00, -4.8780120205e+02, -5.0000000000e+01, 1.7513735899e+09
3.3760000000e+09, 3.9894846082e-01, 2.8926789761e-01, -6.1468730328e+00, -4.8946109605e+02, -5.0000000000e+01, 1.7513735899e+09
3.3840000000e+09, 2.5806906819e-01, -4.1578051448e-01, -6.2074329973e+00, -4.9110375932e+02, -5.0000000000e+01, 1.7513735899e+09
3.3920000000e+09, -4.4012656808e-01, -2.2405554354e-01, -6.1276632967e+00, -4.9275916880e+02, -5.0000000000e+01, 1.7513735899e+09
3.4000000000e+09, -1.7906980217e-01, 4.5440971851e-01, -6.2241295772e+00, -4.9442545799e+02, -5.0000000000e+01, 1.7513735899e+09
3.4080000000e+09, 4.5242545009e-01, 1.4287863672e-01, -6.4761853814e+00, -4.9606574544e+02, -5.0000000000e+01, 1.7513735899e+09
3.4160000000e+09, 1.2268625945e-01, -4.5891878009e-01, -6.4654856290e+00, -4.9768120689e+02, -5.0000000000e+01, 1.7513735899e+09
3.4240000000e+09, -4.8118662834e-01, -8.6831443012e-02, -6.2145626094e+00, -4.9933470049e+02, -5.0000000000e+01, 1.7513735899e+09
3.4320000000e+09, -4.3068137020e-02, 4.9048525095e-01, -6.1541248157e+00, -5.0099644568e+02, -5.0000000000e+01, 1.7513735899e+09
3.4400000000e+09, 4.9158564210e-01, -1.5561619075e-03, -6.1679726832e+00, -5.0265799016e+02, -5.0000000000e+01, 1.7513735899e+09
3.4480000000e+09, -4.2066592723e-02, -4.8658409715e-01, -6.2245028834e+00, -5.0431185935e+02, -5.0000000000e+01, 1.7513735899e+09
3.4560000000e+09, -4.8208475113e-01, 8.4750734270e-02, -6.2053422319e+00, -5.0597043949e+02, -5.0000000000e+01, 1.7513735899e+09
3.4640000000e+09, 1.2374994159e-01, 4.6815195680e-01, -6.2989363393e+00, -5.0762563980e+02, -5.0000000000e+01, 1.7513735899e+09
3.4720000000e+09, 4.5037001371e-01, -1.4846070111e-01, -6.4806127825e+00, -5.0925643422e+02, -5.0000000000e+01, 1.7513735899e+09
3.4800000000e+09, -1.8027439713e-01, -4.4661909342e-01, -6.3457290883e+00, -5.1089244863e+02, -5.0000000000e+01, 1.7513735899e+09
3.4880000000e+09, -4.3608763814e-01, 2.1928836405e-01, -6.2294920023e+00, -5.1254553065e+02, -5.0000000000e+01, 1.7513735899e+09
3.4960000000e+09, 2.5717625022e-01, 4.1225343943e-01, -6.2691776857e+00, -5.1420815671e+02, -5.0000000000e+01, 1.7513735899e+09
3.5040000000e+09, 3.9121127129e-01, -2.8838109970e-01, -6.2670187217e+00, -5.1585642097e+02, -5.0000000000e+01, 1.7513735899e+09
3.5120000000e+09, -3.1983220577e-01, -3.6487123370e-01, -6.2814989832e+00, -5.1751170542e+02, -5.0000000000e+01, 1.7513735899e+09
3.5200000000e+09, -3.3601450920e-01, 3.4765157103e-01, -6.3121611801e+00, -5.1916520592e+02, -5.0000000000e+01, 1.7513735899e+09
3.5280000000e+09, 3.7117472291e-01, 3.0341845751e-01, -6.3858679156e+00, -5.2081908680e+02, -5.0000000000e+01, 1.7513735899e+09
3.5360000000e+09, 2.8061246872e-01, -3.8999897242e-01, -6.3668412546e+00, -5.2245146927e+02, -5.0000000000e+01, 1.7513735899e+09
3.5440000000e+09, -4.1628697515e-01, -2.5062981248e-01, -6.2688534551e+00, -5.2410404019e+02, -5.0000000000e+01, 1.7513735899e+09
3.5520000000e+09, -2.1203263104e-01, 4.3502962589e-01, -6.3039713963e+00, -5.2576325408e+02, -5.0000000000e+01, 1.7513735899e+09
3.5600000000e+09, 4.5262706280e-01, 1.7328789830e-01, -6.2911706887e+00, -5.2742193148e+02, -5.0000000000e+01, 1.7513735899e+09
3.5680000000e+09, 1.3233771920e-01, -4.6266916394e-01, -6.3530640090e+00, -5.2907976969e+02, -5.0000000000e+01, 1.7513735899e+09
3.5760000000e+09, -4.6559685469e-01, -1.0184711963e-01, -6.4368101287e+00, -5.3071380525e+02, -5.0000000000e+01, 1.7513735899e+09
3.5840000000e+09, -6.4409554005e-02, 4.7313249111e-01, -6.4205954379e+00, -5.3236465224e+02, -5.0000000000e+01, 1.7513735899e+09
3.5920000000e+09, 4.7916039825e-01, 2.2917483002e-02, -6.3804582663e+00, -5.3402295911e+02, -5.0000000000e+01, 1.7513735899e+09
3.6000000000e+09, -1.8433064222e-02, -4.7774669528e-01, -6.4095857454e+00, -5.3568011165e+02, -5.0000000000e+01, 1.7513735899e+09
3.6080000000e+09, -4.5822110772e-01, 9.8055869341e-02, -6.5840417918e+00, -5.3742315672e+02, -5.0000000000e+01, 1.7513735899e+09
3.6160000000e+09, 8.2432277501e-02, 4.7144222260e-01, -6.4006430085e+00, -5.3895624146e+02, -5.0000000000e+01, 1.7513735899e+09
3.6240000000e+09, 4.6039569378e-01, -1.2698100507e-01, -6.4189685745e+00, -5.4062305405e+02, -5.0000000000e+01, 1.7513735899e+09
3.6320000000e+09, -1.6344994307e-01, -4.4586017728e-01, -6.4683962289e+00, -5.4227611403e+02, -5.0000000000e+01, 1.7513735899e+09
3.6400000000e+09, -4.2946138978e-01, 1.9074030220e-01, -6.5596366308e+00, -5.4391349782e+02, -5.0000000000e+01, 1.7513735899e+09
3.6480000000e+09, 2.2581964731e-01, 4.2305478454e-01, -6.3832907194e+00, -5.4555663310e+02, -5.0000000000e+01, 1.7513735899e+09
3.6560000000e+09, 4.0437969565e-01, -2.6209181547e-01, -6.3410962184e+00, -5.4721218333e+02, -5.0000000000e+01, 1.7513735899e+09
3.6640000000e+09, -2.9344215989e-01, -3.7584415078e-01, -6.4327232614e+00, -5.4887081352e+02, -5.0000000000e+01, 1.7513735899e+09
3.6720000000e+09, -3.5392677784e-01, 3.2419949770e-01, -6.3757506105e+00, -5.5052030321e+02, -5.0000000000e+01, 1.7513735899e+09
3.6800000000e+09, 3.4772676229e-01, 3.2273656130e-01, -6.4767700704e+00, -5.5217216465e+02, -5.0000000000e+01, 1.7513735899e+09
3.6880000000e+09, 2.9437085986e-01, -3.7715926766e-01, -6.4034791528e+00, -5.5382836948e+02, -5.0000000000e+01, 1.7513735899e+09
3.6960000000e+09, -3.9333552122e-01, -2.6343703270e-01, -6.4953507773e+00, -5.5547176451e+02, -5.0000000000e+01, 1.7513735899e+09
3.7040000000e+09, -2.3528166115e-01, 4.1280001402e-01, -6.4635048038e+00, -5.5711465372e+02, -5.0000000000e+01, 1.7513735899e+09
3.7120000000e+09, 4.3430575728e-01, 2.0172739029e-01, -6.3956672029e+00, -5.5876866031e+02, -5.0000000000e+01, 1.7513735899e+09
3.7200000000e+09, 1.6476367414e-01, -4.4922313094e-01, -6.4026221705e+00, -5.6042274865e+02, -5.0000000000e+01, 1.7513735899e+09
3.7280000000e+09, -4.6300920844e-01, -1.2581253052e-01, -6.3788275770e+00, -5.6207976334e+02, -5.0000000000e+01, 1.7513735899e+09
3.7360000000e+09, -8.6108677089e-02, 4.6646022797e-01, -6.4781777423e+00, -5.6373333610e+02, -5.0000000000e+01, 1.7513735899e+09
3.7440000000e+09, 4.6696060896e-01, 4.8781659454e-02, -6.5672563355e+00, -5.6538258887e+02, -5.0000000000e+01, 1.7513735899e+09
3.7520000000e+09, 1.2097010389e-02, -4.7805985808e-01, -6.4075744864e+00, -5.6703217499e+02, -5.0000000000e+01, 1.7513735899e+09
3.7600000000e+09, -4.6951219440e-01, 2.5370249525e-02, -6.5544003407e+00, -5.6868225314e+02, -5.0000000000e+01, 1.7513735899e+09
3.7680000000e+09, 6.4677357674e-02, 4.7037023306e-01, -6.4698575225e+00, -5.7033571282e+02, -5.0000000000e+01, 1.7513735899e+09
3.7760000000e+09, 4.6100166440e-01, -1.0553926230e-01, -6.5040960085e+00, -5.7199491930e+02, -5.0000000000e+01, 1.7513735899e+09
3.7840000000e+09, -1.4245706797e-01, -4.5407900214e-01, -6.4496677561e+00, -5.7364466204e+02, -5.0000000000e+01, 1.7513735899e+09
3.7920000000e+09, -4.3600559235e-01, 1.7408221960e-01, -6.5677758070e+00, -5.7529132909e+02, -5.0000000000e+01, 1.7513735899e+09
3.8000000000e+09, 2.0776948333e-01, 4.1416862607e-01, -6.6816025075e+00, -5.7694722213e+02, -5.0000000000e+01, 1.7513735899e+09
3.8080000000e+09, 4.0266636014e-01, -2.3629386723e-01, -6.6159333503e+00, -5.7858372242e+02, -5.0000000000e+01, 1.7513735899e+09
3.8160000000e+09, -2.7431616187e-01, -3.8492661715e-01, -6.5088211772e+00, -5.8024300704e+02, -5.0000000000e+01, 1.7513735899e+09
3.8240000000e+09, -3.5791337490e-01, 2.9894950986e-01, -6.6259506710e+00, -5.8189051316e+02, -5.0000000000e+01, 1.7513735899e+09
3.8320000000e+09, 3.3013939858e-01, 3.3596843481e-01, -6.5390765758e+00, -5.8354208474e+02, -5.0000000000e+01, 1.7513735899e+09
3.8400000000e+09, 3.0173632503e-01, -3.5683926940e-01, -6.6078897984e+00, -5.8520510718e+02, -5.0000000000e+01, 1.7513735899e+09
3.8480000000e+09, -3.7771335244e-01, -2.7109926939e-01, -6.6522026738e+00, -5.8685529442e+02, -5.0000000000e+01, 1.7513735899e+09
3.8560000000e+09, -2.3978482187e-01, 3.9047819376e-01, -6.7784279189e+00, -5.8849791443e+02, -5.0000000000e+01, 1.7513735899e+09
3.8640000000e+09, 4.0835207701e-01, 2.1423853934e-01, -6.7233549005e+00, -5.9013625277e+02, -5.0000000000e+01, 1.7513735899e+09
3.8720000000e+09, 1.8264424801e-01, -4.2884942889e-01, -6.6299872851e+00, -5.9178758787e+02, -5.0000000000e+01, 1.7513735899e+09
3.8800000000e+09, -4.4342029095e-01, -1.4135876298e-01, -6.6433381971e+00, -5.9345240492e+02, -5.0000000000e+01, 1.7513735899e+09
3.8880000000e+09, -1.0745999962e-01, 4.5158711076e-01, -6.6659591502e+00, -5.9509819197e+02, -5.0000000000e+01, 1.7513735899e+09
3.8960000000e+09, 4.6058043838e-01, 7.2128765285e-02, -6.6286653383e+00, -5.9674726184e+02, -5.0000000000e+01, 1.7513735899e+09
3.9040000000e+09, 3.2241947949e-02, -4.6403661370e-01, -6.6480391423e+00, -5.9840403052e+02, -5.0000000000e+01, 1.7513735899e+09
3.9120000000e+09, -4.5697665214e-01, 4.0564839728e-03, -6.8017775678e+00, -6.0005307339e+02, -5.0000000000e+01, 1.7513735899e+09
3.9200000000e+09, 3.6969453096e-02, 4.5363482833e-01, -6.8371234122e+00, -6.0169630952e+02, -5.0000000000e+01, 1.7513735899e+09
3.9280000000e+09, 4.5617842674e-01, -6.8450517952e-02, -6.7206056101e+00, -6.0333473036e+02, -5.0000000000e+01, 1.7513735899e+09
3.9360000000e+09, -1.0775464773e-01, -4.5263424516e-01, -6.6456451872e+00, -6.0499029678e+02, -5.0000000000e+01, 1.7513735899e+09
3.9440000000e+09, -4.3639808893e-01, 1.4726805687e-01, -6.7339550738e+00, -6.0665284447e+02, -5.0000000000e+01, 1.7513735899e+09
3.9520000000e+09, 1.8298710883e-01, 4.2716833949e-01, -6.6563256891e+00, -6.0830290206e+02, -5.0000000000e+01, 1.7513735899e+09
3.9600000000e+09, 4.1226297617e-01, -2.1563276648e-01, -6.6462585400e+00, -6.0995088927e+02, -5.0000000000e+01, 1.7513735899e+09
3.9680000000e+09, -2.4797458947e-01, -3.8598135114e-01, -6.7680360771e+00, -6.1161082206e+02, -5.0000000000e+01, 1.7513735899e+09
3.9760000000e+09, -3.6782956123e-01, 2.7368238568e-01, -6.7736597768e+00, -6.1325024757e+02, -5.0000000000e+01, 1.7513735899e+09
3.9840000000e+09, 3.0116960406e-01, 3.4780111909e-01, -6.7434325725e+00, -6.1489503065e+02, -5.0000000000e+01, 1.7513735899e+09
3.9920000000e+09, 3.2041230798e-01, -3.3122095466e-01, -6.7290403560e+00, -6.1655414375e+02, -5.0000000000e+01, 1.7513735899e+09
4.0000000000e+09, -3.5777258873e-01, -2.9284569621e-01, -6.7007391061e+00, -6.1820781790e+02, -5.0000000000e+01, 1.7513735899e+09
4.0080000000e+09, -2.6101955771e-01, 3.7654894590e-01, -6.7794552406e+00, -6.1985840896e+02, -5.0000000000e+01, 1.7513735899e+09
4.0160000000e+09, 3.9659535885e-01, 2.3231263459e-01, -6.7518881193e+00, -6.2150545679e+02, -5.0000000000e+01, 1.7513735899e+09
4.0240000000e+09, 1.9613850117e-01, -4.1540756822e-01, -6.7564806444e+00, -6.2316501380e+02, -5.0000000000e+01, 1.7513735899e+09
4.0320000000e+09, -4.2649415135e-01, -1.5975080430e-01, -6.8315443579e+00, -6.2481854672e+02, -5.0000000000e+01, 1.7513735899e+09
4.0400000000e+09, -1.2642537057e-01, 4.4478410482e-01, -6.6995924235e+00, -6.2647079841e+02, -5.0000000000e+01, 1.7513735899e+09
4.0480000000e+09, 4.5371174812e-01, 8.3780638874e-02, -6.7187830574e+00, -6.2813593150e+02, -5.0000000000e+01, 1.7513735899e+09
4.0560000000e+09, 8.1351019442e-02, -4.4807186723e-01, -6.8321975534e+00, -6.2970972544e+02, -5.0000000000e+01, 1.7513735899e+09
4.0640000000e+09, -4.5461797714e-01, -2.7151746675e-02, -6.8316042023e+00, -6.3140046992e+02, -5.0000000000e+01, 1.7513735899e+09
4.0720000000e+09, 1.1903836392e-02, 4.5664614439e-01, -6.8054539002e+00, -6.3305698176e+02, -5.0000000000e+01, 1.7513735899e+09
4.0800000000e+09, 4.5574241877e-01, -5.1854461431e-02, -6.7697482911e+00, -6.3471500900e+02, -5.0000000000e+01, 1.7513735899e+09
4.0880000000e+09, -8.6988888681e-02, -4.4783505797e-01, -6.8167928423e+00, -6.3636436639e+02, -5.0000000000e+01, 1.7513735899e+09
4.0960000000e+09, -4.3819928169e-01, 1.2239150703e-01, -6.8403323913e+00, -6.3801567334e+02, -5.0000000000e+01, 1.7513735899e+09
4.1040000000e+09, 1.6008140147e-01, 4.2997950315e-01, -6.7673051142e+00, -6.3967050652e+02, -5.0000000000e+01, 1.7513735899e+09
4.1120000000e+09, 4.1712960601e-01, -1.9369128346e-01, -6.7466206943e+00, -6.4131961881e+02, -5.0000000000e+01, 1.7513735899e+09
4.1200000000e+09, -2.3041234910e-01, -3.9241752028e-01, -6.8385898969e+00, -6.4298662339e+02, -5.0000000000e+01, 1.7513735899e+09
4.1280000000e+09, -3.6994403601e-01, 2.5547489524e-01, -6.9437779293e+00, -6.4463086785e+02, -5.0000000000e+01, 1.7513735899e+09
4.1360000000e+09, 2.8422218561e-01, 3.5112100840e-01, -6.9022463786e+00, -6.4627777948e+02, -5.0000000000e+01, 1.7513735899e+09
4.1440000000e+09, 3.2733553648e-01, -3.1054118276e-01, -6.9125554707e+00, -6.4792716236e+02, -5.0000000000e+01, 1.7513735899e+09
4.1520000000e+09, -3.3416393399e-01, -3.0088546872e-01, -6.9422400346e+00, -6.4957663620e+02, -5.0000000000e+01, 1.7513735899e+09
4.1600000000e+09, -2.7804198861e-01, 3.6164435744e-01, -6.8174046526e+00, -6.5122503364e+02, -5.0000000000e+01, 1.7513735899e+09
4.1680000000e+09, 3.8008114696e-01, 2.4540697038e-01, -6.8891131061e+00, -6.5287794673e+02, -5.0000000000e+01, 1.7513735899e+09
4.1760000000e+09, 2.1329291165e-01, -3.9602452517e-01, -6.9394124098e+00, -6.5452803111e+02, -5.0000000000e+01, 1.7513735899e+09
4.1840000000e+09, -4.1393053532e-01, -1.7593747377e-01, -6.9402025545e+00, -6.5619095917e+02, -5.0000000000e+01, 1.7513735899e+09
4.1920000000e+09, -1.4463999867e-01, 4.2228722572e-01, -7.0060770710e+00, -6.5783366914e+02, -5.0000000000e+01, 1.7513735899e+09
4.2000000000e+09, 4.3372082710e-01, 1.1087814718e-01, -6.9808555415e+00, -6.5948417364e+02, -5.0000000000e+01, 1.7513735899e+09
4.2080000000e+09, 7.7622830868e-02, -4.4114440680e-01, -6.9759613606e+00, -6.6113107866e+02, -5.0000000000e+01, 1.7513735899e+09
4.2160000000e+09, -4.4533982873e-01, -4.1723418981e-02, -6.9882148637e+00, -6.6278263365e+02, -5.0000000000e+01, 1.7513735899e+09
4.2240000000e+09, -3.4855538979e-03, 4.4932997227e-01, -6.9484308953e+00, -6.6443908916e+02, -5.0000000000e+01, 1.7513735899e+09
4.2320000000e+09, 4.5105859637e-01, -3.2633028924e-02, -6.8926682372e+00, -6.6608986438e+02, -5.0000000000e+01, 1.7513735899e+09
4.2400000000e+09, -6.8180426955e-02, -4.3870133162e-01, -7.0529700685e+00, -6.6774261967e+02, -5.0000000000e+01, 1.7513735899e+09
4.2480000000e+09, -4.3323296308e-01, 1.0654806346e-01, -7.0105245816e+00, -6.6940038634e+02, -5.0000000000e+01, 1.7513735899e+09
4.2560000000e+09, 1.3640291989e-01, 4.2201656103e-01, -7.0618739510e+00, -6.7104264992e+02, -5.0000000000e+01, 1.7513735899e+09
4.2640000000e+09, 4.1261476278e-01, -1.6607555747e-01, -7.0370338544e+00, -6.7268348363e+02, -5.0000000000e+01, 1.7513735899e+09
4.2720000000e+09, -1.9950506091e-01, -3.9759683609e-01, -7.0358599802e+00, -6.7433669262e+02, -5.0000000000e+01, 1.7513735899e+09
4.2800000000e+09, -3.7719631195e-01, 2.3201109469e-01, -7.0750866281e+00, -6.7599386451e+02, -5.0000000000e+01, 1.7513735899e+09
4.2880000000e+09, 2.6355361938e-01, 3.6102372408e-01, -6.9940747306e+00, -6.7764380599e+02, -5.0000000000e+01, 1.7513735899e+09
4.2960000000e+09, 3.3934715390e-01, -2.9262390733e-01, -6.9726821161e+00, -6.7929561303e+02, -5.0000000000e+01, 1.7513735899e+09
4.3040000000e+09, -3.1580114365e-01, -3.0964133143e-01, -7.0861312879e+00, -6.8095005607e+02, -5.0000000000e+01, 1.7513735899e+09
4.3120000000e+09, -2.8426170349e-01, 3.4001323581e-01, -7.0682818644e+00, -6.8260007376e+02, -5.0000000000e+01, 1.7513735899e+09
4.3200000000e+09, 3.5996061563e-01, 2.5704747438e-01, -7.0853113813e+00, -6.8424707272e+02, -5.0000000000e+01, 1.7513735899e+09
4.3280000000e+09, 2.2503489256e-01, -3.8694906235e-01, -6.9816669553e+00, -6.8591124295e+02, -5.0000000000e+01, 1.7513735899e+09
4.3360000000e+09, -3.9983505011e-01, -1.9368532300e-01, -7.0469229717e+00, -6.8755769065e+02, -5.0000000000e+01, 1.7513735899e+09
4.3440000000e+09, -1.6138708592e-01, 4.1393938661e-01, -7.0467131665e+00, -6.8920783472e+02, -5.0000000000e+01, 1.7513735899e+09
4.3520000000e+09, 4.2769086361e-01, 1.2804968655e-01, -7.0045740777e+00, -6.9085947960e+02, -5.0000000000e+01, 1.7513735899e+09
4.3600000000e+09, 9.0293504298e-02, -4.3755206466e-01, -6.9982917978e+00, -6.9251767615e+02, -5.0000000000e+01, 1.7513735899e+09
4.3680000000e+09, -4.3826761842e-01, -5.6885205209e-02, -7.0926566519e+00, -6.9416290245e+02, -5.0000000000e+01, 1.7513735899e+09
4.3760000000e+09, -2.1765671670e-02, 4.4074401259e-01, -7.1056930149e+00, -6.9581342893e+02, -5.0000000000e+01, 1.7513735899e+09
4.3840000000e+09, 4.4198217988e-01, -1.6927605495e-02, -7.0855390893e+00, -6.9747184968e+02, -5.0000000000e+01, 1.7513735899e+09
4.3920000000e+09, -5.2156869322e-02, -4.3906986713e-01, -7.0884726872e+00, -6.9912260082e+02, -5.0000000000e+01, 1.7513735899e+09
4.4000000000e+09, -4.2944890261e-01, 8.5008978844e-02, -7.1748463556e+00, -7.0077058441e+02, -5.0000000000e+01, 1.7513735899e+09
4.4080000000e+09, 1.1948265135e-01, 4.2152515054e-01, -7.1679026210e+00, -7.0242216605e+02, -5.0000000000e+01, 1.7513735899e+09
4.4160000000e+09, 4.1296786070e-01, -1.5407352150e-01, -7.1156943733e+00, -7.0407384811e+02, -5.0000000000e+01, 1.7513735899e+09
4.4240000000e+09, -1.8680955470e-01, -3.9310100675e-01, -7.2255992710e+00, -7.0573117875e+02, -5.0000000000e+01, 1.7513735899e+09
4.4320000000e+09, -3.8343238831e-01, 2.1930393577e-01, -7.0971020394e+00, -7.0737788573e+02, -5.0000000000e+01, 1.7513735899e+09
4.4400000000e+09, 2.4842362106e-01, 3.5937678814e-01, -7.1927149314e+00, -7.0903398101e+02, -5.0000000000e+01, 1.7513735899e+09
4.4480000000e+09, 3.4056591988e-01, -2.7676850557e-01, -7.1537539648e+00, -7.1068236007e+02, -5.0000000000e+01, 1.7513735899e+09
4.4560000000e+09, -3.0607262254e-01, -3.1306850910e-01, -7.1739523737e+00, -7.1234483534e+02, -5.0000000000e+01, 1.7513735899e+09
4.4640000000e+09, -2.8833469749e-01, 3.2911720872e-01, -7.1793320817e+00, -7.1399288443e+02, -5.0000000000e+01, 1.7513735899e+09
4.4720000000e+09, 3.4626042843e-01, 2.6122426987e-01, -7.2553177931e+00, -7.1563680391e+02, -5.0000000000e+01, 1.7513735899e+09
4.4800000000e+09, 2.3992130160e-01, -3.6893218756e-01, -7.1293049415e+00, -7.1727732630e+02, -5.0000000000e+01, 1.7513735899e+09
4.4880000000e+09, -3.8873019814e-01, -2.0000563562e-01, -7.1870881289e+00, -7.1894952943e+02, -5.0000000000e+01, 1.7513735899e+09
4.4960000000e+09, -1.6862839460e-01, 3.9969533682e-01, -7.2539907826e+00, -7.2059627852e+02, -5.0000000000e+01, 1.7513735899e+09
4.5040000000e+09, 4.0871387720e-01, 1.3895748556e-01, -7.2965611608e+00, -7.2223858330e+02, -5.0000000000e+01, 1.7513735899e+09
4.5120000000e+09, 1.0465095192e-01, -4.2595991492e-01, -7.1580921897e+00, -7.2389619551e+02, -5.0000000000e+01, 1.7513735899e+09
4.5200000000e+09, -4.2830446363e-01, -6.7190334201e-02, -7.2593628602e+00, -7.2555229603e+02, -5.0000000000e+01, 1.7513735899e+09
4.5280000000e+09, -3.1452048570e-02, 4.3070632219e-01, -7.2932776021e+00, -7.2720580435e+02, -5.0000000000e+01, 1.7513735899e+09
4.5360000000e+09, 4.3159645796e-01, -1.8411307828e-03, -7.2983635328e+00, -7.2885376147e+02, -5.0000000000e+01, 1.7513735899e+09
4.5440000000e+09, -3.4205596894e-02, -4.3138146400e-01, -7.2755500334e+00, -7.3049941956e+02, -5.0000000000e+01, 1.7513735899e+09
4.5520000000e+09, -4.2710885405e-01, 7.4826970696e-02, -7.2579352921e+00, -7.3216452232e+02, -5.0000000000e+01, 1.7513735899e+09
4.5600000000e+09, 1.1275151372e-01, 4.1372570396e-01, -7.3546110730e+00, -7.3382795044e+02, -5.0000000000e+01, 1.7513735899e+09
4.5680000000e+09, 4.0415075421e-01, -1.4165924490e-01, -7.3658841720e+00, -7.3546981083e+02, -5.0000000000e+01, 1.7513735899e+09
4.5760000000e+09, -1.8162824214e-01, -3.8986581564e-01, -7.3286542873e+00, -7.3713945310e+02, -5.0000000000e+01, 1.7513735899e+09
4.5840000000e+09, -3.5165265203e-01, 2.3733563721e-01, -7.4475694983e+00, -7.3886796484e+02, -5.0000000000e+01, 1.7513735899e+09
4.5920000000e+09, 2.2577215731e-01, 3.6218589544e-01, -7.3956679533e+00, -7.4040248896e+02, -5.0000000000e+01, 1.7513735899e+09
4.6000000000e+09, 3.4239414334e-01, -2.6138326526e-01, -7.3152743044e+00, -7.4206788756e+02, -5.0000000000e+01, 1.7513735899e+09
4.6080000000e+09, -2.9344719648e-01, -3.1638070941e-01, -7.3000164020e+00, -7.4373447192e+02, -5.0000000000e+01, 1.7513735899e+09
4.6160000000e+09, -2.9083442688e-01, 3.1779664755e-01, -7.3147029680e+00, -7.4538712790e+02, -5.0000000000e+01, 1.7513735899e+09
4.6240000000e+09, 3.3788800240e-01, 2.6028883457e-01, -7.4012294365e+00, -7.4704265907e+02, -5.0000000000e+01, 1.7513735899e+09
4.6320000000e+09, 2.3243105412e-01, -3.6061671376e-01, -7.3502026924e+00, -7.4869732221e+02, -5.0000000000e+01, 1.7513735899e+09
4.6400000000e+09, -3.8150766492e-01, -2.0240682364e-01, -7.2928246180e+00, -7.5035286057e+02, -5.0000000000e+01, 1.7513735899e+09
4.6480000000e+09, -1.6773709655e-01, 3.9616736770e-01, -7.3263037985e+00, -7.5201092624e+02, -5.0000000000e+01, 1.7513735899e+09
4.6560000000e+09, 4.0659096837e-01, 1.3378296792e-01, -7.3704111103e+00, -7.5366435910e+02, -5.0000000000e+01, 1.7513735899e+09
4.6640000000e+09, 9.8598182201e-02, -4.1790398955e-01, -7.3432070718e+00, -7.5532133534e+02, -5.0000000000e+01, 1.7513735899e+09
4.6720000000e+09, -4.2421346903e-01, -6.3038125634e-02, -7.3534536881e+00, -7.5697630903e+02, -5.0000000000e+01, 1.7513735899e+09
4.6800000000e+09, -2.0820090547e-02, 4.2690876126e-01, -7.3829814076e+00, -7.5864589504e+02, -5.0000000000e+01, 1.7513735899e+09
4.6880000000e+09, 4.3090131879e-01, -1.3937338255e-02, -7.3079024326e+00, -7.6029775551e+02, -5.0000000000e+01, 1.7513735899e+09
4.6960000000e+09, -5.1107518375e-02, -4.2324599624e-01, -7.4052760734e+00, -7.6195638802e+02, -5.0000000000e+01, 1.7513735899e+09
4.7040000000e+09, -4.1841119528e-01, 8.8478423655e-02, -7.3779493827e+00, -7.6361540767e+02, -5.0000000000e+01, 1.7513735899e+09
4.7120000000e+09, 1.2268032134e-01, 4.1073486209e-01, -7.3576417164e+00, -7.6526806104e+02, -5.0000000000e+01, 1.7513735899e+09
4.7200000000e+09, 3.9237236977e-01, -1.6174952686e-01, -7.4444050662e+00, -7.6693961636e+02, -5.0000000000e+01, 1.7513735899e+09
4.7280000000e+09, -1.9653935730e-01, -3.7661531568e-01, -7.4360264639e+00, -7.6860038377e+02, -5.0000000000e+01, 1.7513735899e+09
4.7360000000e+09, -3.5390502214e-01, 2.3196330667e-01, -7.4701175141e+00, -7.7027038970e+02, -5.0000000000e+01, 1.7513735899e+09
4.7440000000e+09, 2.6033154130e-01, 3.3107095957e-01, -7.5109414566e+00, -7.7192734723e+02, -5.0000000000e+01, 1.7513735899e+09
4.7520000000e+09, 3.0286461115e-01, -2.9473572969e-01, -7.4812797299e+00, -7.7360358925e+02, -5.0000000000e+01, 1.7513735899e+09
4.7600000000e+09, -3.2074883580e-01, -2.6673436165e-01, -7.5938327820e+00, -7.7527967167e+02, -5.0000000000e+01, 1.7513735899e+09
4.7680000000e+09, -2.3612470925e-01, 3.4168839455e-01, -7.6319620460e+00, -7.7693948593e+02, -5.0000000000e+01, 1.7513735899e+09
4.7760000000e+09, 3.6509710550e-01, 1.9815273583e-01, -7.6305885324e+00, -7.7861772600e+02, -5.0000000000e+01, 1.7513735899e+09
4.7840000000e+09, 1.4763008058e-01, -3.8249909878e-01, -7.7443176660e+00, -7.8031742811e+02, -5.0000000000e+01, 1.7513735899e+09
4.7920000000e+09, -3.9233520627e-01, -9.5213934779e-02, -7.8783209262e+00, -7.8201848839e+02, -5.0000000000e+01, 1.7513735899e+09
4.8000000000e+09, -4.2216297239e-02, 3.8930913806e-01, -8.1433372002e+00, -7.8371935013e+02, -5.0000000000e+01, 1.7513735899e+09
4.8080000000e+09, 3.7904393673e-01, -1.7800498754e-02, -8.4166415834e+00, -7.8544509049e+02, -5.0000000000e+01, 1.7513735899e+09
4.8160000000e+09, -8.3706527948e-02, -3.4877699614e-01, -8.9058286430e+00, -7.8720450484e+02, -5.0000000000e+01, 1.7513735899e+09
4.8240000000e+09, -2.9009196162e-01, 1.3210469484e-01, -9.9308493436e+00, -7.8896708244e+02, -5.0000000000e+01, 1.7513735899e+09
4.8320000000e+09, 1.6211132705e-01, 2.1105489135e-01, -1.1498180187e+01, -7.9076553740e+02, -5.0000000000e+01, 1.7513735899e+09
4.8400000000e+09, 1.0334836692e-01, -1.5687084198e-01, -1.4523563900e+01, -7.9266960012e+02, -5.0000000000e+01, 1.7513735899e+09
4.8480000000e+09, -6.0819059610e-02, -1.5263413079e-02, -2.4053942456e+01, -7.9457705532e+02, -5.0000000000e+01, 1.7513735899e+09
4.8560000000e+09, -2.2130364552e-02, -6.7692026496e-02, -2.2948238817e+01, -7.9356811903e+02, -5.0000000000e+01, 1.7513735899e+09
4.8640000000e+09, -1.5114471316e-01, 1.0809328407e-01, -1.4618174786e+01, -7.9544377229e+02, -5.0000000000e+01, 1.7513735899e+09
4.8720000000e+09, 2.1588055789e-01, 1.6541677713e-01, -1.1309612588e+01, -7.9731071872e+02, -5.0000000000e+01, 1.7513735899e+09
4.8800000000e+09, 1.3043004274e-01, -2.8283214569e-01, -1.0132013193e+01, -7.9910323703e+02, -5.0000000000e+01, 1.7513735899e+09
4.8880000000e+09, -3.4011429548e-01, -8.5774593055e-02, -9.0997127415e+00, -8.0085908466e+02, -5.0000000000e+01, 1.7513735899e+09
4.8960000000e+09, -2.0220827311e-02, 3.7355798483e-01, -8.5401328848e+00, -8.0262284541e+02, -5.0000000000e+01, 1.7513735899e+09
4.9040000000e+09, 3.8400989771e-01, -4.0951225907e-02, -8.2640410112e+00, -8.0435395887e+02, -5.0000000000e+01, 1.7513735899e+09
4.9120000000e+09, -9.1874599457e-02, -3.7835726142e-01, -8.1931466629e+00, -8.0605673004e+02, -5.0000000000e+01, 1.7513735899e+09
4.9200000000e+09, -3.6844086647e-01, 1.3665401936e-01, -8.1128803412e+00, -8.0774448162e+02, -5.0000000000e+01, 1.7513735899e+09
4.9280000000e+09, 1.7776478827e-01, 3.5805627704e-01, -7.9641067612e+00, -8.0942092924e+02, -5.0000000000e+01, 1.7513735899e+09
4.9360000000e+09, 3.3876585960e-01, -2.2108122706e-01, -7.8611260831e+00, -8.1110911088e+02, -5.0000000000e+01, 1.7513735899e+09
4.9440000000e+09, -2.5640189648e-01, -3.1683003902e-01, -7.7956969568e+00, -8.1278207045e+02, -5.0000000000e+01, 1.7513735899e+09
4.9520000000e+09, -2.8928184509e-01, 2.8723558783e-01, -7.7939963619e+00, -8.1445434612e+02, -5.0000000000e+01, 1.7513735899e+09
4.9600000000e+09, 3.1866142154e-01, 2.5941076875e-01, -7.7252710395e+00, -8.1613083206e+02, -5.0000000000e+01, 1.7513735899e+09
4.9680000000e+09, 2.2942326963e-01, -3.3893477917e-01, -7.7595453973e+00, -8.1778983587e+02, -5.0000000000e+01, 1.7513735899e+09
4.9760000000e+09, -3.5392260551e-01, -1.8796898425e-01, -7.9427190222e+00, -8.1946746411e+02, -5.0000000000e+01, 1.7513735899e+09
4.9840000000e+09, -1.5626165271e-01, 3.7427109480e-01, -7.8384318893e+00, -8.2113097005e+02, -5.0000000000e+01, 1.7513735899e+09
4.9920000000e+09, 3.8724365830e-01, 1.2133727968e-01, -7.8335812283e+00, -8.2279362916e+02, -5.0000000000e+01, 1.7513735899e+09
5.0000000000e+09, 8.7205104530e-02, -3.9730858803e-01, -7.8131001326e+00, -8.2445200815e+02, -5.0000000000e+01, 1.7513735899e+09
5.0080000000e+09, -4.0099105239e-01, -4.8586584628e-02, -7.8740099577e+00, -8.2611828943e+02, -5.0000000000e+01, 1.7513735899e+09
5.0160000000e+09, -1.2401213869e-02, 4.0232408047e-01, -7.9043551133e+00, -8.2777885004e+02, -5.0000000000e+01, 1.7513735899e+09
5.0240000000e+09, 4.0484508872e-01, -2.1429577842e-02, -7.8420711045e+00, -8.2943334398e+02, -5.0000000000e+01, 1.7513735899e+09
5.0320000000e+09, -6.3385084271e-02, -4.0006503463e-01, -7.8497161379e+00, -8.3110838773e+02, -5.0000000000e+01, 1.7513735899e+09
5.0400000000e+09, -3.9210465550e-01, 9.5983788371e-02, -7.8792178631e+00, -8.3276212353e+02, -5.0000000000e+01, 1.7513735899e+09
5.0480000000e+09, 1.3016021252e-01, 3.7922993302e-01, -7.9383004488e+00, -8.3442347369e+02, -5.0000000000e+01, 1.7513735899e+09
5.0560000000e+09, 3.6513733864e-01, -1.5843503177e-01, -8.0017097878e+00, -8.3607303514e+02, -5.0000000000e+01, 1.7513735899e+09
5.0640000000e+09, -1.8828390539e-01, -3.4888088703e-01, -8.0363393249e+00, -8.3772932736e+02, -5.0000000000e+01, 1.7513735899e+09
5.0720000000e+09, -3.3654558659e-01, 2.2336493432e-01, -7.8740007628e+00, -8.3939118369e+02, -5.0000000000e+01, 1.7513735899e+09
5.0800000000e+09, 2.4787361920e-01, 3.1121191382e-01, -8.0053503498e+00, -8.4104862487e+02, -5.0000000000e+01, 1.7513735899e+09
5.0880000000e+09, 2.8548410535e-01, -2.7330932021e-01, -8.0632130898e+00, -8.4271044514e+02, -5.0000000000e+01, 1.7513735899e+09
5.0960000000e+09, -2.9443380237e-01, -2.6451018453e-01, -8.0505046704e+00, -8.4435651058e+02, -5.0000000000e+01, 1.7513735899e+09
5.1040000000e+09, -2.3266851902e-01, 3.2091686130e-01, -8.0376225067e+00, -8.4603190420e+02, -5.0000000000e+01, 1.7513735899e+09
5.1120000000e+09, 3.3648812771e-01, 2.0213225484e-01, -8.1224891452e+00, -8.4768907404e+02, -5.0000000000e+01, 1.7513735899e+09
5.1200000000e+09, 1.7929314077e-01, -3.4836167097e-01, -8.1388628949e+00, -8.4932549401e+02, -5.0000000000e+01, 1.7513735899e+09
5.1280000000e+09, -3.6136764288e-01, -1.4722384512e-01, -8.1741008464e+00, -8.5098473343e+02, -5.0000000000e+01, 1.7513735899e+09
5.1360000000e+09, -1.1768130958e-01, 3.7570017576e-01, -8.0966966722e+00, -8.5263885386e+02, -5.0000000000e+01, 1.7513735899e+09
5.1440000000e+09, 3.8727855682e-01, 7.8057676554e-02, -8.0665919507e+00, -8.5431431210e+02, -5.0000000000e+01, 1.7513735899e+09
5.1520000000e+09, 4.3717216700e-02, -3.8843342662e-01, -8.1590017461e+00, -8.5597192222e+02, -5.0000000000e+01, 1.7513735899e+09
5.1600000000e+09, -3.8432833552e-01, -1.0744214989e-02, -8.3025590916e+00, -8.5762684589e+02, -5.0000000000e+01, 1.7513735899e+09
5.1680000000e+09, 2.6318944991e-02, 3.9297536016e-01, -8.0932570705e+00, -8.5929246441e+02, -5.0000000000e+01, 1.7513735899e+09
5.1760000000e+09, 3.8523975015e-01, -6.2316473573e-02, -8.1732003540e+00, -8.6095675817e+02, -5.0000000000e+01, 1.7513735899e+09
5.1840000000e+09, -9.3895159662e-02, -3.7182959914e-01, -8.3246541930e+00, -8.6261453432e+02, -5.0000000000e+01, 1.7513735899e+09
5.1920000000e+09, -3.6455386877e-01, 1.2708544731e-01, -8.2666733737e+00, -8.6427341161e+02, -5.0000000000e+01, 1.7513735899e+09
5.2000000000e+09, 1.6240519285e-01, 3.5276818275e-01, -8.2153865213e+00, -8.6594022319e+02, -5.0000000000e+01, 1.7513735899e+09
5.2080000000e+09, 3.2989656925e-01, -2.0110063255e-01, -8.2601812556e+00, -8.6762701129e+02, -5.0000000000e+01, 1.7513735899e+09
5.2160000000e+09, -2.3947507143e-01, -3.0301102996e-01, -8.2633599620e+00, -8.6931917806e+02, -5.0000000000e+01, 1.7513735899e+09
5.2240000000e+09, -9.7148708999e-02, 8.2259058952e-02, -1.7903663899e+01, -8.7092375963e+02, -5.0000000000e+01, 1.7513735899e+09
5.2320000000e+09, 2.6418173313e-01, 2.7298268676e-01, -8.4069895265e+00, -8.7256097690e+02, -5.0000000000e+01, 1.7513735899e+09
5.2400000000e+09, 2.2762855887e-01, -2.9414021969e-01, -8.5907348351e+00, -8.7427494550e+02, -5.0000000000e+01, 1.7513735899e+09
5.2480000000e+09, -3.1583616137e-01, -1.9458352029e-01, -8.6133350851e+00, -8.7595218385e+02, -5.0000000000e+01, 1.7513735899e+09
5.2560000000e+09, -1.5849223733e-01, 3.3512991667e-01, -8.6191260626e+00, -8.7763339047e+02, -5.0000000000e+01, 1.7513735899e+09
5.2640000000e+09, 3.4524145722e-01, 1.1428654194e-01, -8.7859421339e+00, -8.7932626359e+02, -5.0000000000e+01, 1.7513735899e+09
5.2720000000e+09, 6.9796390831e-02, -3.5231259465e-01, -8.8942476466e+00, -8.8102116244e+02, -5.0000000000e+01, 1.7513735899e+09
5.2800000000e+09, -3.5532221198e-01, -1.7144871876e-02, -8.9774532861e+00, -8.8273932143e+02, -5.0000000000e+01, 1.7513735899e+09
5.2880000000e+09, 4.3061733246e-02, 3.4006786346e-01, -9.2996041606e+00, -8.8448428851e+02, -5.0000000000e+01, 1.7513735899e+09
5.2960000000e+09, 2.9992839694e-01, -9.1492116451e-02, -1.0073234539e+01, -8.8622520850e+02, -5.0000000000e+01, 1.7513735899e+09
5.3040000000e+09, -1.3021236658e-01, -2.5559708476e-01, -1.0846786396e+01, -8.8797109877e+02, -5.0000000000e+01, 1.7513735899e+09
5.3120000000e+09, -1.8905614316e-01, 1.6294416785e-01, -1.2055605642e+01, -8.8978207307e+02, -5.0000000000e+01, 1.7513735899e+09
5.3200000000e+09, 1.4729635418e-01, 9.9861420691e-02, -1.4993722422e+01, -8.9161653146e+02, -5.0000000000e+01, 1.7513735899e+09
5.3280000000e+09, 3.3970817923e-02, -9.2465721071e-02, -2.0130525220e+01, -8.9343102925e+02, -5.0000000000e+01, 1.7513735899e+09
5.3360000000e+09, -2.2741074208e-03, -3.4852323588e-03, -4.7614920041e+01, -8.9436123928e+02, -5.0000000000e+01, 1.7513735899e+09
5.3440000000e+09, -4.4943403453e-02, -8.4261462092e-02, -2.0400097567e+01, -8.9427310383e+02, -5.0000000000e+01, 1.7513735899e+09
5.3520000000e+09, -1.2527354062e-01, 1.0993400216e-01, -1.5562842551e+01, -8.9607417963e+02, -5.0000000000e+01, 1.7513735899e+09
5.3600000000e+09, 1.8420442939e-01, 1.3352997601e-01, -1.2859929260e+01, -8.9786825563e+02, -5.0000000000e+01, 1.7513735899e+09
5.3680000000e+09, 1.0489014536e-01, -2.5462049246e-01, -1.1201386829e+01, -8.9967553236e+02, -5.0000000000e+01, 1.7513735899e+09
5.3760000000e+09, -2.8681758046e-01, -5.6304309517e-02, -1.0683667193e+01, -9.0144324945e+02, -5.0000000000e+01, 1.7513735899e+09
5.3840000000e+09, -2.0073447376e-02, 3.0851617456e-01, -1.0196094683e+01, -9.0314291500e+02, -5.0000000000e+01, 1.7513735899e+09
5.3920000000e+09, 3.3054640889e-01, -2.5635521859e-02, -9.5893075402e+00, -9.0485608429e+02, -5.0000000000e+01, 1.7513735899e+09
5.4000000000e+09, -8.4484465420e-02, -3.3325576782e-01, -9.2739342988e+00, -9.0659776226e+02, -5.0000000000e+01, 1.7513735899e+09
5.4080000000e+09, -3.1902128458e-01, 1.2477047741e-01, -9.3054558100e+00, -9.0829309079e+02, -5.0000000000e+01, 1.7513735899e+09
5.4160000000e+09, 1.5559263527e-01, 3.0580523610e-01, -9.2912794172e+00, -9.0996173324e+02, -5.0000000000e+01, 1.7513735899e+09
5.4240000000e+09, 2.9658994079e-01, -1.9649095833e-01, -8.9765450114e+00, -9.1164698227e+02, -5.0000000000e+01, 1.7513735899e+09
5.4320000000e+09, -2.3165129125e-01, -2.6990669966e-01, -8.9786845960e+00, -9.1334193827e+02, -5.0000000000e+01, 1.7513735899e+09
5.4400000000e+09, -2.4646781385e-01, 2.5353172421e-01, -9.0300411480e+00, -9.1500298725e+02, -5.0000000000e+01, 1.7513735899e+09
5.4480000000e+09, 2.7868118882e-01, 2.2269050777e-01, -8.9532764542e+00, -9.1667087088e+02, -5.0000000000e+01, 1.7513735899e+09
5.4560000000e+09, 2.0024134219e-01, -3.0691000819e-01, -8.7195519994e+00, -9.1833776034e+02, -5.0000000000e+01, 1.7513735899e+09
5.4640000000e+09, -3.2543540001e-01, -1.6173291206e-01, -8.7920984916e+00, -9.2002542367e+02, -5.0000000000e+01, 1.7513735899e+09
5.4720000000e+09, -1.3117676973e-01, 3.3868172765e-01, -8.7971353012e+00, -9.2168791974e+02, -5.0000000000e+01, 1.7513735899e+09
5.4800000000e+09, 3.5077419877e-01, 9.9855415523e-02, -8.7610381337e+00, -9.2335090485e+02, -5.0000000000e+01, 1.7513735899e+09
5.4880000000e+09, 6.3248500228e-02, -3.5647469759e-01, -8.8248151593e+00, -9.2502343619e+02, -5.0000000000e+01, 1.7513735899e+09
5.4960000000e+09, -3.5489344597e-01, -3.5653036088e-02, -8.9544291223e+00, -9.2666970750e+02, -5.0000000000e+01, 1.7513735899e+09
5.5040000000e+09, -5.9806546196e-03, 3.5676601529e-01, -8.9511101804e+00, -9.2832386718e+02, -5.0000000000e+01, 1.7513735899e+09
5.5120000000e+09, 3.5923230648e-01, -2.5342373177e-02, -8.8709322210e+00, -9.2998185470e+02, -5.0000000000e+01, 1.7513735899e+09
5.5200000000e+09, -5.7266809046e-02, -3.5307422280e-01, -8.9299061816e+00, -9.3164301635e+02, -5.0000000000e+01, 1.7513735899e+09
5.5280000000e+09, -3.5187426209e-01, 8.4870591760e-02, -8.8266733170e+00, -9.3328969346e+02, -5.0000000000e+01, 1.7513735899e+09
5.5360000000e+09, 1.1626306176e-01, 3.4433096647e-01, -8.7915993441e+00, -9.3494944420e+02, -5.0000000000e+01, 1.7513735899e+09
5.5440000000e+09, 3.3352109790e-01, -1.4733803272e-01, -8.7632858413e+00, -9.3661059561e+02, -5.0000000000e+01, 1.7513735899e+09
5.5520000000e+09, -1.7563451827e-01, -3.1509828567e-01, -8.8560784042e+00, -9.3827391087e+02, -5.0000000000e+01, 1.7513735899e+09
5.5600000000e+09, -3.0040368438e-01, 1.9789977372e-01, -8.8804325765e+00, -9.3991872575e+02, -5.0000000000e+01, 1.7513735899e+09
5.5680000000e+09, 2.2141620517e-01, 2.8918096423e-01, -8.7729023786e+00, -9.4156045232e+02, -5.0000000000e+01, 1.7513735899e+09
5.5760000000e+09, 2.6660355926e-01, -2.5470474362e-01, -8.6661451335e+00, -9.4324037329e+02, -5.0000000000e+01, 1.7513735899e+09
5.5840000000e+09, -2.7432316542e-01, -2.4056145549e-01, -8.7574686163e+00, -9.4489946824e+02, -5.0000000000e+01, 1.7513735899e+09
5.5920000000e+09, -2.2320644557e-01, 2.8808167577e-01, -8.7676212979e+00, -9.4653099830e+02, -5.0000000000e+01, 1.7513735899e+09
5.6000000000e+09, 3.1644389033e-01, 1.9766969979e-01, -8.5632942320e+00, -9.4820262692e+02, -5.0000000000e+01, 1.7513735899e+09
5.6080000000e+09, 1.6685426235e-01, -3.3597266674e-01, -8.5165041500e+00, -9.4987082936e+02, -5.0000000000e+01, 1.7513735899e+09
5.6160000000e+09, -3.4566125274e-01, -1.3045063615e-01, -8.6487030720e+00, -9.5154170578e+02, -5.0000000000e+01, 1.7513735899e+09
5.6240000000e+09, -1.0395389795e-01, 3.5348904133e-01, -8.6722524286e+00, -9.5318735399e+02, -5.0000000000e+01, 1.7513735899e+09
5.6320000000e+09, 3.6264669895e-01, 7.2597682476e-02, -8.6396771097e+00, -9.5484658993e+02, -5.0000000000e+01, 1.7513735899e+09
5.6400000000e+09, 3.9912465960e-02, -3.7067607045e-01, -8.5700471486e+00, -9.5650770148e+02, -5.0000000000e+01, 1.7513735899e+09
5.6480000000e+09, -3.6991554499e-01, -7.7680856921e-03, -8.6360336112e+00, -9.5816476281e+02, -5.0000000000e+01, 1.7513735899e+09
5.6560000000e+09, 2.1473348141e-02, 3.6662161350e-01, -8.7007655315e+00, -9.5981505971e+02, -5.0000000000e+01, 1.7513735899e+09
5.6640000000e+09, 3.7829509377e-01, -5.7210955769e-02, -8.3451745186e+00, -9.6147744825e+02, -5.0000000000e+01, 1.7513735899e+09
5.6720000000e+09, -9.3858093023e-02, -3.6367517710e-01, -8.5056848594e+00, -9.6315071919e+02, -5.0000000000e+01, 1.7513735899e+09
5.6800000000e+09, -3.5263752937e-01, 1.2926532328e-01, -8.5058765105e+00, -9.6482030169e+02, -5.0000000000e+01, 1.7513735899e+09
5.6880000000e+09, 1.6258744895e-01, 3.3814278245e-01, -8.5147378565e+00, -9.6648793112e+02, -5.0000000000e+01, 1.7513735899e+09
5.6960000000e+09, 3.2267689705e-01, -1.9960545003e-01, -8.4174996983e+00, -9.6816451558e+02, -5.0000000000e+01, 1.7513735899e+09
5.7040000000e+09, -2.2660803795e-01, -2.9596695304e-01, -8.5714882475e+00, -9.6983477774e+02, -5.0000000000e+01, 1.7513735899e+09
5.7120000000e+09, -2.7088662982e-01, 2.4501992762e-01, -8.7479751672e+00, -9.7148743173e+02, -5.0000000000e+01, 1.7513735899e+09
5.7200000000e+09, 2.7324464917e-01, 2.5039461255e-01, -8.6213940074e+00, -9.7315193376e+02, -5.0000000000e+01, 1.7513735899e+09
5.7280000000e+09, 2.2333568335e-01, -3.0306351185e-01, -8.4854949043e+00, -9.7482943719e+02, -5.0000000000e+01, 1.7513735899e+09
5.7360000000e+09, -3.1995174289e-01, -1.8266274035e-01, -8.6730881028e+00, -9.7651656231e+02, -5.0000000000e+01, 1.7513735899e+09
5.7440000000e+09, -1.4830410481e-01, 3.3342096209e-01, -8.7561432418e+00, -9.7818759425e+02, -5.0000000000e+01, 1.7513735899e+09
5.7520000000e+09, 3.4313014150e-01, 1.0932758451e-01, -8.8709078143e+00, -9.7986845872e+02, -5.0000000000e+01, 1.7513735899e+09
5.7600000000e+09, 6.8356938660e-02, -3.5229274631e-01, -8.9014196753e+00, -9.8155605129e+02, -5.0000000000e+01, 1.7513735899e+09
5.7680000000e+09, -3.4442088008e-01, -3.0262378976e-02, -9.2248110200e+00, -9.8323086111e+02, -5.0000000000e+01, 1.7513735899e+09
5.7760000000e+09, 2.7451205533e-03, 3.3965069056e-01, -9.3790662823e+00, -9.8489737891e+02, -5.0000000000e+01, 1.7513735899e+09
5.7840000000e+09, 3.3726057410e-01, -4.1461028159e-02, -9.3755448577e+00, -9.8658241418e+02, -5.0000000000e+01, 1.7513735899e+09
5.7920000000e+09, -8.3446905017e-02, -3.1819641590e-01, -9.6572319135e+00, -9.8828736368e+02, -5.0000000000e+01, 1.7513735899e+09
5.8000000000e+09, -2.9050713777e-01, 1.1431442201e-01, -1.0111638601e+01, -9.8997657587e+02, -5.0000000000e+01, 1.7513735899e+09
5.8080000000e+09, 1.4824071526e-01, 2.6527029276e-01, -1.0345930204e+01, -9.9168207859e+02, -5.0000000000e+01, 1.7513735899e+09
5.8160000000e+09, 2.2431778908e-01, -1.8000651896e-01, -1.0823851830e+01, -9.9341951894e+02, -5.0000000000e+01, 1.7513735899e+09
5.8240000000e+09, -1.7927217483e-01, -1.7575585842e-01, -1.2004621021e+01, -9.9510937704e+02, -5.0000000000e+01, 1.7513735899e+09
5.8320000000e+09, -1.4729011059e-01, 1.7110356689e-01, -1.2926784880e+01, -9.9674492285e+02, -5.0000000000e+01, 1.7513735899e+09
5.8400000000e+09, 1.7367357016e-01, 1.1494963616e-01, -1.3627512224e+01, -9.9844178812e+02, -5.0000000000e+01, 1.7513735899e+09
5.8480000000e+09, 8.2010135055e-02, -1.6002087295e-01, -1.4903628356e+01, -1.0001236654e+03, -5.0000000000e+01, 1.7513735899e+09
5.8560000000e+09, -1.3556553423e-01, -5.5780678987e-02, -1.6677737252e+01, -1.0017777044e+03, -5.0000000000e+01, 1.7513735899e+09
5.8640000000e+09, -4.5400731265e-02, 1.0925223678e-01, -1.8539564229e+01, -1.0033450060e+03, -5.0000000000e+01, 1.7513735899e+09
5.8720000000e+09, 7.8313998878e-02, 3.4007139504e-02, -2.1372982109e+01, -1.0048999775e+03, -5.0000000000e+01, 1.7513735899e+09
5.8800000000e+09, 4.6018373221e-02, -4.8755127937e-02, -2.3472941522e+01, -1.0061239161e+03, -5.0000000000e+01, 1.7513735899e+09
5.8880000000e+09, -1.9467614591e-02, -6.6135860980e-02, -2.3230376566e+01, -1.0071667180e+03, -5.0000000000e+01, 1.7513735899e+09
5.8960000000e+09, -9.5268540084e-02, 8.4475046024e-03, -2.0386997153e+01, -1.0085396810e+03, -5.0000000000e+01, 1.7513735899e+09
5.9040000000e+09, 1.0391274467e-02, 1.3139596581e-01, -1.7601282197e+01, -1.0101009575e+03, -5.0000000000e+01, 1.7513735899e+09
5.9120000000e+09, 1.6097277403e-01, -1.9623627886e-02, -1.5800884965e+01, -1.0117141424e+03, -5.0000000000e+01, 1.7513735899e+09
5.9200000000e+09, -3.9030000567e-02, -1.9519151747e-01, -1.4020518845e+01, -1.0133609854e+03, -5.0000000000e+01, 1.7513735899e+09
5.9280000000e+09, -2.2158278525e-01, 8.3029195666e-02, -1.2518679847e+01, -1.0150929432e+03, -5.0000000000e+01, 1.7513735899e+09
5.9360000000e+09, 1.2253550440e-01, 2.1194751561e-01, -1.2223071779e+01, -1.0168294149e+03, -5.0000000000e+01, 1.7513735899e+09
5.9440000000e+09, 2.1598644555e-01, -1.4508365095e-01, -1.1694151134e+01, -1.0184675166e+03, -5.0000000000e+01, 1.7513735899e+09
5.9520000000e+09, -1.9161808491e-01, -2.2929616272e-01, -1.0491766486e+01, -1.0201429373e+03, -5.0000000000e+01, 1.7513735899e+09
5.9600000000e+09, -1.9387246668e-01, 2.4832673371e-01, -1.0032576701e+01, -1.0219255379e+03, -5.0000000000e+01, 1.7513735899e+09
5.9680000000e+09, 2.6901108026e-01, 1.6195502877e-01, -1.0061389743e+01, -1.0236172880e+03, -5.0000000000e+01, 1.7513735899e+09
5.9760000000e+09, 1.3437521458e-01, -2.9028636217e-01, -9.9002728556e+00, -1.0252964671e+03, -5.0000000000e+01, 1.7513735899e+09
5.9840000000e+09, -3.1766319275e-01, -1.0503511876e-01, -9.5100585101e+00, -1.0269814647e+03, -5.0000000000e+01, 1.7513735899e+09
5.9920000000e+09, -6.0374598950e-02, 3.2902595401e-01, -9.5115760821e+00, -1.0286901179e+03, -5.0000000000e+01, 1.7513735899e+09
6.0000000000e+09, 3.3011063933e-01, 2.5349501520e-02, -9.6012751009e+00, -1.0303657499e+03, -5.0000000000e+01, 1.7513735899e+09
6.0080000000e+09, -4.8497193493e-03, -3.3507728577e-01, -9.4961905566e+00, -1.0320276591e+03, -5.0000000000e+01, 1.7513735899e+09
6.0160000000e+09, -3.4155720472e-01, 3.4603640437e-02, -9.2863822079e+00, -1.0336849499e+03, -5.0000000000e+01, 1.7513735899e+09
6.0240000000e+09, 7.6587036252e-02, 3.3867627382e-01, -9.1877085159e+00, -1.0353771752e+03, -5.0000000000e+01, 1.7513735899e+09
6.0320000000e+09, 3.2685700059e-01, -1.1229677498e-01, -9.2282815476e+00, -1.0370565067e+03, -5.0000000000e+01, 1.7513735899e+09
6.0400000000e+09, -1.4711087942e-01, -3.1829154491e-01, -9.1026751641e+00, -1.0387293160e+03, -5.0000000000e+01, 1.7513735899e+09
6.0480000000e+09, -2.9711341858e-01, 1.8543604016e-01, -9.1128674186e+00, -1.0404251385e+03, -5.0000000000e+01, 1.7513735899e+09
6.0560000000e+09, 2.2404116392e-01, 2.5943401456e-01, -9.2996046629e+00, -1.0421502881e+03, -5.0000000000e+01, 1.7513735899e+09
6.0640000000e+09, 2.6692017913e-01, -1.2104523182e-01, -1.0660152786e+01, -1.0434345122e+03, -5.0000000000e+01, 1.7513735899e+09
6.0720000000e+09, -2.2779233754e-01, -2.5600606203e-01, -9.3022666107e+00, -1.0453067043e+03, -5.0000000000e+01, 1.7513735899e+09
6.0800000000e+09, -2.2801049054e-01, 2.5909206271e-01, -9.2402450016e+00, -1.0469994745e+03, -5.0000000000e+01, 1.7513735899e+09
6.0880000000e+09, 2.8097179532e-01, 2.0135277510e-01, -9.2267538166e+00, -1.0486701463e+03, -5.0000000000e+01, 1.7513735899e+09
6.0960000000e+09, 1.7069578171e-01, -2.9923465848e-01, -9.2562820494e+00, -1.0503443411e+03, -5.0000000000e+01, 1.7513735899e+09
6.1040000000e+09, -3.1806316972e-01, -1.3930033147e-01, -9.1876519739e+00, -1.0520207388e+03, -5.0000000000e+01, 1.7513735899e+09
6.1120000000e+09, -1.1621412635e-01, 2.8586262465e-01, -1.0212573953e+01, -1.0536182051e+03, -5.0000000000e+01, 1.7513735899e+09
6.1200000000e+09, 3.3307960629e-01, 7.8139424324e-02, -9.3163676792e+00, -1.0553447017e+03, -5.0000000000e+01, 1.7513735899e+09
6.1280000000e+09, 4.3490059674e-02, -3.3555480838e-01, -9.4123845812e+00, -1.0570170400e+03, -5.0000000000e+01, 1.7513735899e+09
6.1360000000e+09, -3.3054703474e-01, -1.3586825691e-02, -9.6080032846e+00, -1.0586756433e+03, -5.0000000000e+01, 1.7513735899e+09
6.1440000000e+09, 1.1761850677e-02, 3.2442435622e-01, -9.7720263926e+00, -1.0603237592e+03, -5.0000000000e+01, 1.7513735899e+09
6.1520000000e+09, 3.1695410609e-01, -4.0177006275e-02, -9.9108445252e+00, -1.0619844042e+03, -5.0000000000e+01, 1.7513735899e+09
6.1600000000e+09, -6.5961852670e-02, -3.1021049619e-01, -9.9748181440e+00, -1.0636386285e+03, -5.0000000000e+01, 1.7513735899e+09
6.1680000000e+09, -2.9681777954e-01, 8.9898668230e-02, -1.0169036462e+01, -1.0652940018e+03, -5.0000000000e+01, 1.7513735899e+09
6.1760000000e+09, 1.0746909678e-01, 2.7791327238e-01, -1.0516584750e+01, -1.0669396945e+03, -5.0000000000e+01, 1.7513735899e+09
6.1840000000e+09, 2.6665991545e-01, -1.1321387440e-01, -1.0761092097e+01, -1.0685430025e+03, -5.0000000000e+01, 1.7513735899e+09
6.1920000000e+09, -1.1983477324e-01, -2.6359942555e-01, -1.0765226754e+01, -1.0701389790e+03, -5.0000000000e+01, 1.7513735899e+09
6.2000000000e+09, -2.6687991619e-01, 1.4091154933e-01, -1.0405724272e+01, -1.0717688877e+03, -5.0000000000e+01, 1.7513735899e+09
6.2080000000e+09, 1.5831156075e-01, 2.5284025073e-01, -1.0506551689e+01, -1.0734133047e+03, -5.0000000000e+01, 1.7513735899e+09
6.2160000000e+09, 2.6052841544e-01, -1.7161366344e-01, -1.0117697655e+01, -1.0750071641e+03, -5.0000000000e+01, 1.7513735899e+09
6.2240000000e+09, -2.0368255675e-01, -2.6401671767e-01, -9.5392875809e+00, -1.0766525885e+03, -5.0000000000e+01, 1.7513735899e+09
6.2320000000e+09, -2.4289120734e-01, 2.4355667829e-01, -9.2695654279e+00, -1.0783530464e+03, -5.0000000000e+01, 1.7513735899e+09
6.2400000000e+09, 2.7057534456e-01, 2.1810054779e-01, -9.1800905221e+00, -1.0800294464e+03, -5.0000000000e+01, 1.7513735899e+09
6.2480000000e+09, 1.9514198601e-01, -2.9043012857e-01, -9.1211195793e+00, -1.0816870475e+03, -5.0000000000e+01, 1.7513735899e+09
6.2560000000e+09, -3.1555908918e-01, -1.6504928470e-01, -8.9681634294e+00, -1.0833675581e+03, -5.0000000000e+01, 1.7513735899e+09
6.2640000000e+09, -1.2829346955e-01, 3.2545715570e-01, -9.1228396359e+00, -1.0850447700e+03, -5.0000000000e+01, 1.7513735899e+09
6.2720000000e+09, 3.2704991102e-01, 1.0641382635e-01, -9.2706831840e+00, -1.0866764872e+03, -5.0000000000e+01, 1.7513735899e+09
6.2800000000e+09, 8.2414336503e-02, -3.3855944872e-01, -9.1572900368e+00, -1.0883230721e+03, -5.0000000000e+01, 1.7513735899e+09
6.2880000000e+09, -3.5240605473e-01, -5.3226664662e-02, -8.9611727457e+00, -1.0899827460e+03, -5.0000000000e+01, 1.7513735899e+09
6.2960000000e+09, -1.8399996683e-02, 3.6032837629e-01, -8.8547208457e+00, -1.0916524269e+03, -5.0000000000e+01, 1.7513735899e+09
6.3040000000e+09, 3.5527125001e-01, -1.8795650452e-02, -8.9766600290e+00, -1.0933270992e+03, -5.0000000000e+01, 1.7513735899e+09
6.3120000000e+09, -4.6511299908e-02, -3.5505765677e-01, -8.9201292955e+00, -1.0949752946e+03, -5.0000000000e+01, 1.7513735899e+09
6.3200000000e+09, -3.5141059756e-01, 8.2192353904e-02, -8.8523896953e+00, -1.0966455984e+03, -5.0000000000e+01, 1.7513735899e+09
6.3280000000e+09, 1.1587128788e-01, 3.3816546202e-01, -8.9353019958e+00, -1.0983167415e+03, -5.0000000000e+01, 1.7513735899e+09
6.3360000000e+09, 3.2237571478e-01, -1.4224047959e-01, -9.0602369852e+00, -1.0999729621e+03, -5.0000000000e+01, 1.7513735899e+09
6.3440000000e+09, -1.6593137384e-01, -3.0728891492e-01, -9.1378365952e+00, -1.1016233467e+03, -5.0000000000e+01, 1.7513735899e+09
6.3520000000e+09, -2.9668217897e-01, 1.9220265746e-01, -9.0322141794e+00, -1.1032738769e+03, -5.0000000000e+01, 1.7513735899e+09
6.3600000000e+09, 2.1926537156e-01, 2.7695211768e-01, -9.0385578910e+00, -1.1049394825e+03, -5.0000000000e+01, 1.7513735899e+09
6.3680000000e+09, 2.5593030453e-01, -2.4098606408e-01, -9.0807077309e+00, -1.1065959473e+03, -5.0000000000e+01, 1.7513735899e+09
6.3760000000e+09, -2.6317584515e-01, -2.3899699748e-01, -8.9831790236e+00, -1.1082449199e+03, -5.0000000000e+01, 1.7513735899e+09
6.3840000000e+09, -2.1355630457e-01, 2.8489398956e-01, -8.9698049318e+00, -1.1099097585e+03, -5.0000000000e+01, 1.7513735899e+09
6.3920000000e+09, 3.0465924740e-01, 1.8572159112e-01, -8.9513827864e+00, -1.1115763478e+03, -5.0000000000e+01, 1.7513735899e+09
6.4000000000e+09, 1.5512359142e-01, -3.1730204821e-01, -9.0398061817e+00, -1.1132398811e+03, -5.0000000000e+01, 1.7513735899e+09
6.4080000000e+09, -3.2911095023e-01, -1.2817780674e-01, -9.0398183916e+00, -1.1148939988e+03, -5.0000000000e+01, 1.7513735899e+09
6.4160000000e+09, -9.3599140644e-02, 3.4170371294e-01, -9.0127936565e+00, -1.1165688274e+03, -5.0000000000e+01, 1.7513735899e+09
6.4240000000e+09, 3.4377598763e-01, 6.1471510678e-02, -9.1378017606e+00, -1.1182300420e+03, -5.0000000000e+01, 1.7513735899e+09
6.4320000000e+09, 3.2157093287e-02, -3.4743875265e-01, -9.1453900090e+00, -1.1198854892e+03, -5.0000000000e+01, 1.7513735899e+09
6.4400000000e+09, -3.4652870893e-01, 1.4181055594e-03, -9.2051428586e+00, -1.1215526696e+03, -5.0000000000e+01, 1.7513735899e+09
6.4480000000e+09, 4.3632958084e-02, 3.4876012802e-01, -9.0820132547e+00, -1.1232438358e+03, -5.0000000000e+01, 1.7513735899e+09
6.4560000000e+09, 3.3734637499e-01, -8.1747539341e-02, -9.1906616407e+00, -1.1249279124e+03, -5.0000000000e+01, 1.7513735899e+09
6.4640000000e+09, -1.2355624139e-01, -3.1525883079e-01, -9.4060974686e+00, -1.1266344878e+03, -5.0000000000e+01, 1.7513735899e+09
6.4720000000e+09, -2.5484141707e-01, 1.6972652078e-01, -1.0280229807e+01, -1.1284193094e+03, -5.0000000000e+01, 1.7513735899e+09
6.4800000000e+09, 8.4352068603e-02, 1.7188143730e-01, -1.4358253100e+01, -1.1298587851e+03, -5.0000000000e+01, 1.7513735899e+09
6.4880000000e+09, 2.8783062100e-01, -5.6653983891e-02, -1.0652181364e+01, -1.1311677019e+03, -5.0000000000e+01, 1.7513735899e+09
6.4960000000e+09, -1.3726079464e-01, -3.0485403538e-01, -9.5164945981e+00, -1.1329672141e+03, -5.0000000000e+01, 1.7513735899e+09
6.5040000000e+09, -2.9098549485e-01, 1.8710292876e-01, -9.2197818664e+00, -1.1346863847e+03, -5.0000000000e+01, 1.7513735899e+09
6.5120000000e+09, 2.2288420796e-01, 2.6106485724e-01, -9.2873590369e+00, -1.1363924116e+03, -5.0000000000e+01, 1.7513735899e+09
6.5200000000e+09, 2.3857443035e-01, -2.5206601620e-01, -9.1917504064e+00, -1.1380694297e+03, -5.0000000000e+01, 1.7513735899e+09
6.5280000000e+09, -2.7650904656e-01, -2.0286259055e-01, -9.2955396473e+00, -1.1397651745e+03, -5.0000000000e+01, 1.7513735899e+09
6.5360000000e+09, -1.5864312649e-01, 2.9959174991e-01, -9.3959358140e+00, -1.1414819372e+03, -5.0000000000e+01, 1.7513735899e+09
6.5440000000e+09, 3.0383145809e-01, 1.2602458894e-01, -9.6578979046e+00, -1.1431465396e+03, -5.0000000000e+01, 1.7513735899e+09
6.5520000000e+09, 9.6107922494e-02, -3.1326070428e-01, -9.6912108523e+00, -1.1448128400e+03, -5.0000000000e+01, 1.7513735899e+09
6.5600000000e+09, -3.2815828919e-01, -4.8221677542e-02, -9.5855523046e+00, -1.1465354164e+03, -5.0000000000e+01, 1.7513735899e+09
6.5680000000e+09, 5.4396982305e-03, 3.2016241550e-01, -9.8913395242e+00, -1.1482691037e+03, -5.0000000000e+01, 1.7513735899e+09
6.5760000000e+09, 2.9643759131e-01, -4.7378800809e-02, -1.0451788347e+01, -1.1499813980e+03, -5.0000000000e+01, 1.7513735899e+09
6.5840000000e+09, -9.3290165067e-02, -2.6784032583e-01, -1.0945198664e+01, -1.1517288717e+03, -5.0000000000e+01, 1.7513735899e+09
6.5920000000e+09, -2.0624908805e-01, 1.3401225209e-01, -1.2182591976e+01, -1.1535407098e+03, -5.0000000000e+01, 1.7513735899e+09
6.6000000000e+09, 1.2978093326e-01, 1.3075228036e-01, -1.4692977660e+01, -1.1553169701e+03, -5.0000000000e+01, 1.7513735899e+09
6.6080000000e+09, 7.5988888740e-02, -8.8052995503e-02, -1.8687779233e+01, -1.1569649054e+03, -5.0000000000e+01, 1.7513735899e+09
6.6160000000e+09, -2.4569902569e-02, -3.9324190468e-02, -2.6675469827e+01, -1.1582353510e+03, -5.0000000000e+01, 1.7513735899e+09
6.6240000000e+09, -6.5930306911e-02, -4.5895867050e-02, -2.1902224533e+01, -1.1586395673e+03, -5.0000000000e+01, 1.7513735899e+09
6.6320000000e+09, -8.4035366774e-02, 1.2308785319e-01, -1.6534013377e+01, -1.1602194467e+03, -5.0000000000e+01, 1.7513735899e+09
6.6400000000e+09, 1.9338651002e-01, 8.3860360086e-02, -1.3523148675e+01, -1.1619801148e+03, -5.0000000000e+01, 1.7513735899e+09
6.6480000000e+09, 4.6855837107e-02, -2.3242302239e-01, -1.2501405940e+01, -1.1637611473e+03, -5.0000000000e+01, 1.7513735899e+09
6.6560000000e+09, -2.5300869346e-01, -1.9782898948e-02, -1.1910820199e+01, -1.1654528427e+03, -5.0000000000e+01, 1.7513735899e+09
6.6640000000e+09, 1.3184987009e-02, 2.8143775463e-01, -1.1002831411e+01, -1.1671484853e+03, -5.0000000000e+01, 1.7513735899e+09
6.6720000000e+09, 2.9424488544e-01, -6.2610231340e-02, -1.0433509712e+01, -1.1688821230e+03, -5.0000000000e+01, 1.7513735899e+09
6.6800000000e+09, -1.0950586200e-01, -2.8705990315e-01, -1.0250513690e+01, -1.1706076978e+03, -5.0000000000e+01, 1.7513735899e+09
6.6880000000e+09, -2.7210107446e-01, 1.3745994866e-01, -1.0318242847e+01, -1.1722818426e+03, -5.0000000000e+01, 1.7513735899e+09
6.6960000000e+09, 1.7433196306e-01, 2.5913187861e-01, -1.0108129572e+01, -1.1739770611e+03, -5.0000000000e+01, 1.7513735899e+09
6.7040000000e+09, 2.3273444176e-01, -2.0550920069e-01, -1.0159258857e+01, -1.1756790068e+03, -5.0000000000e+01, 1.7513735899e+09
6.7120000000e+09, -2.1366117895e-01, -2.1440233290e-01, -1.0380122735e+01, -1.1773101155e+03, -5.0000000000e+01, 1.7513735899e+09
6.7200000000e+09, -2.0786340535e-01, 2.3536679149e-01, -1.0061022878e+01, -1.1789446159e+03, -5.0000000000e+01, 1.7513735899e+09
6.7280000000e+09, 2.6711109281e-01, 1.8057218194e-01, -9.8315608451e+00, -1.1806443884e+03, -5.0000000000e+01, 1.7513735899e+09
6.7360000000e+09, 1.4370301366e-01, -2.8767409921e-01, -9.8545029859e+00, -1.1823463593e+03, -5.0000000000e+01, 1.7513735899e+09
6.7440000000e+09, -2.9142630100e-01, -1.1741709709e-01, -1.0056121709e+01, -1.1839974223e+03, -5.0000000000e+01, 1.7513735899e+09
6.7520000000e+09, -9.0418167412e-02, 3.0448740721e-01, -9.9616037477e+00, -1.1856625685e+03, -5.0000000000e+01, 1.7513735899e+09
6.7600000000e+09, 3.0419149995e-01, 5.3186364472e-02, -1.0206280283e+01, -1.1873489278e+03, -5.0000000000e+01, 1.7513735899e+09
6.7680000000e+09, 3.0697995797e-02, -2.9534506798e-01, -1.0546738586e+01, -1.1889892519e+03, -5.0000000000e+01, 1.7513735899e+09
6.7760000000e+09, -2.9669076204e-01, -2.6395531371e-02, -1.0519680288e+01, -1.1905748829e+03, -5.0000000000e+01, 1.7513735899e+09
6.7840000000e+09, -2.6641737204e-03, 3.1777328253e-01, -9.9573471441e+00, -1.1922260284e+03, -5.0000000000e+01, 1.7513735899e+09
6.7920000000e+09, 3.2152700424e-01, -4.2059767991e-02, -9.7819634617e+00, -1.1939352823e+03, -5.0000000000e+01, 1.7513735899e+09
6.8000000000e+09, -6.4010329545e-02, -3.0886915326e-01, -1.0021879355e+01, -1.1955803529e+03, -5.0000000000e+01, 1.7513735899e+09
6.8080000000e+09, -3.0606335402e-01, 8.5388034582e-02, -9.9582530870e+00, -1.1972188711e+03, -5.0000000000e+01, 1.7513735899e+09
6.8160000000e+09, 1.2540729344e-01, 2.9724201560e-01, -9.8263352977e+00, -1.1989168419e+03, -5.0000000000e+01, 1.7513735899e+09
6.8240000000e+09, 2.7635705471e-01, -1.5390199423e-01, -9.9974364426e+00, -1.2005965155e+03, -5.0000000000e+01, 1.7513735899e+09
6.8320000000e+09, -1.5927456319e-01, -2.5570547581e-01, -1.0421357707e+01, -1.2022162654e+03, -5.0000000000e+01, 1.7513735899e+09
6.8400000000e+09, -2.5902518630e-01, 1.7187657952e-01, -1.0148628268e+01, -1.2038158292e+03, -5.0000000000e+01, 1.7513735899e+09
6.8480000000e+09, 2.0732788742e-01, 2.5173297524e-01, -9.7324476794e+00, -1.2054897505e+03, -5.0000000000e+01, 1.7513735899e+09
6.8560000000e+09, 2.2112062573e-01, -2.3231928051e-01, -9.8772570219e+00, -1.2071816692e+03, -5.0000000000e+01, 1.7513735899e+09
6.8640000000e+09, -2.4030144513e-01, -2.0281103253e-01, -1.0049042821e+01, -1.2088121794e+03, -5.0000000000e+01, 1.7513735899e+09
6.8720000000e+09, -1.8762362003e-01, 2.6429596543e-01, -9.7858335501e+00, -1.2104666288e+03, -5.0000000000e+01, 1.7513735899e+09
6.8800000000e+09, 2.8624874353e-01, 1.6382342577e-01, -9.6346508685e+00, -1.2121349529e+03, -5.0000000000e+01, 1.7513735899e+09
6.8880000000e+09, 1.2816636264e-01, -2.9409113526e-01, -9.8751620560e+00, -1.2138145738e+03, -5.0000000000e+01, 1.7513735899e+09
6.8960000000e+09, -2.9395860434e-01, -1.0918231308e-01, -1.0073031906e+01, -1.2154407280e+03, -5.0000000000e+01, 1.7513735899e+09
6.9040000000e+09, -9.3381516635e-02, 3.1165736914e-01, -9.7530740053e+00, -1.2170760371e+03, -5.0000000000e+01, 1.7513735899e+09
6.9120000000e+09, 3.2724535465e-01, 6.3492268324e-02, -9.5420467861e+00, -1.2187463102e+03, -5.0000000000e+01, 1.7513735899e+09
6.9200000000e+09, 2.6786126196e-02, -3.2045912743e-01, -9.8543095692e+00, -1.2204253531e+03, -5.0000000000e+01, 1.7513735899e+09
6.9280000000e+09, -3.1669661403e-01, -7.5386986136e-03, -9.9846714157e+00, -1.2220557426e+03, -5.0000000000e+01, 1.7513735899e+09
6.9360000000e+09, 1.6297562048e-02, 3.2393315434e-01, -9.7799128238e+00, -1.2237006077e+03, -5.0000000000e+01, 1.7513735899e+09
6.9440000000e+09, 3.2807034254e-01, -5.1862545312e-02, -9.5734624576e+00, -1.2253779211e+03, -5.0000000000e+01, 1.7513735899e+09
6.9520000000e+09, -8.1275857985e-02, -3.1519243121e-01, -9.7489070245e+00, -1.2270442948e+03, -5.0000000000e+01, 1.7513735899e+09
6.9600000000e+09, -3.0727571249e-01, 1.0047619790e-01, -9.8082623758e+00, -1.2286787586e+03, -5.0000000000e+01, 1.7513735899e+09
6.9680000000e+09, 1.3298897445e-01, 3.0118966103e-01, -9.6496559269e+00, -1.2303493249e+03, -5.0000000000e+01, 1.7513735899e+09
6.9760000000e+09, 2.8559717536e-01, -1.6560007632e-01, -9.6261680676e+00, -1.2320297827e+03, -5.0000000000e+01, 1.7513735899e+09
6.9840000000e+09, -1.8120551109e-01, -2.6573368907e-01, -9.8527021550e+00, -1.2336735957e+03, -5.0000000000e+01, 1.7513735899e+09
6.9920000000e+09, -2.5403597951e-01, 2.0052315295e-01, -9.7987161736e+00, -1.2353141257e+03, -5.0000000000e+01, 1.7513735899e+09
7.0000000000e+09, 2.2579415143e-01, 2.4145713449e-01, -9.6144124515e+00, -1.2369685984e+03, -5.0000000000e+01, 1.7513735899e+09
7.0080000000e+09, 2.1553729474e-01, -2.4971964955e-01, -9.6330632934e+00, -1.2386462418e+03, -5.0000000000e+01, 1.7513735899e+09
7.0160000000e+09, -2.6315695047e-01, -1.9526681304e-01, -9.6907373343e+00, -1.2402907261e+03, -5.0000000000e+01, 1.7513735899e+09
7.0240000000e+09, -1.7327593267e-01, 2.8035074472e-01, -9.6408584779e+00, -1.2419462952e+03, -5.0000000000e+01, 1.7513735899e+09
7.0320000000e+09, 2.9863595963e-01, 1.3918736577e-01, -9.6434393061e+00, -1.2436345479e+03, -5.0000000000e+01, 1.7513735899e+09
7.0400000000e+09, 1.1054168642e-01, -3.0385798216e-01, -9.8067954457e+00, -1.2452925770e+03, -5.0000000000e+01, 1.7513735899e+09
7.0480000000e+09, -3.0716434121e-01, -9.4163499773e-02, -9.8625004190e+00, -1.2469148216e+03, -5.0000000000e+01, 1.7513735899e+09
7.0560000000e+09, -6.4709886909e-02, 3.2222735882e-01, -9.6650451048e+00, -1.2485848953e+03, -5.0000000000e+01, 1.7513735899e+09
7.0640000000e+09, 3.3034342527e-01, 3.6285128444e-02, -9.5686027467e+00, -1.2502444741e+03, -5.0000000000e+01, 1.7513735899e+09
7.0720000000e+09, -9.8289060406e-04, -3.2724428177e-01, -9.7025194919e+00, -1.2519276760e+03, -5.0000000000e+01, 1.7513735899e+09
7.0800000000e+09, -3.2435911894e-01, 2.4946738034e-02, -9.7538637066e+00, -1.2535722285e+03, -5.0000000000e+01, 1.7513735899e+09
7.0880000000e+09, 5.9751883149e-02, 3.1715327501e-01, -9.8231367482e+00, -1.2552524830e+03, -5.0000000000e+01, 1.7513735899e+09
7.0960000000e+09, 3.0495589971e-01, -8.8054709137e-02, -9.9674747680e+00, -1.2569181615e+03, -5.0000000000e+01, 1.7513735899e+09
7.1040000000e+09, -1.0270065814e-01, -2.9222685099e-01, -1.0179823712e+01, -1.2585458162e+03, -5.0000000000e+01, 1.7513735899e+09
7.1120000000e+09, -2.9537543654e-01, 1.3274769485e-01, -9.7935453394e+00, -1.2602010258e+03, -5.0000000000e+01, 1.7513735899e+09
7.1200000000e+09, 1.6681845486e-01, 2.8145885467e-01, -9.7042353671e+00, -1.2618844792e+03, -5.0000000000e+01, 1.7513735899e+09
7.1280000000e+09, 2.5301894546e-01, -1.9239060581e-01, -9.9553790337e+00, -1.2635703582e+03, -5.0000000000e+01, 1.7513735899e+09
7.1360000000e+09, -2.0658791065e-01, -2.3403812945e-01, -1.0112074125e+01, -1.2652142234e+03, -5.0000000000e+01, 1.7513735899e+09
7.1440000000e+09, -2.0982404053e-01, 2.3680770397e-01, -9.9954849623e+00, -1.2669075801e+03, -5.0000000000e+01, 1.7513735899e+09
7.1520000000e+09, 2.4536900222e-01, 1.7559203506e-01, -1.0407748587e+01, -1.2685822967e+03, -5.0000000000e+01, 1.7513735899e+09
7.1600000000e+09, 1.5710051358e-01, -2.5101375580e-01, -1.0570574730e+01, -1.2702150079e+03, -5.0000000000e+01, 1.7513735899e+09
7.1680000000e+09, -2.6251223683e-01, -1.4576542378e-01, -1.0449849734e+01, -1.2718381437e+03, -5.0000000000e+01, 1.7513735899e+09
7.1760000000e+09, -1.1523351818e-01, 2.8709906340e-01, -1.0190670246e+01, -1.2735341325e+03, -5.0000000000e+01, 1.7513735899e+09
7.1840000000e+09, 2.8452348709e-01, 7.6992541552e-02, -1.0610728588e+01, -1.2752223448e+03, -5.0000000000e+01, 1.7513735899e+09
7.1920000000e+09, 5.4892506450e-02, -2.9243472218e-01, -1.0529033842e+01, -1.2768718642e+03, -5.0000000000e+01, 1.7513735899e+09
7.2000000000e+09, -2.9818776250e-01, -1.4323982410e-02, -1.0500193732e+01, -1.2785802101e+03, -5.0000000000e+01, 1.7513735899e+09
7.2080000000e+09, 2.2344360128e-02, 2.9099401832e-01, -1.0696787354e+01, -1.2802756423e+03, -5.0000000000e+01, 1.7513735899e+09
7.2160000000e+09, 2.6788613200e-01, -4.6339709312e-02, -1.1312947507e+01, -1.2819410905e+03, -5.0000000000e+01, 1.7513735899e+09
7.2240000000e+09, -6.2574140728e-02, -2.6170811057e-01, -1.1402214960e+01, -1.2835752918e+03, -5.0000000000e+01, 1.7513735899e+09
7.2320000000e+09, -2.5965929031e-01, 9.5915004611e-02, -1.1156429161e+01, -1.2852652368e+03, -5.0000000000e+01, 1.7513735899e+09
7.2400000000e+09, 1.3367478550e-01, 1.7685610056e-01, -1.3085027344e+01, -1.2871294194e+03, -5.0000000000e+01, 1.7513735899e+09
7.2480000000e+09, 2.3812392354e-01, -1.5373009443e-01, -1.0950900939e+01, -1.2886262558e+03, -5.0000000000e+01, 1.7513735899e+09
7.2560000000e+09, -1.8692275882e-01, -1.9534824789e-01, -1.1360763510e+01, -1.2903871454e+03, -5.0000000000e+01, 1.7513735899e+09
7.2640000000e+09, -1.3856644929e-01, 2.0056717098e-01, -1.2260099746e+01, -1.2921608028e+03, -5.0000000000e+01, 1.7513735899e+09
7.2720000000e+09, 1.8574242294e-01, 8.9450217783e-02, -1.3715948313e+01, -1.2938873683e+03, -5.0000000000e+01, 1.7513735899e+09
7.2800000000e+09, 6.6057406366e-02, -1.7576740682e-01, -1.4527452553e+01, -1.2955474777e+03, -5.0000000000e+01, 1.7513735899e+09
7.2880000000e+09, -1.6407057643e-01, -3.1057765707e-02, -1.5546489932e+01, -1.2972906844e+03, -5.0000000000e+01, 1.7513735899e+09
7.2960000000e+09, 2.9294623528e-03, 1.3640254736e-01, -1.7301547684e+01, -1.2990700356e+03, -5.0000000000e+01, 1.7513735899e+09
7.3040000000e+09, 9.7778372467e-02, -2.0567100495e-02, -2.0007121427e+01, -1.3008266803e+03, -5.0000000000e+01, 1.7513735899e+09
7.3120000000e+09, -2.4035416543e-02, -5.3340222687e-02, -2.4656082495e+01, -1.3026135126e+03, -5.0000000000e+01, 1.7513735899e+09
7.3200000000e+09, -1.0288001038e-02, 8.4315332060e-05, -3.9753088322e+01, -1.3037691466e+03, -5.0000000000e+01, 1.7513735899e+09
7.3280000000e+09, -3.2945968211e-02, -1.1659849435e-02, -2.9131460276e+01, -1.3034207989e+03, -5.0000000000e+01, 1.7513735899e+09
7.3360000000e+09, -2.1289709955e-02, 7.3275946081e-02, -2.2348818488e+01, -1.3050489906e+03, -5.0000000000e+01, 1.7513735899e+09
7.3440000000e+09, 1.1247865856e-01, 1.4217705466e-02, -1.8909754971e+01, -1.3067768071e+03, -5.0000000000e+01, 1.7513735899e+09
7.3520000000e+09, -9.0052904561e-03, -1.4476935565e-01, -1.6769695065e+01, -1.3085354646e+03, -5.0000000000e+01, 1.7513735899e+09
7.3600000000e+09, -1.7270499468e-01, 3.1004359946e-02, -1.5116144946e+01, -1.3102217665e+03, -5.0000000000e+01, 1.7513735899e+09
7.3680000000e+09, 8.0976903439e-02, 1.8871356547e-01, -1.3749956916e+01, -1.3120202707e+03, -5.0000000000e+01, 1.7513735899e+09
7.3760000000e+09, 1.6842019558e-01, -1.2303032726e-01, -1.3614925360e+01, -1.3138166306e+03, -5.0000000000e+01, 1.7513735899e+09
7.3840000000e+09, -1.3694970310e-01, -1.5705384314e-01, -1.3622988703e+01, -1.3154736494e+03, -5.0000000000e+01, 1.7513735899e+09
7.3920000000e+09, -1.5776173770e-01, 1.5007194877e-01, -1.3241267864e+01, -1.3170877449e+03, -5.0000000000e+01, 1.7513735899e+09
7.4000000000e+09, 1.8568228185e-01, 1.5222379565e-01, -1.2392007354e+01, -1.3187822118e+03, -5.0000000000e+01, 1.7513735899e+09
7.4080000000e+09, 1.3419605792e-01, -2.1394570172e-01, -1.1953063251e+01, -1.3204794998e+03, -5.0000000000e+01, 1.7513735899e+09
7.4160000000e+09, -2.3174078762e-01, -1.1297107488e-01, -1.1773987814e+01, -1.3221569184e+03, -5.0000000000e+01, 1.7513735899e+09
7.4240000000e+09, -9.4403028488e-02, 2.6390278339e-01, -1.1048172614e+01, -1.3238377687e+03, -5.0000000000e+01, 1.7513735899e+09
7.4320000000e+09, 2.7893975377e-01, 4.7115653753e-02, -1.0967619923e+01, -1.3255847694e+03, -5.0000000000e+01, 1.7513735899e+09
7.4400000000e+09, 1.7126124352e-02, -2.6920321584e-01, -1.1380853713e+01, -1.3272593639e+03, -5.0000000000e+01, 1.7513735899e+09
7.4480000000e+09, -2.6897674799e-01, -8.5988016799e-03, -1.1401269052e+01, -1.3288617348e+03, -5.0000000000e+01, 1.7513735899e+09
7.4560000000e+09, 2.1614069119e-02, 2.8377842903e-01, -1.0915291106e+01, -1.3305405073e+03, -5.0000000000e+01, 1.7513735899e+09
7.4640000000e+09, 2.8252151608e-01, -5.5117946118e-02, -1.0816739662e+01, -1.3322279579e+03, -5.0000000000e+01, 1.7513735899e+09
7.4720000000e+09, -7.7062107623e-02, -2.8036358953e-01, -1.0729258859e+01, -1.3338743220e+03, -5.0000000000e+01, 1.7513735899e+09
7.4800000000e+09, -2.8249761462e-01, 1.0950372368e-01, -1.0371763952e+01, -1.3355466725e+03, -5.0000000000e+01, 1.7513735899e+09
7.4880000000e+09, 1.4842064679e-01, 2.7053758502e-01, -1.0212751373e+01, -1.3372494524e+03, -5.0000000000e+01, 1.7513735899e+09
7.4960000000e+09, 2.4653200805e-01, -1.7977070808e-01, -1.0310711317e+01, -1.3389485250e+03, -5.0000000000e+01, 1.7513735899e+09
7.5040000000e+09, -1.8984122574e-01, -2.2250366211e-01, -1.0677923189e+01, -1.3405956185e+03, -5.0000000000e+01, 1.7513735899e+09
7.5120000000e+09, -2.1253228188e-01, 2.1146450937e-01, -1.0463021015e+01, -1.3422429429e+03, -5.0000000000e+01, 1.7513735899e+09
7.5200000000e+09, 2.3686796427e-01, 1.9395935535e-01, -1.0281368404e+01, -1.3439155261e+03, -5.0000000000e+01, 1.7513735899e+09
7.5280000000e+09, 1.6687871516e-01, -2.4997465313e-01, -1.0441399475e+01, -1.3455838157e+03, -5.0000000000e+01, 1.7513735899e+09
7.5360000000e+09, -2.6766377687e-01, -1.5208585560e-01, -1.0233107667e+01, -1.3472265415e+03, -5.0000000000e+01, 1.7513735899e+09
7.5440000000e+09, -1.2363471091e-01, 2.8486868739e-01, -1.0157621141e+01, -1.3489045707e+03, -5.0000000000e+01, 1.7513735899e+09
7.5520000000e+09, 2.9343172908e-01, 9.0529397130e-02, -1.0254986633e+01, -1.3505855867e+03, -5.0000000000e+01, 1.7513735899e+09
7.5600000000e+09, 6.2294114381e-02, -2.9728353023e-01, -1.0349957100e+01, -1.3522490815e+03, -5.0000000000e+01, 1.7513735899e+09
7.5680000000e+09, -3.0127054453e-01, -4.0856499225e-02, -1.0341720373e+01, -1.3538916420e+03, -5.0000000000e+01, 1.7513735899e+09
7.5760000000e+09, -1.0991879739e-02, 3.0523458123e-01, -1.0301696973e+01, -1.3555612343e+03, -5.0000000000e+01, 1.7513735899e+09
7.5840000000e+09, 2.9993492365e-01, -1.6998976469e-02, -1.0445531569e+01, -1.3572246413e+03, -5.0000000000e+01, 1.7513735899e+09
7.5920000000e+09, -3.7603478879e-02, -2.9483115673e-01, -1.0538453945e+01, -1.3588656802e+03, -5.0000000000e+01, 1.7513735899e+09
7.6000000000e+09, -3.0138760805e-01, 6.6895574331e-02, -1.0208637716e+01, -1.3605280367e+03, -5.0000000000e+01, 1.7513735899e+09
7.6080000000e+09, 9.5457963645e-02, 2.9307186604e-01, -1.0222611193e+01, -1.3621952940e+03, -5.0000000000e+01, 1.7513735899e+09
7.6160000000e+09, 2.7810835838e-01, -1.1686851084e-01, -1.0409466393e+01, -1.3638490322e+03, -5.0000000000e+01, 1.7513735899e+09
7.6240000000e+09, -1.4322167635e-01, -2.7009949088e-01, -1.0293454902e+01, -1.3655095658e+03, -5.0000000000e+01, 1.7513735899e+09
7.6320000000e+09, -2.5403836369e-01, 1.6655847430e-01, -1.0349055185e+01, -1.3671731363e+03, -5.0000000000e+01, 1.7513735899e+09
7.6400000000e+09, 1.8481552601e-01, 2.3431110382e-01, -1.0503247603e+01, -1.3688314510e+03, -5.0000000000e+01, 1.7513735899e+09
7.6480000000e+09, 2.1710695326e-01, -1.9396606088e-01, -1.0718179576e+01, -1.3704635606e+03, -5.0000000000e+01, 1.7513735899e+09
7.6560000000e+09, -2.1305207908e-01, -2.0777583122e-01, -1.0527526606e+01, -1.3721031286e+03, -5.0000000000e+01, 1.7513735899e+09
7.6640000000e+09, -1.9094777107e-01, 2.3832398653e-01, -1.0303075048e+01, -1.3737713071e+03, -5.0000000000e+01, 1.7513735899e+09
7.6720000000e+09, 2.5427168608e-01, 1.6313393414e-01, -1.0396873154e+01, -1.3754471537e+03, -5.0000000000e+01, 1.7513735899e+09
7.6800000000e+09, 1.4625872672e-01, -2.6593902707e-01, -1.0356687890e+01, -1.3770855577e+03, -5.0000000000e+01, 1.7513735899e+09
7.6880000000e+09, -2.8301572800e-01, -1.2146767974e-01, -1.0229521360e+01, -1.3787537602e+03, -5.0000000000e+01, 1.7513735899e+09
7.6960000000e+09, -9.2340983450e-02, 2.8971534967e-01, -1.0340374633e+01, -1.3804214207e+03, -5.0000000000e+01, 1.7513735899e+09
7.7040000000e+09, 2.8921663761e-01, 6.1497543007e-02, -1.0583484069e+01, -1.3820912531e+03, -5.0000000000e+01, 1.7513735899e+09
7.7120000000e+09, 4.8457480967e-02, -2.8803738952e-01, -1.0689813996e+01, -1.3837048913e+03, -5.0000000000e+01, 1.7513735899e+09
7.7200000000e+09, -3.0049917102e-01, -2.4619858712e-02, -1.0414079806e+01, -1.3853606129e+03, -5.0000000000e+01, 1.7513735899e+09
7.7280000000e+09, 8.9194839820e-03, 3.0261498690e-01, -1.0378420022e+01, -1.3870426227e+03, -5.0000000000e+01, 1.7513735899e+09
7.7360000000e+09, 2.9464235902e-01, -3.3961743116e-02, -1.0556776530e+01, -1.3886987107e+03, -5.0000000000e+01, 1.7513735899e+09
7.7440000000e+09, -5.5046182126e-02, -2.9637175798e-01, -1.0415971505e+01, -1.3903383902e+03, -5.0000000000e+01, 1.7513735899e+09
7.7520000000e+09, -2.9227340221e-01, 8.7000556290e-02, -1.0315504960e+01, -1.3920148619e+03, -5.0000000000e+01, 1.7513735899e+09
7.7600000000e+09, 1.1088926345e-01, 2.7608570456e-01, -1.0529598458e+01, -1.3936782681e+03, -5.0000000000e+01, 1.7513735899e+09
7.7680000000e+09, 2.5916984677e-01, -1.2818345427e-01, -1.0777936840e+01, -1.3953264504e+03, -5.0000000000e+01, 1.7513735899e+09
7.7760000000e+09, -1.4545837045e-01, -2.5429815054e-01, -1.0663827120e+01, -1.3969575108e+03, -5.0000000000e+01, 1.7513735899e+09
7.7840000000e+09, -2.4506984651e-01, 1.6673330963e-01, -1.0562126260e+01, -1.3986061469e+03, -5.0000000000e+01, 1.7513735899e+09
7.7920000000e+09, 1.9116535783e-01, 2.2308981419e-01, -1.0639224839e+01, -1.4002880126e+03, -5.0000000000e+01, 1.7513735899e+09
7.8000000000e+09, 2.0600742102e-01, -2.0766229927e-01, -1.0677155800e+01, -1.4019397221e+03, -5.0000000000e+01, 1.7513735899e+09
7.8080000000e+09, -2.2840364277e-01, -1.9021558762e-01, -1.0537924935e+01, -1.4035974900e+03, -5.0000000000e+01, 1.7513735899e+09
7.8160000000e+09, -1.6332274675e-01, 2.4469754100e-01, -1.0627268754e+01, -1.4052741695e+03, -5.0000000000e+01, 1.7513735899e+09
7.8240000000e+09, 2.5146412849e-01, 1.3926209509e-01, -1.0828720283e+01, -1.4069277490e+03, -5.0000000000e+01, 1.7513735899e+09
7.8320000000e+09, 1.2154396623e-01, -2.5542587042e-01, -1.0968269024e+01, -1.4085601649e+03, -5.0000000000e+01, 1.7513735899e+09
7.8400000000e+09, -2.6559427381e-01, -1.0464759171e-01, -1.0888880253e+01, -1.4101997669e+03, -5.0000000000e+01, 1.7513735899e+09
7.8480000000e+09, -7.5750894844e-02, 2.7861014009e-01, -1.0790328735e+01, -1.4118804266e+03, -5.0000000000e+01, 1.7513735899e+09
7.8560000000e+09, 2.7512291074e-01, 5.6272439659e-02, -1.1031476139e+01, -1.4135149412e+03, -5.0000000000e+01, 1.7513735899e+09
7.8640000000e+09, 2.7751628309e-02, -2.8026372194e-01, -1.1006287558e+01, -1.4151887925e+03, -5.0000000000e+01, 1.7513735899e+09
7.8720000000e+09, -2.8242886066e-01, -2.7176041622e-03, -1.0981416433e+01, -1.4168486648e+03, -5.0000000000e+01, 1.7513735899e+09
7.8800000000e+09, 2.4686399847e-02, 2.7389097214e-01, -1.1213306903e+01, -1.4185189724e+03, -5.0000000000e+01, 1.7513735899e+09
7.8880000000e+09, 2.6573041081e-01, -4.0082000196e-02, -1.1413472187e+01, -1.4201495879e+03, -5.0000000000e+01, 1.7513735899e+09
7.8960000000e+09, -6.1910793185e-02, -2.6337093115e-01, -1.1355055691e+01, -1.4218015547e+03, -5.0000000000e+01, 1.7513735899e+09
7.9040000000e+09, -2.5546413660e-01, 8.0958083272e-02, -1.1437779634e+01, -1.4234483658e+03, -5.0000000000e+01, 1.7513735899e+09
7.9120000000e+09, 9.9172502756e-02, 2.4330377579e-01, -1.1609500938e+01, -1.4250993159e+03, -5.0000000000e+01, 1.7513735899e+09
7.9200000000e+09, 2.3891797662e-01, -1.0994429141e-01, -1.1600850700e+01, -1.4267143486e+03, -5.0000000000e+01, 1.7513735899e+09
7.9280000000e+09, -1.3543367386e-01, -2.3139908910e-01, -1.1433446955e+01, -1.4283833880e+03, -5.0000000000e+01, 1.7513735899e+09
7.9360000000e+09, -2.1224817634e-01, 1.5313547850e-01, -1.1643109303e+01, -1.4300496627e+03, -5.0000000000e+01, 1.7513735899e+09
7.9440000000e+09, 1.6607570648e-01, 1.9663624465e-01, -1.1788340921e+01, -1.4316967947e+03, -5.0000000000e+01, 1.7513735899e+09
7.9520000000e+09, 1.8750159442e-01, -1.8299788237e-01, -1.1633906297e+01, -1.4333394930e+03, -5.0000000000e+01, 1.7513735899e+09
7.9600000000e+09, -1.9697391987e-01, -1.6839435697e-01, -1.1729191596e+01, -1.4350005068e+03, -5.0000000000e+01, 1.7513735899e+09
7.9680000000e+09, -1.4993040264e-01, 2.0658287406e-01, -1.1860481883e+01, -1.4366508303e+03, -5.0000000000e+01, 1.7513735899e+09
7.9760000000e+09, 2.0971530676e-01, 1.3379557431e-01, -1.2084373036e+01, -1.4382815517e+03, -5.0000000000e+01, 1.7513735899e+09
7.9840000000e+09, 1.2954190373e-01, -2.2359102964e-01, -1.1753922602e+01, -1.4398951195e+03, -5.0000000000e+01, 1.7513735899e+09
7.9920000000e+09, -2.3806947470e-01, -1.0705690086e-01, -1.1666089940e+01, -1.4415684339e+03, -5.0000000000e+01, 1.7513735899e+09
8.0000000000e+09, -8.4838680923e-02, 2.4443429709e-01, -1.1742771354e+01, -1.4432277517e+03, -5.0000000000e+01, 1.7513735899e+09
8.0080000000e+09, 2.4667550623e-01, 6.8960644305e-02, -1.1830671920e+01, -1.4448600199e+03, -5.0000000000e+01, 1.7513735899e+09
8.0160000000e+09, 4.5067299157e-02, -2.6009261608e-01, -1.1568966548e+01, -1.4465318465e+03, -5.0000000000e+01, 1.7513735899e+09
8.0240000000e+09, -2.6244673133e-01, -1.9351510331e-02, -1.1595628650e+01, -1.4482006115e+03, -5.0000000000e+01, 1.7513735899e+09
8.0320000000e+09, 4.5576604316e-04, 2.5368943810e-01, -1.1913938252e+01, -1.4498468062e+03, -5.0000000000e+01, 1.7513735899e+09
8.0400000000e+09, 2.4950632453e-01, -7.8777316958e-03, -1.2054041624e+01, -1.4514473687e+03, -5.0000000000e+01, 1.7513735899e+09
8.0480000000e+09, -2.3441309109e-02, -2.5687417388e-01, -1.1769574355e+01, -1.4530776062e+03, -5.0000000000e+01, 1.7513735899e+09
8.0560000000e+09, -2.6265555620e-01, 5.1766049117e-02, -1.1446767448e+01, -1.4547519918e+03, -5.0000000000e+01, 1.7513735899e+09
8.0640000000e+09, 7.7865175903e-02, 2.5415474176e-01, -1.1508410052e+01, -1.4564254847e+03, -5.0000000000e+01, 1.7513735899e+09
8.0720000000e+09, 2.5223538280e-01, -1.0053461790e-01, -1.1323563685e+01, -1.4580782682e+03, -5.0000000000e+01, 1.7513735899e+09
8.0800000000e+09, -1.2689037621e-01, -2.4617107213e-01, -1.1151969110e+01, -1.4597457235e+03, -5.0000000000e+01, 1.7513735899e+09
8.0880000000e+09, -2.2583152354e-01, 1.5748617053e-01, -1.1203206480e+01, -1.4614495368e+03, -5.0000000000e+01, 1.7513735899e+09
8.0960000000e+09, 1.7094817758e-01, 2.0308607817e-01, -1.1520127718e+01, -1.4631110666e+03, -5.0000000000e+01, 1.7513735899e+09
8.1040000000e+09, 1.9289873540e-01, -1.7949700356e-01, -1.1584584869e+01, -1.4647316024e+03, -5.0000000000e+01, 1.7513735899e+09
8.1120000000e+09, -2.0196002722e-01, -1.8034453690e-01, -1.1348249053e+01, -1.4663948509e+03, -5.0000000000e+01, 1.7513735899e+09
8.1200000000e+09, -1.6212819517e-01, 2.2589771450e-01, -1.1117343913e+01, -1.4680720548e+03, -5.0000000000e+01, 1.7513735899e+09
8.1280000000e+09, 2.4459408224e-01, 1.3419388235e-01, -1.1088291818e+01, -1.4697635641e+03, -5.0000000000e+01, 1.7513735899e+09
8.1360000000e+09, 1.0972566903e-01, -2.5906300545e-01, -1.1015306272e+01, -1.4714355179e+03, -5.0000000000e+01, 1.7513735899e+09
8.1440000000e+09, -2.6517456770e-01, -6.9444797933e-02, -1.1241280503e+01, -1.4731508232e+03, -5.0000000000e+01, 1.7513735899e+09
8.1520000000e+09, -3.7113156170e-02, 2.6116600633e-01, -1.1574839364e+01, -1.4748365904e+03, -5.0000000000e+01, 1.7513735899e+09
8.1600000000e+09, 2.5484439731e-01, 8.4522981197e-03, -1.1869723509e+01, -1.4765153928e+03, -5.0000000000e+01, 1.7513735899e+09
8.1680000000e+09, -8.0610429868e-03, -2.4630180001e-01, -1.2165998861e+01, -1.4781520602e+03, -5.0000000000e+01, 1.7513735899e+09
8.1760000000e+09, -2.4321043491e-01, 3.3890977502e-02, -1.2196833072e+01, -1.4798285966e+03, -5.0000000000e+01, 1.7513735899e+09
8.1840000000e+09, 6.3261628151e-02, 2.3729462922e-01, -1.2196050933e+01, -1.4815214719e+03, -5.0000000000e+01, 1.7513735899e+09
8.1920000000e+09, 2.2348779440e-01, -9.4142660499e-02, -1.2305515177e+01, -1.4832304166e+03, -5.0000000000e+01, 1.7513735899e+09
8.2000000000e+09, -1.2356197834e-01, -2.0063772798e-01, -1.2555266040e+01, -1.4849545185e+03, -5.0000000000e+01, 1.7513735899e+09
8.2080000000e+09, -1.6312582791e-01, 1.4476878941e-01, -1.3226847601e+01, -1.4866991726e+03, -5.0000000000e+01, 1.7513735899e+09
8.2160000000e+09, 1.5150846541e-01, 1.2890808284e-01, -1.4026108043e+01, -1.4884099416e+03, -5.0000000000e+01, 1.7513735899e+09
8.2240000000e+09, 9.0027846396e-02, -1.5135145187e-01, -1.5084663720e+01, -1.4901491074e+03, -5.0000000000e+01, 1.7513735899e+09
8.2320000000e+09, -1.3975486159e-01, -5.2827134728e-02, -1.6512644155e+01, -1.4918951135e+03, -5.0000000000e+01, 1.7513735899e+09
8.2400000000e+09, -3.1560961157e-02, 1.1818131804e-01, -1.8249836982e+01, -1.4935663415e+03, -5.0000000000e+01, 1.7513735899e+09
8.2480000000e+09, 9.3654729426e-02, 5.0474540331e-03, -2.0556809527e+01, -1.4953442609e+03, -5.0000000000e+01, 1.7513735899e+09
8.2560000000e+09, -7.2574377991e-03, -5.7633884251e-02, -2.4718118011e+01, -1.4970941632e+03, -5.0000000000e+01, 1.7513735899e+09
8.2640000000e+09, -1.5396455303e-02, -8.4416853497e-04, -3.6238548945e+01, -1.4984849218e+03, -5.0000000000e+01, 1.7513735899e+09
8.2720000000e+09, -2.5245264173e-02, -1.4914247207e-02, -3.0656237073e+01, -1.4980060877e+03, -5.0000000000e+01, 1.7513735899e+09
8.2800000000e+09, -3.5064969212e-02, 5.4807178676e-02, -2.3733128591e+01, -1.4995413294e+03, -5.0000000000e+01, 1.7513735899e+09
8.2880000000e+09, 9.4694800675e-02, 3.6313019693e-02, -1.9877644294e+01, -1.5013151090e+03, -5.0000000000e+01, 1.7513735899e+09
8.2960000000e+09, 3.5277813673e-02, -1.2731041014e-01, -1.7581432325e+01, -1.5029817665e+03, -5.0000000000e+01, 1.7513735899e+09
8.3040000000e+09, -1.7410841584e-01, -1.7202280462e-02, -1.5141415097e+01, -1.5047243986e+03, -5.0000000000e+01, 1.7513735899e+09
8.3120000000e+09, 2.7240421623e-02, 2.0404633880e-01, -1.3728703148e+01, -1.5065263938e+03, -5.0000000000e+01, 1.7513735899e+09
8.3200000000e+09, 2.0148725808e-01, -6.6306613386e-02, -1.3468484640e+01, -1.5082823967e+03, -5.0000000000e+01, 1.7513735899e+09
8.3280000000e+09, -9.4334967434e-02, -2.0210550726e-01, -1.3032442602e+01, -1.5099719747e+03, -5.0000000000e+01, 1.7513735899e+09
8.3360000000e+09, -2.0421017706e-01, 1.3300979137e-01, -1.2262618052e+01, -1.5116833814e+03, -5.0000000000e+01, 1.7513735899e+09
8.3440000000e+09, 1.7080904543e-01, 1.9245736301e-01, -1.1790399005e+01, -1.5134027378e+03, -5.0000000000e+01, 1.7513735899e+09
8.3520000000e+09, 1.7168381810e-01, -1.9840356708e-01, -1.1621634988e+01, -1.5151051306e+03, -5.0000000000e+01, 1.7513735899e+09
8.3600000000e+09, -2.2574140132e-01, -1.5792906284e-01, -1.1197538231e+01, -1.5167787931e+03, -5.0000000000e+01, 1.7513735899e+09
8.3680000000e+09, -1.2876906991e-01, 2.5731310248e-01, -1.0820142170e+01, -1.5184960506e+03, -5.0000000000e+01, 1.7513735899e+09
8.3760000000e+09, 2.7188247442e-01, 9.2930659652e-02, -1.0832503718e+01, -1.5202014892e+03, -5.0000000000e+01, 1.7513735899e+09
8.3840000000e+09, 6.0606751591e-02, -2.8034129739e-01, -1.0847879527e+01, -1.5218887282e+03, -5.0000000000e+01, 1.7513735899e+09
8.3920000000e+09, -2.9143008590e-01, -3.4572068602e-02, -1.0648620773e+01, -1.5235543598e+03, -5.0000000000e+01, 1.7513735899e+09
8.4000000000e+09, 2.7959514409e-03, 2.9160973430e-01, -1.0703560430e+01, -1.5252528210e+03, -5.0000000000e+01, 1.7513735899e+09
8.4080000000e+09, 2.8726619482e-01, -2.9692232609e-02, -1.0788157481e+01, -1.5269170253e+03, -5.0000000000e+01, 1.7513735899e+09
8.4160000000e+09, -5.4929245263e-02, -2.8839927912e-01, -1.0645362354e+01, -1.5285730343e+03, -5.0000000000e+01, 1.7513735899e+09
8.4240000000e+09, -2.8423687816e-01, 8.7862022221e-02, -1.0530060015e+01, -1.5302554208e+03, -5.0000000000e+01, 1.7513735899e+09
8.4320000000e+09, 1.1653081328e-01, 2.7210992575e-01, -1.0573806816e+01, -1.5319310380e+03, -5.0000000000e+01, 1.7513735899e+09
8.4400000000e+09, 2.6045373082e-01, -1.4470072091e-01, -1.0517120364e+01, -1.5336043258e+03, -5.0000000000e+01, 1.7513735899e+09
8.4480000000e+09, -1.6967189312e-01, -2.4273008108e-01, -1.0569684989e+01, -1.5352780757e+03, -5.0000000000e+01, 1.7513735899e+09
8.4560000000e+09, -2.2597749531e-01, 1.8809807301e-01, -1.0632515131e+01, -1.5369329802e+03, -5.0000000000e+01, 1.7513735899e+09
8.4640000000e+09, 2.0915918052e-01, 2.0540702343e-01, -1.0658066313e+01, -1.5386040527e+03, -5.0000000000e+01, 1.7513735899e+09
8.4720000000e+09, 1.8744724989e-01, -2.2633397579e-01, -1.0636695640e+01, -1.5402595022e+03, -5.0000000000e+01, 1.7513735899e+09
8.4800000000e+09, -2.4755944312e-01, -1.6698965430e-01, -1.0497752792e+01, -1.5419285568e+03, -5.0000000000e+01, 1.7513735899e+09
8.4880000000e+09, -1.4066821337e-01, 2.5848138332e-01, -1.0624812465e+01, -1.5435944020e+03, -5.0000000000e+01, 1.7513735899e+09
8.4960000000e+09, 2.7006697655e-01, 1.1638328433e-01, -1.0630780885e+01, -1.5452566925e+03, -5.0000000000e+01, 1.7513735899e+09
8.5040000000e+09, 9.5661081374e-02, -2.7575525641e-01, -1.0696011659e+01, -1.5469004663e+03, -5.0000000000e+01, 1.7513735899e+09
8.5120000000e+09, -2.8669375181e-01, -6.5929934382e-02, -1.0627827901e+01, -1.5485791417e+03, -5.0000000000e+01, 1.7513735899e+09
8.5200000000e+09, -3.9690438658e-02, 2.8747126460e-01, -1.0746102433e+01, -1.5502387745e+03, -5.0000000000e+01, 1.7513735899e+09
8.5280000000e+09, 2.8297048807e-01, 1.5824377537e-02, -1.0951616579e+01, -1.5518909067e+03, -5.0000000000e+01, 1.7513735899e+09
8.5360000000e+09, -8.1357685849e-04, -2.8411269188e-01, -1.0930151689e+01, -1.5535204308e+03, -5.0000000000e+01, 1.7513735899e+09
8.5440000000e+09, -2.8961718082e-01, 2.9212499037e-02, -1.0719551999e+01, -1.5551888894e+03, -5.0000000000e+01, 1.7513735899e+09
8.5520000000e+09, 5.4858148098e-02, 2.8066202998e-01, -1.0873497527e+01, -1.5568521861e+03, -5.0000000000e+01, 1.7513735899e+09
8.5600000000e+09, 2.7665349841e-01, -7.3784425855e-02, -1.0862852009e+01, -1.5584905929e+03, -5.0000000000e+01, 1.7513735899e+09
8.5680000000e+09, -1.0045132041e-01, -2.6977410912e-01, -1.0816103245e+01, -1.5601572009e+03, -5.0000000000e+01, 1.7513735899e+09
8.5760000000e+09, -2.5718697905e-01, 1.2495134771e-01, -1.0874698393e+01, -1.5618238032e+03, -5.0000000000e+01, 1.7513735899e+09
8.5840000000e+09, 1.4215630293e-01, 2.4237404764e-01, -1.1026280991e+01, -1.5634727911e+03, -5.0000000000e+01, 1.7513735899e+09
8.5920000000e+09, 2.3058280349e-01, -1.5444254875e-01, -1.1133912410e+01, -1.5651033048e+03, -5.0000000000e+01, 1.7513735899e+09
8.6000000000e+09, -1.7083212733e-01, -2.2285902500e-01, -1.1031996201e+01, -1.5667379458e+03, -5.0000000000e+01, 1.7513735899e+09
8.6080000000e+09, -2.1059182286e-01, 1.9399295747e-01, -1.0862805194e+01, -1.5683991284e+03, -5.0000000000e+01, 1.7513735899e+09
8.6160000000e+09, 2.1212604642e-01, 1.9083885849e-01, -1.0892852804e+01, -1.5700637060e+03, -5.0000000000e+01, 1.7513735899e+09
8.6240000000e+09, 1.7848244309e-01, -2.2459957004e-01, -1.0845951551e+01, -1.5716956409e+03, -5.0000000000e+01, 1.7513735899e+09
8.6320000000e+09, -2.4390108883e-01, -1.5465234220e-01, -1.0788074547e+01, -1.5733728187e+03, -5.0000000000e+01, 1.7513735899e+09
8.6400000000e+09, -1.3105094433e-01, 2.5953724980e-01, -1.0729689193e+01, -1.5750411233e+03, -5.0000000000e+01, 1.7513735899e+09
8.6480000000e+09, 2.6578423381e-01, 1.0913728923e-01, -1.0832713124e+01, -1.5766898811e+03, -5.0000000000e+01, 1.7513735899e+09
8.6560000000e+09, 8.8598251343e-02, -2.6998388767e-01, -1.0929061464e+01, -1.5783332199e+03, -5.0000000000e+01, 1.7513735899e+09
8.6640000000e+09, -2.7784124017e-01, -7.2674393654e-02, -1.0836654476e+01, -1.5799652685e+03, -5.0000000000e+01, 1.7513735899e+09
8.6720000000e+09, -4.3433614075e-02, 2.8636613488e-01, -1.0762792342e+01, -1.5816413767e+03, -5.0000000000e+01, 1.7513735899e+09
8.6800000000e+09, 2.9037740827e-01, 1.8192222342e-02, -1.0723730571e+01, -1.5833001289e+03, -5.0000000000e+01, 1.7513735899e+09
8.6880000000e+09, -5.4841721430e-03, -2.9260873795e-01, -1.0672728879e+01, -1.5849522339e+03, -5.0000000000e+01, 1.7513735899e+09
8.6960000000e+09, -2.9402270913e-01, 3.1879521906e-02, -1.0581624353e+01, -1.5866122935e+03, -5.0000000000e+01, 1.7513735899e+09
8.7040000000e+09, 5.6188672781e-02, 2.8752088547e-01, -1.0663840296e+01, -1.5882680787e+03, -5.0000000000e+01, 1.7513735899e+09
8.7120000000e+09, 2.7771514654e-01, -8.5797153413e-02, -1.0732108604e+01, -1.5899455205e+03, -5.0000000000e+01, 1.7513735899e+09
8.7200000000e+09, -1.0201343149e-01, -2.6741966605e-01, -1.0866099610e+01, -1.5915811127e+03, -5.0000000000e+01, 1.7513735899e+09
8.7280000000e+09, -2.5906354189e-01, 1.2999485433e-01, -1.0756556734e+01, -1.5932525520e+03, -5.0000000000e+01, 1.7513735899e+09
8.7360000000e+09, 1.4839313924e-01, 2.4824064970e-01, -1.0775654977e+01, -1.5948970568e+03, -5.0000000000e+01, 1.7513735899e+09
8.7440000000e+09, 2.3296272755e-01, -1.7268253863e-01, -1.0752510429e+01, -1.5965669426e+03, -5.0000000000e+01, 1.7513735899e+09
8.7520000000e+09, -1.8379971385e-01, -2.1346578002e-01, -1.1004532109e+01, -1.5982107252e+03, -5.0000000000e+01, 1.7513735899e+09
8.7600000000e+09, -2.0254950225e-01, 2.0134213567e-01, -1.0884963913e+01, -1.5998530695e+03, -5.0000000000e+01, 1.7513735899e+09
8.7680000000e+09, 2.1967428923e-01, 1.8397998810e-01, -1.0856281234e+01, -1.6015150537e+03, -5.0000000000e+01, 1.7513735899e+09
8.7760000000e+09, 1.6155707836e-01, -2.3395913839e-01, -1.0923867607e+01, -1.6031787040e+03, -5.0000000000e+01, 1.7513735899e+09
8.7840000000e+09, -2.4133026600e-01, -1.4767108858e-01, -1.0966546812e+01, -1.6048047191e+03, -5.0000000000e+01, 1.7513735899e+09
8.7920000000e+09, -1.2756167352e-01, 2.5595912337e-01, -1.0873154382e+01, -1.6064623017e+03, -5.0000000000e+01, 1.7513735899e+09
8.8000000000e+09, 2.7068454027e-01, 1.0450860858e-01, -1.0747282987e+01, -1.6081269808e+03, -5.0000000000e+01, 1.7513735899e+09
8.8080000000e+09, 8.1929318607e-02, -2.6705673337e-01, -1.1077288642e+01, -1.6097685640e+03, -5.0000000000e+01, 1.7513735899e+09
8.8160000000e+09, -2.7286788821e-01, -6.0473471880e-02, -1.1072715384e+01, -1.6114189346e+03, -5.0000000000e+01, 1.7513735899e+09
8.8240000000e+09, -4.2408540845e-02, 2.7995342016e-01, -1.0959751057e+01, -1.6130574864e+03, -5.0000000000e+01, 1.7513735899e+09
8.8320000000e+09, 2.8205844760e-01, 1.8340185285e-02, -1.0974894754e+01, -1.6147136927e+03, -5.0000000000e+01, 1.7513735899e+09
8.8400000000e+09, -6.0563636944e-03, -2.8095299006e-01, -1.1025309208e+01, -1.6163709734e+03, -5.0000000000e+01, 1.7513735899e+09
8.8480000000e+09, -2.8428834677e-01, 2.6569895446e-02, -1.0887048059e+01, -1.6180134070e+03, -5.0000000000e+01, 1.7513735899e+09
8.8560000000e+09, 5.0452012569e-02, 2.8364431858e-01, -1.0809244975e+01, -1.6196670426e+03, -5.0000000000e+01, 1.7513735899e+09
8.8640000000e+09, 2.7693998814e-01, -8.0209307373e-02, -1.0802459287e+01, -1.6213437226e+03, -5.0000000000e+01, 1.7513735899e+09
8.8720000000e+09, -9.8774954677e-02, -2.6430934668e-01, -1.0990000689e+01, -1.6229902445e+03, -5.0000000000e+01, 1.7513735899e+09
8.8800000000e+09, -2.6051348448e-01, 1.2136975676e-01, -1.0830310286e+01, -1.6246393884e+03, -5.0000000000e+01, 1.7513735899e+09
8.8880000000e+09, 1.4010825753e-01, 2.4661618471e-01, -1.0944746728e+01, -1.6262908487e+03, -5.0000000000e+01, 1.7513735899e+09
8.8960000000e+09, 2.3697647452e-01, -1.6326224804e-01, -1.0819045705e+01, -1.6279482581e+03, -5.0000000000e+01, 1.7513735899e+09
8.9040000000e+09, -1.8259587884e-01, -2.2273062170e-01, -1.0811826420e+01, -1.6296024925e+03, -5.0000000000e+01, 1.7513735899e+09
8.9120000000e+09, -2.0356883109e-01, 1.9865696132e-01, -1.0920254039e+01, -1.6312597743e+03, -5.0000000000e+01, 1.7513735899e+09
8.9200000000e+09, 2.1754413843e-01, 1.8566907942e-01, -1.0872548768e+01, -1.6329216703e+03, -5.0000000000e+01, 1.7513735899e+09
8.9280000000e+09, 1.6531251371e-01, -2.3248334229e-01, -1.0894997569e+01, -1.6345808576e+03, -5.0000000000e+01, 1.7513735899e+09
8.9360000000e+09, -2.4518866837e-01, -1.3507144153e-01, -1.1058957218e+01, -1.6362662480e+03, -5.0000000000e+01, 1.7513735899e+09
8.9440000000e+09, -1.3818381727e-01, 2.4019689858e-01, -1.1146991927e+01, -1.6378185137e+03, -5.0000000000e+01, 1.7513735899e+09
8.9520000000e+09, 2.6335254312e-01, 1.1253422499e-01, -1.0860881047e+01, -1.6395075362e+03, -5.0000000000e+01, 1.7513735899e+09
8.9600000000e+09, 8.5423842073e-02, -2.6951774955e-01, -1.0972518824e+01, -1.6411752270e+03, -5.0000000000e+01, 1.7513735899e+09
8.9680000000e+09, -2.7904546261e-01, -6.4379110932e-02, -1.0861276800e+01, -1.6428262134e+03, -5.0000000000e+01, 1.7513735899e+09
8.9760000000e+09, -4.1694160551e-02, 2.8368788958e-01, -1.0850372030e+01, -1.6444778269e+03, -5.0000000000e+01, 1.7513735899e+09
8.9840000000e+09, 2.8260201216e-01, 1.7330273986e-02, -1.0960193439e+01, -1.6461333032e+03, -5.0000000000e+01, 1.7513735899e+09
8.9920000000e+09, -5.9934565797e-03, -2.8176087141e-01, -1.1000421740e+01, -1.6477866150e+03, -5.0000000000e+01, 1.7513735899e+09
9.0000000000e+09, -2.8440052271e-01, 3.0517799780e-02, -1.0871671002e+01, -1.6494430398e+03, -5.0000000000e+01, 1.7513735899e+09

